timestamp,timestamp_sample,states[0],states[1],states[2],states[3],states[4],states[5],states[6],states[7],states[8],states[9],states[10],states[11],states[12],states[13],states[14],states[15],states[16],states[17],states[18],states[19],states[20],states[21],states[22],states[23],covariances[0],covariances[1],covariances[2],covariances[3],covariances[4],covariances[5],covariances[6],covariances[7],covariances[8],covariances[9],covariances[10],covariances[11],covariances[12],covariances[13],covariances[14],covariances[15],covariances[16],covariances[17],covariances[18],covariances[19],covariances[20],covariances[21],covariances[22],covariances[23],n_states
6971748000,6971668000,0.86471593,-0.0065797153,-0.0032596719,-0.5022076,-0.0018243571,0.0017506111,-0.0040691127,-0.6457867,-1.3864113,0.110595085,-7.697828e-06,3.6315844e-06,3.3287854e-06,-2.3584776e-05,-2.1743659e-05,0.00047958692,0.19971718,-0.017213298,0.48633862,0.0002858468,-0.00017570842,0.0018279147,0.0,0.0,2.2020913e-05,3.3958502e-06,3.3984704e-06,6.4452805e-05,0.000207483,0.00020748682,0.00021821063,0.0035905617,0.0035905496,0.010444245,8.925092e-12,8.923449e-12,2.5736642e-11,5.006515e-08,5.0065132e-08,5.0000885e-08,0.0,0.0,0.0,0.0,0.0,0.0,0.0,0.0,24
6972756000,6972676000,0.8649172,-0.006592459,-0.0034801292,-0.50185937,0.0009549936,2.6096677e-06,0.0007283161,-0.64582574,-1.3865981,0.11177127,-7.727872e-06,3.7326838e-06,3.1989557e-06,-2.3528968e-05,-2.169527e-05,0.0004682599,0.19971718,-0.017213298,0.48633862,0.0002858468,-0.00017570842,0.0018279147,0.0,0.0,2.2002961e-05,3.3744163e-06,3.3768683e-06,6.4419146e-05,0.00017038647,0.000170389,0.00017800064,0.003530104,0.0035300916,0.010289198,8.907916e-12,8.906194e-12,2.5589874e-11,5.006931e-08,5.006927e-08,5.0000555e-08,0.0,0.0,0.0,0.0,0.0,0.0,0.0,0.0,24
6973756000,6973676000,0.8649945,-0.0069220997,-0.0033947076,-0.50172204,0.00042369642,-0.0017346886,0.00026126893,-0.6457942,-1.386925,0.11118396,-7.663206e-06,3.7014645e-06,3.1564177e-06,-2.3534316e-05,-2.1738715e-05,0.0005356166,0.19971718,-0.017213298,0.48633862,0.0002858468,-0.00017570842,0.0018279147,0.0,0.0,2.1892027e-05,3.3519343e-06,3.354848e-06,6.4109845e-05,0.00012567923,0.0001256792,0.00013000982,0.003484021,0.003484009,0.010147383,8.887688e-12,8.886204e-12,2.5399453e-11,5.007365e-08,5.0073623e-08,5.0000555e-08,0.0,0.0,0.0,0.0,0.0,0.0,0.0,0.0,24
6974756000,6974676000,0.8649991,-0.0066688224,-0.0033435652,-0.50171787,0.0009096988,3.713702e-05,0.0049764137,-0.6457309,-1.3868165,0.11127326,-7.774901e-06,3.7055229e-06,3.0780163e-06,-2.3552859e-05,-2.166938e-05,0.0005864639,0.19971718,-0.017213298,0.48633862,0.0002858468,-0.00017570842,0.0018279147,0.0,0.0,2.1880678e-05,3.327925e-06,3.3304643e-06,6.402144e-05,8.251068e-05,8.251155e-05,8.4507636e-05,0.0034395857,0.0034395745,0.010009906,8.866954e-12,8.865414e-12,2.5261909e-11,5.0077926e-08,5.0077826e-08,5.000037e-08,0.0,0.0,0.0,0.0,0.0,0.0,0.0,0.0,24
6975756000,6975676000,0.8650113,-0.0067848326,-0.0034831879,-0.5016947,-0.0009126438,1.9659079e-05,0.0016103755,-0.6457292,-1.386852,0.11118567,-7.72411e-06,3.9286556e-06,3.0634214e-06,-2.3389299e-05,-2.167166e-05,0.0006047686,0.19971718,-0.017213298,0.48633862,0.0002858468,-0.00017570842,0.0018279147,0.0,0.0,2.185385e-05,3.3025356e-06,3.3051535e-06,6.39442e-05,4.0994026e-05,4.099442e-05,4.150436e-05,0.003396606,0.0033965954,0.00987645,8.846238e-12,8.844391e-12,2.5130141e-11,5.008204e-08,5.0081947e-08,5.0000185e-08,0.0,0.0,0.0,0.0,0.0,0.0,0.0,0.0,24
6976748000,6976668000,0.86509335,-0.0064353887,-0.0034843278,-0.50155747,-0.0014072206,0.004114038,-0.0010417779,-0.64644855,-1.386126,0.1108965,-7.639931e-06,4.0492705e-06,2.9874584e-06,-2.3313554e-05,-2.171492e-05,0.00061349745,0.19971718,-0.017213298,0.48633862,0.0002858468,-0.00017570842,0.0018279147,0.0,0.0,2.1819833e-05,3.6583883e-06,3.6607282e-06,6.383908e-05,0.00080345257,0.0008034837,0.0009007583,0.0034446758,0.003444669,0.009846468,9.140489e-12,9.138633e-12,2.5000923e-11,5.0086488e-08,5.0086395e-08,5.00012e-08,0.0,0.0,0.0,0.0,0.0,0.0,0.0,0.0,24
6977756000,6977676000,0.86362255,-0.0042248727,-0.002820876,-0.50411344,-0.011494232,0.050967302,-0.92246306,-0.65789694,-1.3599081,-0.10144022,-7.6433025e-06,4.0867794e-06,2.9893924e-06,-2.3037655e-05,-2.172838e-05,0.00060639816,0.19971718,-0.017213298,0.48633862,0.0002858468,-0.00017570842,0.0018279147,0.0,0.0,2.2018668e-05,4.2569163e-06,4.2576044e-06,6.357461e-05,0.0031764386,0.0031759841,0.0035011931,0.0054426617,0.0054426515,0.012186275,9.596289e-12,9.5944225e-12,2.4886437e-11,5.0088392e-08,5.00883e-08,5.0000146e-08,0.0,0.0,0.0,0.0,0.0,0.0,0.0,0.0,24
6978756000,6978676000,0.86465406,-0.0072575016,-0.002109383,-0.5023108,0.006937263,-0.010125509,-0.90141034,-0.6543003,-1.3478115,-1.3719577,-7.675293e-06,4.1055837e-06,2.911322e-06,-2.2908638e-05,-2.1333082e-05,0.0006097281,0.19758424,-0.017029451,0.48753613,0.0002858468,-0.00017570842,0.0018279147,0.0,0.0,0.0005845879,4.6565874e-06,4.7685658e-06,0.001734472,0.005829944,0.0058298865,0.00694745,0.013325864,0.013326074,0.022135152,9.889592e-12,9.887812e-12,2.4818335e-11,5.006684e-08,5.0066806e-08,5e-08,0.0,0.0,0.0,0.0,0.0,0.0,0.0,0.0,24
6979748000,6979668000,0.8655014,-0.006666931,-0.0010248839,-0.500861,-0.0024050113,-0.005396141,-0.33958903,-0.64922506,-1.3605347,-1.9387255,-7.676863e-06,4.133404e-06,2.9116054e-06,-2.3140694e-05,-2.119597e-05,0.0006138072,0.19758424,-0.017029451,0.48753613,0.0002858468,-0.00017570842,0.0018279147,0.0,0.0,0.00023901442,5.0192616e-06,5.060112e-06,0.00071082875,0.0071734064,0.007173901,0.010253585,0.025688404,0.02568894,0.043206938,1.0156054e-11,1.0154348e-11,2.532592e-11,5.0000626e-08,5.0000626e-08,5.0000185e-08,0.0,0.0,0.0,0.0,0.0,0.0,0.0,0.0,24
6980748000,6980668000,0.8659119,-0.005883257,0.00026762366,-0.5001621,-0.005907643,0.006882912,0.0954777,-0.6520662,-1.3662152,-2.1108334,-7.673871e-06,4.1531493e-06,2.9116627e-06,-2.3975424e-05,-1.870462e-05,0.0006072452,0.19758424,-0.017029451,0.48753613,0.0002858468,-0.00017570842,0.0018279147,0.0,0.0,0.00014630702,5.0590197e-06,5.078533e-06,0.00043590573,0.010590171,0.010590105,0.012639429,0.039883498,0.039884154,0.07308531,1.0495421e-11,1.04937465e-11,2.5836193e-11,5.00014e-08,5.00014e-08,5e-08,0.0,0.0,0.0,0.0,0.0,0.0,0.0,0.0,24
6981748000,6981668000,0.8617416,0.05995252,0.03926738,-0.50226015,-0.006112437,0.3787562,-0.38671526,-0.6504632,-1.2954477,-2.1793675,-7.658339e-06,4.221775e-06,2.9171588e-06,-3.5326466e-05,-1.33897465e-05,0.0005947764,0.19758424,-0.017029451,0.48753613,0.0002858468,-0.00017570842,0.0018279147,0.0,0.0,0.0001080657,5.1403567e-06,5.999969e-06,0.00031741717,0.011731047,0.011532219,0.01296097,0.04790576,0.04790512,0.09979792,1.0859594e-11,1.0857862e-11,2.634436e-11,5.000051e-08,5.0000406e-08,5.0000075e-08,0.0,0.0,0.0,0.0,0.0,0.0,0.0,0.0,24
6982756000,6982676000,0.8479892,0.12827745,0.083309114,-0.5074631,0.0035879794,1.8081291,-0.69208145,-0.62780416,-0.2235821,-2.763384,-7.65999e-06,4.304025e-06,2.9218145e-06,-5.1547722e-05,-1.2575862e-05,0.0005919761,0.19716273,-0.016992865,0.48665267,0.00026185616,-0.0006315965,0.00095009827,0.0,0.0,8.563603e-05,6.1193423e-06,8.773479e-06,0.00023921256,0.013992433,0.012067188,0.013242853,0.057345435,0.05731562,0.1264878,1.1291659e-11,1.1287965e-11,2.6854534e-11,5.0000573e-08,5.000059e-08,5.000011e-08,0.0014902217,2.6500196e-05,0.0015003752,0.0010936264,0.0013210514,0.0014425466,0.0,0.0,24
6983748000,6983668000,0.844863,0.120426685,0.08768197,-0.5138247,-0.02082317,2.4226456,-0.69106615,-0.5892461,1.9516428,-3.4866629,-7.719214e-06,4.3397054e-06,2.9188757e-06,-5.764286e-05,-2.2482669e-05,0.0006041793,0.19694883,-0.016976122,0.48715487,0.0001718227,-0.0008842196,0.001515716,0.0,0.0,8.164326e-05,5.8477544e-06,7.1624268e-06,0.00022198634,0.012947624,0.011870466,0.013220957,0.06423742,0.06410177,0.14609912,1.17302565e-11,1.1720208e-11,2.7361646e-11,5.0000036e-08,5.0000036e-08,5.000011e-08,0.0012787773,2.4576471e-05,0.0012876188,0.0005880796,0.0009892307,0.0011913194,0.0,0.0,24
6984756000,6984676000,0.8422427,0.11508352,0.0855578,-0.5196757,-0.05043914,2.5257282,-0.6466326,-0.6192013,4.482958,-4.2017994,-7.757915e-06,4.3102896e-06,2.9121866e-06,-5.650793e-05,-2.5035899e-05,0.00062533206,0.19707312,-0.016989943,0.4869386,0.0006135131,-0.0009159691,0.0014454935,0.0,0.0,8.105398e-05,5.6630965e-06,6.6240764e-06,0.00021431132,0.011742628,0.011671402,0.0133213615,0.069648,0.069501325,0.1607564,1.21596925e-11,1.2139868e-11,2.7862991e-11,5.000004e-08,5.000004e-08,5.0000107e-08,0.001260325,2.4125486e-05,0.0012688333,0.0005345285,0.00096277334,0.0011725338,0.0,0.0,24
6985748000,6985668000,0.83801585,0.11224651,0.08273966,-0.5275266,-0.030692399,2.5076087,-0.637018,-0.66592133,7.0103483,-4.9055114,-7.75975e-06,4.2370284e-06,2.9334244e-06,-5.724263e-05,-2.2947734e-05,0.00065524084,0.19695048,-0.01697813,0.48703754,0.0005724852,-0.0010959139,0.001516733,0.0,0.0,8.336387e-05,5.629187e-06,6.57965e-06,0.00021196029,0.010077714,0.010040045,0.012660547,0.0651168,0.06504764,0.16338441,1.2495098e-11,1.246713e-11,2.8311868e-11,5.0000036e-08,5.000024e-08,5.0000036e-08,0.0012514349,2.3780463e-05,0.0012611293,0.000509282,0.0009561286,0.0011664175,0.0,0.0,24
6986756000,6986676000,0.8330036,0.11192304,0.0819344,-0.5355979,-8.892096e-05,2.4774854,-0.6469809,-0.6922795,9.535286,-5.604947,-7.7482e-06,4.168737e-06,2.9564364e-06,-5.930197e-05,-1.978079e-05,0.0006798079,0.19699067,-0.016982663,0.48709276,0.0007322073,-0.0010868754,0.0015786929,0.0,0.0,7.724259e-05,5.8341557e-06,6.799567e-06,0.00018825954,0.010389231,0.010119322,0.012939271,0.067650236,0.0676364,0.16963387,1.2771289e-11,1.2741165e-11,2.8692177e-11,5.0000036e-08,5.0000036e-08,5.0000036e-08,0.0,0.0,0.0,0.0,0.0,0.0,0.0,0.0,24
6987756000,6987676000,0.8277304,0.11214971,0.084700905,-0.5432409,0.008691807,2.476379,-0.6475446,-0.70067704,12.034593,-6.330009,-7.734772e-06,4.0506643e-06,2.9978523e-06,-6.421961e-05,-1.5156147e-05,0.00071614474,0.19699067,-0.016982663,0.48709276,0.0007322073,-0.0010868754,0.0015786929,0.0,0.0,6.740935e-05,6.141961e-06,7.0019782e-06,0.00015772769,0.010672037,0.010302669,0.0132258115,0.06955286,0.06955324,0.17304999,1.2953823e-11,1.2915584e-11,2.9012322e-11,5e-08,5e-08,5e-08,0.0,0.0,0.0,0.0,0.0,0.0,0.0,0.0,24
6988756000,6988676000,0.8228977,0.11211123,0.084737115,-0.5505362,0.016928287,2.4611804,-0.6466581,-0.7005727,14.517737,-7.0266824,-7.715469e-06,3.9728156e-06,3.0195722e-06,-6.862199e-05,-1.2432046e-05,0.00074169924,0.19699067,-0.016982663,0.48709276,0.0007322073,-0.0010868754,0.0015786929,0.0,0.0,6.0109167e-05,6.398455e-06,7.2642797e-06,0.0001352135,0.011131725,0.01075796,0.013588412,0.071784265,0.0717523,0.1753805,1.3060307e-11,1.3003325e-11,2.930912e-11,5e-08,5.0000025e-08,5e-08,0.0,0.0,0.0,0.0,0.0,0.0,0.0,0.0,24
6989756000,6989676000,0.81808,0.11174085,0.0857712,-0.55758625,0.015183281,2.4713094,-0.6473039,-0.6944448,16.99984,-7.7331038,-7.681897e-06,3.9214005e-06,3.0313915e-06,-7.387004e-05,-1.038244e-05,0.0007670472,0.19699067,-0.016982663,0.48709276,0.0007322073,-0.0010868754,0.0015786929,0.0,0.0,5.4659566e-05,6.6591115e-06,7.5042526e-06,0.0001182575,0.011545219,0.011259713,0.013928643,0.07397579,0.07389957,0.17713855,1.30820615e-11,1.299467e-11,2.958291e-11,5.0000075e-08,5.0000075e-08,5.0000075e-08,0.0,0.0,0.0,0.0,0.0,0.0,0.0,0.0,24
6990756000,6990676000,0.8149232,0.110065654,0.08567897,-0.56253433,0.0074922442,2.4806075,-0.6585641,-0.6903402,19.496181,-8.43587,-7.6532515e-06,3.869708e-06,3.051214e-06,-7.801157e-05,-8.8743e-06,0.00078817847,0.19699067,-0.016982663,0.48709276,0.0007322073,-0.0010868754,0.0015786929,0.0,0.0,5.0061175e-05,6.641189e-06,7.4692225e-06,0.00010552373,0.0102975285,0.010148215,0.013274038,0.06760773,0.06755796,0.17325549,1.2872381e-11,1.2732208e-11,2.977996e-11,5.0000036e-08,5.000008e-08,5.0000036e-08,0.0,0.0,0.0,0.0,0.0,0.0,0.0,0.0,24
6991748000,6991668000,0.81031805,0.10842338,0.0882189,-0.5690752,0.006925334,2.501989,-0.6759716,-0.68251795,21.970524,-9.151694,-7.623033e-06,3.873311e-06,3.0482006e-06,-8.219825e-05,-8.126898e-06,0.0008099186,0.19699067,-0.016982663,0.48709276,0.0007322073,-0.0010868754,0.0015786929,0.0,0.0,4.6635992e-05,6.788832e-06,7.509498e-06,9.486536e-05,0.010549681,0.010467246,0.013457193,0.0690669,0.069007166,0.17401552,1.2750406e-11,1.2563882e-11,3.0009824e-11,5e-08,5e-08,5.000015e-08,0.0,0.0,0.0,0.0,0.0,0.0,0.0,0.0,24
6992748000,6992668000,0.80687743,0.108130865,0.08899874,-0.5738779,0.0016303201,2.490341,-0.66968733,-0.6810022,24.462532,-9.866055,-7.576443e-06,3.9191714e-06,3.0513177e-06,-8.548446e-05,-7.981268e-06,0.0008287386,0.19699067,-0.016982663,0.48709276,0.0007322073,-0.0010868754,0.0015786929,0.0,0.0,4.3961085e-05,6.8603017e-06,7.561564e-06,8.713531e-05,0.010846097,0.010796756,0.013647998,0.07081516,0.070754535,0.17529842,1.2612396e-11,1.2377281e-11,3.023932e-11,5.000011e-08,5.000011e-08,5.000011e-08,0.0,0.0,0.0,0.0,0.0,0.0,0.0,0.0,24
6993748000,6993668000,0.8033444,0.10892445,0.08926908,-0.5786228,0.003671393,2.5071416,-0.66397715,-0.6846705,26.95105,-10.5732,-7.4806026e-06,4.007878e-06,3.0689912e-06,-8.783668e-05,-8.844477e-06,0.00084298494,0.19699067,-0.016982663,0.48709276,0.0007322073,-0.0010868754,0.0015786929,0.0,0.0,4.1816907e-05,6.9209373e-06,7.637975e-06,8.075932e-05,0.01133493,0.0113098575,0.013867361,0.07317849,0.07312154,0.1765984,1.2499912e-11,1.2218191e-11,3.047377e-11,5.000011e-08,5.000011e-08,5.000011e-08,0.0,0.0,0.0,0.0,0.0,0.0,0.0,0.0,24
6994756000,6994676000,0.7989945,0.10720129,0.09020517,-0.5847895,0.0079839965,2.5083745,-0.6727266,-0.6872634,29.461172,-11.301149,-7.3568776e-06,4.1480794e-06,3.0956642e-06,-9.020999e-05,-1.0315559e-05,0.000863438,0.19699067,-0.016982663,0.48709276,0.0007322073,-0.0010868754,0.0015786929,0.0,0.0,4.0061626e-05,6.7113956e-06,7.3396404e-06,7.488572e-05,0.010161021,0.010149146,0.013168518,0.06725561,0.06722278,0.17332941,1.2215829e-11,1.1869775e-11,3.0642468e-11,5e-08,5e-08,5.000018e-08,0.0,0.0,0.0,0.0,0.0,0.0,0.0,0.0,24
6995756000,6995676000,0.8039177,0.037713353,0.04054098,-0.5921576,0.007109437,2.0379157,-0.5765564,-0.68821305,31.8339,-11.97499,-7.261145e-06,4.211781e-06,3.0858916e-06,-9.172433e-05,-1.1703175e-05,0.00087679113,0.19699067,-0.016982663,0.48709276,0.0007322073,-0.0010868754,0.0015786929,0.0,0.0,3.90096e-05,6.0159027e-06,6.092084e-06,7.185135e-05,0.01038201,0.010295068,0.013297028,0.06870769,0.068675674,0.17446409,1.2107569e-11,1.1700292e-11,3.0842086e-11,5.0000075e-08,5.0000075e-08,5.000025e-08,0.0,0.0,0.0,0.0,0.0,0.0,0.0,0.0,24
6996756000,6996676000,0.8032077,-0.024729244,-0.0077446117,-0.5951352,0.0018704005,0.62316567,-0.1945846,-0.71810734,33.134853,-12.379813,-7.07116e-06,4.2242027e-06,3.1979482e-06,-9.274723e-05,-1.3401748e-05,0.0008938557,0.19765544,-0.01706378,0.48607814,0.0015734751,-0.0011740297,0.0005538492,0.0,0.0,3.703926e-05,5.826404e-06,5.8348314e-06,6.737549e-05,0.011158473,0.010469308,0.013435589,0.07060608,0.07052171,0.1734095,1.2105931e-11,1.1583203e-11,3.093741e-11,5e-08,5.000009e-08,5e-08,0.00090980117,2.0973384e-05,0.00093655236,0.00041996935,0.0007516259,0.00088882504,0.0,0.0,24
6997756000,6997676000,0.8015641,-0.013645658,-0.0081989905,-0.59769696,0.040200677,0.030905584,-0.058683194,-0.7679057,33.353195,-12.493856,-6.720928e-06,4.342256e-06,3.4636669e-06,-9.229143e-05,-1.5881622e-05,0.0008914366,0.19866608,-0.017151825,0.4861396,0.0017437895,-0.00044126238,0.0006156672,0.0,0.0,3.6423622e-05,5.835803e-06,5.9246518e-06,6.562213e-05,0.011223067,0.01085672,0.01383106,0.07257963,0.072406024,0.17714253,1.216335e-11,1.1480752e-11,3.112304e-11,5.000015e-08,5.000015e-08,5.000015e-08,0.00056248036,1.7674856e-05,0.0006463925,0.0001832993,0.0005021446,0.00063945004,0.0,0.0,24
6998756000,6998676000,0.8009076,-0.011032402,-0.0005178093,-0.5986862,-0.002184972,-0.04226477,0.03470785,-0.77732533,33.295345,-12.501411,-6.4566257e-06,4.5407e-06,3.5876444e-06,-9.116687e-05,-1.8193006e-05,0.00089041336,0.19900168,-0.017181188,0.48628196,0.0017951858,-0.00027126586,0.000765322,0.0,0.0,3.6763344e-05,5.688799e-06,5.8287746e-06,6.611069e-05,0.009846521,0.009878432,0.013259463,0.06676809,0.0666649,0.17117293,1.2074922e-11,1.124217e-11,3.1454787e-11,5.000004e-08,5.0000214e-08,5.000004e-08,0.0005362558,1.715477e-05,0.0006263838,0.00014473285,0.00047887102,0.00062241766,0.0,0.0,24
6999756000,6999676000,0.8010992,-0.0016815128,1.9510138e-05,-0.5985293,0.013479062,0.026638603,0.0017214636,-0.78866655,33.250004,-12.478315,-6.344299e-06,4.715703e-06,3.6099918e-06,-9.0488014e-05,-1.9037163e-05,0.00088632194,0.19899161,-0.017180026,0.48612386,0.0018227614,-0.0003065673,0.0007058308,0.0,0.0,3.7526188e-05,5.666923e-06,5.9285976e-06,6.74652e-05,0.010179347,0.010178021,0.0136568565,0.068289466,0.06823368,0.17473096,1.1981724e-11,1.1126936e-11,3.1924217e-11,5.000022e-08,5.0000374e-08,5.000022e-08,0.0005265397,1.681367e-05,0.0006183263,0.00012872003,0.00046979956,0.0006156357,0.0,0.0,24
7000756000,7000676000,0.8010351,-0.0021458801,-0.00071511423,-0.5986132,0.026942203,0.062290926,-0.011810289,-0.7697039,33.27156,-12.474116,-6.312279e-06,4.864478e-06,3.6378817e-06,-9.194121e-05,-1.831074e-05,0.00087298336,0.19905023,-0.017183661,0.48619145,0.0017617481,-0.00020721747,0.00073995104,0.0,0.0,3.674519e-05,5.612033e-06,5.865918e-06,6.59901e-05,0.010571872,0.010414302,0.013917963,0.069806844,0.069804795,0.17571536,1.1804273e-11,1.1016073e-11,3.228547e-11,5.0000185e-08,5.0000185e-08,5.0000207e-08,0.0,0.0,0.0,0.0,0.0,0.0,0.0,0.0,24
7001756000,7001676000,0.80069095,-0.003012552,0.0004143283,-0.59906995,0.0068013184,0.057665505,-0.029769279,-0.7313174,33.310143,-12.476568,-6.440136e-06,5.0181948e-06,3.6749402e-06,-9.302857e-05,-1.6256377e-05,0.00086046377,0.19905023,-0.017183661,0.48619145,0.0017617481,-0.00020721747,0.00073995104,0.0,0.0,3.5227342e-05,5.59881e-06,5.816103e-06,6.311825e-05,0.011063933,0.010804684,0.014149521,0.07189505,0.071905375,0.17466064,1.1632046e-11,1.09446705e-11,3.255305e-11,5.0000036e-08,5.0000192e-08,5.0000036e-08,0.0,0.0,0.0,0.0,0.0,0.0,0.0,0.0,24
7002756000,7002676000,0.8007771,-0.0078576915,-0.0002581441,-0.5989109,-0.029329661,0.027589513,-0.038059533,-0.7109007,33.362484,-12.475649,-6.6283133e-06,5.044048e-06,3.677396e-06,-9.640739e-05,-1.3703492e-05,0.000843074,0.19905023,-0.017183661,0.48619145,0.0017617481,-0.00020721747,0.00073995104,0.0,0.0,3.3847748e-05,5.5804726e-06,5.7490583e-06,6.0651637e-05,0.011465376,0.011194317,0.014441191,0.07408529,0.07406757,0.17620784,1.1473953e-11,1.08904335e-11,3.2788248e-11,5.0000036e-08,5.0000203e-08,5.0000036e-08,0.0,0.0,0.0,0.0,0.0,0.0,0.0,0.0,24
7003756000,7003676000,0.80044985,-0.007064774,0.00038623385,-0.599358,-0.03441325,-0.005037534,-0.045254633,-0.7008966,33.378075,-12.468268,-6.8832624e-06,5.0841454e-06,3.7229515e-06,-0.000100384415,-1.0578344e-05,0.0008214806,0.19905023,-0.017183661,0.48619145,0.0017617481,-0.00020721747,0.00073995104,0.0,0.0,3.2533542e-05,5.338121e-06,5.4937245e-06,5.813845e-05,0.010172698,0.0099835675,0.013775393,0.067675196,0.06765787,0.17490432,1.1166217e-11,1.06975834e-11,3.2962473e-11,5e-08,5.0000157e-08,5.0000217e-08,0.0,0.0,0.0,0.0,0.0,0.0,0.0,0.0,24
7004756000,7004676000,0.8005568,-0.007939293,-0.0010502088,-0.5992034,-0.034245927,-0.00830005,-0.0364379,-0.70345753,33.388187,-12.478233,-7.1101003e-06,5.0687363e-06,3.7561022e-06,-0.00010348012,-8.424278e-06,0.0008062369,0.19905023,-0.017183661,0.48619145,0.0017617481,-0.00020721747,0.00073995104,0.0,0.0,3.1602827e-05,5.328948e-06,5.4779302e-06,5.6482793e-05,0.010414782,0.010252255,0.013988015,0.06938612,0.06934725,0.17606334,1.1049403e-11,1.065957e-11,3.3142728e-11,5.0000075e-08,5.0000228e-08,5.0000253e-08,0.0,0.0,0.0,0.0,0.0,0.0,0.0,0.0,24
7005748000,7005668000,0.80089104,-0.008856893,-0.00022645459,-0.59874475,-0.03487621,-0.014127294,-0.034133397,-0.7096518,33.38498,-12.481372,-7.290958e-06,5.0725434e-06,3.754959e-06,-0.0001060259,-6.814471e-06,0.0007927435,0.19905023,-0.017183661,0.48619145,0.0017617481,-0.00020721747,0.00073995104,0.0,0.0,3.082e-05,5.3295817e-06,5.4692396e-06,5.516401e-05,0.010604623,0.0104738325,0.014077081,0.07082655,0.07077286,0.17438994,1.0949923e-11,1.0626353e-11,3.3298832e-11,5.0000075e-08,5.0000274e-08,5.0000075e-08,0.0,0.0,0.0,0.0,0.0,0.0,0.0,0.0,24
7006756000,7006676000,0.80094916,-0.0071533434,-0.00064289547,-0.5986895,-0.034823492,-0.012298611,-0.047036864,-0.73450446,33.37585,-12.478247,-7.3619017e-06,5.0560943e-06,3.7172342e-06,-0.00010869457,-5.896894e-06,0.0007757071,0.19905023,-0.017183661,0.48619145,0.0017617481,-0.00020721747,0.00073995104,0.0,0.0,3.0266381e-05,5.38697e-06,5.529373e-06,5.4112745e-05,0.011118424,0.011007845,0.014410309,0.073444754,0.073375,0.17650908,1.0903845e-11,1.0633798e-11,3.344782e-11,5.000011e-08,5.000083e-08,5.000011e-08,0.0,0.0,0.0,0.0,0.0,0.0,0.0,0.0,24
7007756000,7007676000,0.80089545,-0.007018061,0.0001683997,-0.5987632,-0.0071588843,-0.012477634,-0.04629969,-0.7417212,33.373135,-12.455005,-7.4583395e-06,5.0198137e-06,3.691671e-06,-0.00011243403,-4.7022895e-06,0.00074567617,0.19905023,-0.017183661,0.48619145,0.0017617481,-0.00020721747,0.00073995104,0.0,0.0,2.9813573e-05,5.2075557e-06,5.342644e-06,5.3228974e-05,0.009935383,0.009867493,0.013664911,0.06723202,0.067189984,0.17280672,1.070295e-11,1.0489573e-11,3.3557702e-11,5.0000036e-08,5.0000345e-08,5.0000036e-08,0.0,0.0,0.0,0.0,0.0,0.0,0.0,0.0,24
7008756000,7008676000,0.80106384,-0.0041453135,-3.9845483e-05,-0.5985645,-0.0048814816,-0.0057784365,-0.060672067,-0.76319534,33.370663,-12.436581,-7.4072586e-06,4.936358e-06,3.5580658e-06,-0.000115603456,-4.524999e-06,0.0007145596,0.19905023,-0.017183661,0.48619145,0.0017617481,-0.00020721747,0.00073995104,0.0,0.0,2.9382938e-05,5.2211585e-06,5.3589347e-06,5.2398016e-05,0.010141216,0.010086343,0.013833355,0.06865818,0.06861612,0.1739279,1.06465375e-11,1.0471818e-11,3.3640615e-11,5.000004e-08,5.0000445e-08,5.000004e-08,0.0,0.0,0.0,0.0,0.0,0.0,0.0,0.0,24
7009756000,7009676000,0.80108815,-0.0054430678,-0.0009543489,-0.59852093,0.011577977,-0.0036800199,-0.066592105,-0.77491546,33.38585,-12.458649,-7.3437927e-06,4.804214e-06,3.469039e-06,-0.0001175375,-4.8728316e-06,0.00069316366,0.19905023,-0.017183661,0.48619145,0.0017617481,-0.00020721747,0.00073995104,0.0,0.0,2.9150619e-05,5.2593864e-06,5.392958e-06,5.1922507e-05,0.010475202,0.010431,0.014055714,0.07056722,0.07052526,0.17503376,1.061596e-11,1.0472793e-11,3.3732652e-11,5e-08,5.0000498e-08,5e-08,0.0,0.0,0.0,0.0,0.0,0.0,0.0,0.0,24
7010748000,7010668000,0.801269,-0.0076205474,-0.00049343077,-0.5982557,0.020031882,-0.024026398,-0.052611865,-0.77669406,33.393917,-12.473374,-7.285196e-06,4.6625405e-06,3.3234642e-06,-0.000119318334,-5.290059e-06,0.0006710601,0.19905023,-0.017183661,0.48619145,0.0017617481,-0.00020721747,0.00073995104,0.0,0.0,2.897156e-05,5.2893633e-06,5.4198545e-06,5.157096e-05,0.010725978,0.010691612,0.014234864,0.07215703,0.072118305,0.17574695,1.0586855e-11,1.0470051e-11,3.3805375e-11,5.0000036e-08,5.000054e-08,5.0000036e-08,0.0,0.0,0.0,0.0,0.0,0.0,0.0,0.0,24
7011748000,7011668000,0.80097616,-0.0044073905,-0.0025700738,-0.5986746,0.023388684,-0.025720699,-0.04685173,-0.80204016,33.385403,-12.460997,-7.092012e-06,4.5134343e-06,3.1414572e-06,-0.000120504264,-6.154003e-06,0.00064600847,0.19905023,-0.017183661,0.48619145,0.0017617481,-0.00020721747,0.00073995104,0.0,0.0,2.892601e-05,5.1534357e-06,5.284416e-06,5.1270366e-05,0.009726407,0.009702158,0.0135537395,0.066434756,0.06641154,0.17222373,1.0454044e-11,1.0363388e-11,3.3857944e-11,5.000011e-08,5.0000423e-08,5.000011e-08,0.0,0.0,0.0,0.0,0.0,0.0,0.0,0.0,24
7012756000,7012676000,0.8010804,-0.0033111763,-0.0015193898,-0.59854585,0.033291884,-0.020535247,-0.046270363,-0.8128624,33.375904,-12.473603,-6.9029684e-06,4.3771097e-06,2.979652e-06,-0.000121147816,-7.02104e-06,0.0006289789,0.19905023,-0.017183661,0.48619145,0.0017617481,-0.00020721747,0.00073995104,0.0,0.0,2.888328e-05,5.1854013e-06,5.317086e-06,5.1144245e-05,0.010004661,0.0099825505,0.013787344,0.06818204,0.0681601,0.17391133,1.0437783e-11,1.0364857e-11,3.3900438e-11,5.0000075e-08,5.0000512e-08,5.0000075e-08,0.0,0.0,0.0,0.0,0.0,0.0,0.0,0.0,24
7013756000,7013676000,0.80104697,-0.005709151,0.0025868216,-0.59856874,0.009836719,0.004970575,-0.000832059,-0.8077488,33.37951,-12.4590025,-6.7829224e-06,4.263373e-06,2.8179177e-06,-0.000121762285,-7.5714106e-06,0.00061497005,0.19905023,-0.017183661,0.48619145,0.0017617481,-0.00020721747,0.00073995104,0.0,0.0,2.888625e-05,5.2166615e-06,5.345951e-06,5.105979e-05,0.010233084,0.010210944,0.013966113,0.06973327,0.06971215,0.17491667,1.0424767e-11,1.03666286e-11,3.391784e-11,5.000018e-08,5.0000587e-08,5.0000075e-08,0.0,0.0,0.0,0.0,0.0,0.0,0.0,0.0,24
7014756000,7014676000,0.797717,0.05525621,-0.08264374,-0.5947811,0.5485743,-0.0025291308,-0.08572988,-0.70087135,33.380135,-12.449015,-6.496649e-06,4.2009947e-06,2.5707814e-06,-0.000121904915,-8.533927e-06,0.0005943874,0.19905023,-0.017183661,0.48619145,0.0017617481,-0.00020721747,0.00073995104,0.0,0.0,2.8553159e-05,5.725517e-06,5.6316517e-06,5.0394014e-05,0.010682836,0.010743339,0.014208133,0.07181241,0.07179302,0.17624402,1.0432013e-11,1.0385142e-11,3.3874754e-11,5.0000256e-08,5.000064e-08,5.000015e-08,0.0,0.0,0.0,0.0,0.0,0.0,0.0,0.0,24
7015756000,7015676000,0.79268235,0.099025905,-0.13561796,-0.5860515,1.9572186,0.0051980754,-0.1455277,0.51192605,33.35042,-12.523903,-6.0871757e-06,4.2501124e-06,2.416987e-06,-0.0001194097,-1.1468787e-05,0.0005681278,0.19840187,-0.017220851,0.48612806,0.0025025273,-0.001891096,0.0010218346,0.0,0.0,2.7677897e-05,6.322261e-06,5.9733784e-06,4.9488353e-05,0.011154099,0.011726767,0.014332564,0.073961586,0.07399126,0.17758285,1.0435733e-11,1.0393784e-11,3.3747016e-11,5.0000235e-08,5.0000295e-08,5.000011e-08,0.0003493915,1.5141063e-05,0.00040924488,0.00010624532,0.00032474258,0.00040998086,0.0,0.0,24
7016756000,7016676000,0.79124004,0.09712506,-0.12591642,-0.59046686,2.487953,0.02896501,-0.055909544,2.7583263,33.303276,-12.57574,-5.771617e-06,4.509526e-06,2.5053744e-06,-0.00011671863,-1.4086765e-05,0.0005456851,0.19837314,-0.017276786,0.4866602,0.0030311337,-0.0025271312,0.0015966571,0.0,0.0,2.7932572e-05,5.689725e-06,5.580535e-06,4.9205566e-05,0.009978679,0.010131762,0.013519684,0.0675905,0.06760979,0.17374419,1.0315541e-11,1.0291875e-11,3.366029e-11,5e-08,5e-08,5.0000143e-08,0.00026421074,1.3749525e-05,0.00033240922,7.7453646e-05,0.00024647385,0.00033543925,0.0,0.0,24
7017756000,7017676000,0.7845707,0.098521784,-0.12178244,-0.5999262,2.5640845,0.070238814,-0.009647013,5.272556,33.306454,-12.587259,-5.5591854e-06,4.7191056e-06,2.4924843e-06,-0.00011537225,-1.5116071e-05,0.0005367879,0.19862808,-0.017314281,0.48672596,0.0032045299,-0.0024809537,0.0016195906,0.0,0.0,2.9741808e-05,5.557445e-06,5.538661e-06,5.0029335e-05,0.010275142,0.010134804,0.013713577,0.069287494,0.0692995,0.17467038,1.0329381e-11,1.0330091e-11,3.392609e-11,5.0000075e-08,5.0000075e-08,5.0000107e-08,0.00024785107,1.3240159e-05,0.000320145,6.715207e-05,0.00023037482,0.00032327697,0.0,0.0,24
7018748000,7018668000,0.7785943,0.09652449,-0.11626876,-0.6090612,2.5600119,0.06683831,0.008803635,7.7958794,33.343964,-12.587285,-5.339883e-06,4.832488e-06,2.401545e-06,-0.00011479148,-1.5078645e-05,0.0005353048,0.19858542,-0.017312564,0.48659337,0.0032359464,-0.002515773,0.00148227,0.0,0.0,3.1874726e-05,5.5004057e-06,5.5172422e-06,5.1303323e-05,0.010501281,0.010378537,0.013899624,0.07074699,0.07070247,0.17533489,1.0339204e-11,1.0358614e-11,3.4185838e-11,5.000004e-08,5.000004e-08,5.0000175e-08,0.00024081534,1.2904359e-05,0.00031489888,6.122989e-05,0.0002236795,0.00031796333,0.0,0.0,24
7019756000,7019676000,0.770397,0.098227106,-0.114998735,-0.6193667,2.556014,0.047097143,0.0030242945,10.327735,33.380898,-12.581446,-5.073616e-06,4.85437e-06,2.3052808e-06,-0.000115057024,-1.5017086e-05,0.0005327401,0.198655,-0.017316705,0.4865847,0.0032229468,-0.00244603,0.0014558303,0.0,0.0,3.346078e-05,5.5743053e-06,5.6057806e-06,5.100873e-05,0.011026544,0.0110630905,0.0142265335,0.073350996,0.07324673,0.17722934,1.0383624e-11,1.04186495e-11,3.4059002e-11,5.000011e-08,5.0000164e-08,5.000018e-08,0.0,0.0,0.0,0.0,0.0,0.0,0.0,0.0,24
7020756000,7020676000,0.76327395,0.042033397,-0.044611603,-0.64316094,2.0811124,0.032915816,0.0719267,12.699794,33.43645,-12.582519,-4.7632716e-06,4.676883e-06,2.358699e-06,-0.00011541088,-1.0751187e-05,0.0005449031,0.198655,-0.017316705,0.4865847,0.0032229468,-0.00244603,0.0014558303,0.0,0.0,3.511232e-05,5.1086117e-06,5.238247e-06,4.8856273e-05,0.009837525,0.010274359,0.013492024,0.067191154,0.06713004,0.17336152,1.0288038e-11,1.0349496e-11,3.3413158e-11,5.0000153e-08,5.000011e-08,5.000011e-08,0.0,0.0,0.0,0.0,0.0,0.0,0.0,0.0,24
7021748000,7021668000,0.75857854,-0.01543227,0.017288452,-0.65116954,0.6731599,0.024553115,0.031062748,14.02593,33.49617,-12.550802,-4.6223454e-06,4.451624e-06,2.57535e-06,-0.00011585083,-6.897914e-06,0.00055729155,0.198655,-0.017316705,0.4865847,0.0032229468,-0.00244603,0.0014558303,0.0,0.0,3.4058594e-05,5.2569135e-06,5.359658e-06,4.575417e-05,0.010012841,0.011447895,0.013624804,0.06833893,0.06833411,0.1761164,1.0297078e-11,1.0414308e-11,3.218642e-11,5.00002e-08,5.0000153e-08,5.000026e-08,0.0,0.0,0.0,0.0,0.0,0.0,0.0,0.0,24
7022756000,7022676000,0.74813914,-0.014537901,0.008842545,-0.66332376,0.04310717,-0.03524515,0.01339437,14.248057,33.53864,-12.55155,-4.3167506e-06,4.1264593e-06,2.8703457e-06,-0.00011842144,-3.4781872e-06,0.0005661144,0.198655,-0.017316705,0.4865847,0.0032229468,-0.00244603,0.0014558303,0.0,0.0,3.3429933e-05,5.1790307e-06,5.3071094e-06,4.2215666e-05,0.010324618,0.011322285,0.013705629,0.070010506,0.070154734,0.1747624,1.0310152e-11,1.05293396e-11,3.0997475e-11,5.0000313e-08,5.000004e-08,5.000004e-08,0.0,0.0,0.0,0.0,0.0,0.0,0.0,0.0,24
7023756000,7023676000,0.745003,-0.009588933,0.01066838,-0.66690695,-0.06584345,0.0008261925,0.03196495,14.164356,33.54832,-12.512607,-3.990395e-06,3.843524e-06,3.021075e-06,-0.00012201065,-1.4374044e-06,0.00055933086,0.198655,-0.017316705,0.4865847,0.0032229468,-0.00244603,0.0014558303,0.0,0.0,3.3020515e-05,5.223697e-06,5.329132e-06,4.0982803e-05,0.01073446,0.011028367,0.013979438,0.07197694,0.07219433,0.17562835,1.0340014e-11,1.0654713e-11,3.04317e-11,5.000035e-08,5e-08,5e-08,0.0,0.0,0.0,0.0,0.0,0.0,0.0,0.0,24
7024748000,7024668000,0.7324701,-0.12442157,-0.028153326,-0.6687408,-0.33261108,-0.5069179,0.36786222,13.974417,33.450626,-12.3259945,-3.7864452e-06,3.5745056e-06,2.9437447e-06,-0.0001247774,1.4779234e-06,0.00055888464,0.198655,-0.017316705,0.4865847,0.0032229468,-0.00244603,0.0014558303,0.0,0.0,3.359649e-05,5.4302423e-06,6.0528837e-06,3.942754e-05,0.011002962,0.011011176,0.014207176,0.073712215,0.07389434,0.17612027,1.03729724e-11,1.0748927e-11,3.022273e-11,5.000006e-08,5.0000036e-08,5.0000036e-08,0.0,0.0,0.0,0.0,0.0,0.0,0.0,0.0,24
7025756000,7025676000,0.7149946,-0.17966709,-0.07341203,-0.6716496,-0.7918152,-1.8457909,0.5191422,13.299748,32.284924,-11.819434,-3.4637767e-06,3.285707e-06,3.0387046e-06,-0.00012551511,8.833314e-06,0.0005279279,0.19916634,-0.01745151,0.486089,0.0036787305,-0.0021157642,0.00010943776,0.0,0.0,3.4156157e-05,5.650822e-06,6.2803897e-06,3.724366e-05,0.010254496,0.009899664,0.013419425,0.067595586,0.067668214,0.17272288,1.02785705e-11,1.0729394e-11,2.999393e-11,5.000014e-08,5.0000047e-08,5.000004e-08,0.00017940604,1.2198215e-05,0.00022315887,5.3538533e-05,0.00017100571,0.0002235546,0.0,0.0,24
7026756000,7026676000,0.7118528,-0.17732692,-0.074943215,-0.675429,-0.92304975,-2.428393,0.66869843,12.373436,30.108936,-11.156066,-3.186697e-06,3.1887496e-06,3.1020654e-06,-0.0001262193,1.6129196e-05,0.000496346,0.20009501,-0.017652212,0.4864028,0.004376431,-0.0015469521,-0.0008365752,0.0,0.0,3.5166842e-05,5.5820187e-06,5.8767373e-06,3.7523074e-05,0.010375218,0.010244952,0.013645838,0.06928214,0.06924761,0.17596516,1.0318207e-11,1.07843665e-11,3.0089493e-11,5.000023e-08,5.0000256e-08,5.000022e-08,0.00014222969,1.1470422e-05,0.00017332434,4.4730845e-05,0.00013939834,0.000170284,0.0,0.0,24
7027756000,7027676000,0.71739626,-0.17301431,-0.07181934,-0.6710072,-0.9422045,-2.5409267,0.7047876,11.383914,27.592701,-10.376526,-2.9320277e-06,3.2872474e-06,3.090725e-06,-0.00013041728,2.3014558e-05,0.00045998523,0.2004365,-0.017764417,0.48646578,0.0048220176,-0.0014241345,-0.0015905495,0.0,0.0,3.589971e-05,5.4748616e-06,5.701384e-06,3.948166e-05,0.0104756765,0.010709193,0.013787827,0.07097642,0.070899546,0.17427082,1.0367529e-11,1.0791944e-11,3.0378686e-11,5.000015e-08,5.0000203e-08,5e-08,0.00013191889,1.1074042e-05,0.00015952706,4.0170886e-05,0.00013071072,0.00015489168,0.0,0.0,24
7028748000,7028668000,0.7245023,-0.17108887,-0.06800288,-0.66422945,-0.9783673,-2.5423813,0.69059086,10.399507,25.05727,-9.587974,-2.8081924e-06,3.3464628e-06,3.0235205e-06,-0.00013648186,3.083771e-05,0.00042204582,0.20048304,-0.017815271,0.48675716,0.0050732577,-0.001530046,-0.0017563518,0.0,0.0,3.6451853e-05,5.4262405e-06,5.713338e-06,4.1786152e-05,0.011001126,0.01130376,0.014135732,0.07299258,0.07296183,0.17733485,1.04302235e-11,1.07836995e-11,3.0598173e-11,5e-08,5e-08,5.000007e-08,0.00012668314,1.0771629e-05,0.0001526219,3.7214697e-05,0.00012633363,0.00014699645,0.0,0.0,24
7029748000,7029668000,0.72950274,-0.1713573,-0.06604646,-0.658863,-1.0074304,-2.5239148,0.6669205,9.404333,22.513811,-8.777746,-2.8260804e-06,3.4272934e-06,2.948412e-06,-0.00014842166,4.2802694e-05,0.00036621784,0.20040092,-0.017813891,0.4867803,0.0050872476,-0.0016201538,-0.0017819101,0.0,0.0,3.581012e-05,5.207487e-06,5.674821e-06,4.2404652e-05,0.010036059,0.010158904,0.013434422,0.066900164,0.06689333,0.17349991,1.0366455e-11,1.0599465e-11,3.017038e-11,5.0000075e-08,5.0000075e-08,5.0000107e-08,0.0,0.0,0.0,0.0,0.0,0.0,0.0,0.0,24
7030756000,7030676000,0.7382488,-0.17133546,-0.05972187,-0.6496663,-1.0199534,-2.4978654,0.6485907,8.399049,19.964224,-8.005913,-2.9377331e-06,3.552994e-06,3.012159e-06,-0.00015927666,5.2669784e-05,0.00031864995,0.20040092,-0.017813891,0.4867803,0.0050872476,-0.0016201538,-0.0017819101,0.0,0.0,3.40491e-05,5.173477e-06,5.8316564e-06,4.2606072e-05,0.01043396,0.010415316,0.013551383,0.06859068,0.068614066,0.17250234,1.042276e-11,1.0551193e-11,2.9446324e-11,5e-08,5e-08,5e-08,0.0,0.0,0.0,0.0,0.0,0.0,0.0,0.0,24
7031756000,7031676000,0.7487481,-0.17147475,-0.056945853,-0.6377538,-1.0542482,-2.4811668,0.62795365,7.3700314,17.45969,-7.279008,-3.0252072e-06,3.6439799e-06,3.065561e-06,-0.00016849698,6.0897743e-05,0.00027928807,0.20040092,-0.017813891,0.4867803,0.0050872476,-0.0016201538,-0.0017819101,0.0,0.0,3.2127573e-05,5.2182777e-06,6.014386e-06,4.294457e-05,0.010843643,0.01072577,0.013730223,0.070494354,0.07051672,0.17377439,1.0497859e-11,1.0527938e-11,2.871204e-11,5.0000036e-08,5.0000036e-08,5.0000036e-08,0.0,0.0,0.0,0.0,0.0,0.0,0.0,0.0,24
7032756000,7032676000,0.7546118,-0.17407514,-0.054321337,-0.63032395,-1.0517151,-2.4882414,0.6420232,6.333175,14.962813,-6.550378,-3.1132745e-06,3.7499424e-06,3.158533e-06,-0.00017690618,6.837806e-05,0.00024316079,0.20040092,-0.017813891,0.4867803,0.0050872476,-0.0016201538,-0.0017819101,0.0,0.0,3.0800147e-05,5.2706428e-06,6.2435574e-06,4.2862746e-05,0.011159834,0.011023613,0.013875876,0.07241208,0.07241036,0.17520818,1.0582995e-11,1.0518183e-11,2.8017526e-11,5.0000036e-08,5.0000036e-08,5.0000036e-08,0.0,0.0,0.0,0.0,0.0,0.0,0.0,0.0,24
7033756000,7033676000,0.7638581,-0.174971,-0.05335595,-0.6189177,-1.0423716,-2.4817262,0.65414757,5.2818155,12.470976,-5.8147945,-3.1486388e-06,3.7753093e-06,3.0227625e-06,-0.00018405891,7.4562005e-05,0.00021155982,0.20040092,-0.017813891,0.4867803,0.0050872476,-0.0016201538,-0.0017819101,0.0,0.0,2.9263785e-05,5.196449e-06,6.332737e-06,4.3212876e-05,0.010074972,0.009974751,0.013196292,0.06668395,0.06667234,0.17400995,1.0587013e-11,1.041327e-11,2.7311833e-11,5.0000185e-08,5.0000185e-08,5.0000185e-08,0.0,0.0,0.0,0.0,0.0,0.0,0.0,0.0,24
7034756000,7034676000,0.77412677,-0.17633836,-0.051826797,-0.60576105,-1.0422785,-2.501923,0.670296,4.2152615,9.963591,-5.0681624,-3.0386211e-06,3.8588973e-06,2.8486986e-06,-0.00018858115,8.1714155e-05,0.0001800414,0.20040092,-0.017813891,0.4867803,0.0050872476,-0.0016201538,-0.0017819101,0.0,0.0,2.781689e-05,5.260171e-06,6.5255645e-06,4.395405e-05,0.010277206,0.010207409,0.013249796,0.06822694,0.06819981,0.17479385,1.06762585e-11,1.0422739e-11,2.6787572e-11,5.0000146e-08,5.0000146e-08,5.0000146e-08,0.0,0.0,0.0,0.0,0.0,0.0,0.0,0.0,24
7035756000,7035676000,0.7846339,-0.17438656,-0.049575586,-0.5928587,-1.0028858,-2.4813364,0.6656987,3.1652534,7.431973,-4.3233886,-2.9220134e-06,4.0369055e-06,2.687787e-06,-0.00019173234,8.946771e-05,0.00015410331,0.20040092,-0.017813891,0.4867803,0.0050872476,-0.0016201538,-0.0017819101,0.0,0.0,2.6442769e-05,5.319192e-06,6.6473176e-06,4.474294e-05,0.010515927,0.010464154,0.013300379,0.06981379,0.06977696,0.17550161,1.076491e-11,1.0443924e-11,2.6309222e-11,5.000007e-08,5.000007e-08,5.000007e-08,0.0,0.0,0.0,0.0,0.0,0.0,0.0,0.0,24
7036756000,7036676000,0.7905041,-0.17679986,-0.047328617,-0.58447003,-1.0061346,-2.4862657,0.67096186,2.131358,4.9167347,-3.5890558,-2.7698043e-06,4.2027464e-06,2.5593024e-06,-0.00019256688,9.616235e-05,0.00013297929,0.20040092,-0.017813891,0.4867803,0.0050872476,-0.0016201538,-0.0017819101,0.0,0.0,2.567734e-05,5.39109e-06,6.861973e-06,4.5328718e-05,0.010895683,0.010861249,0.013409935,0.07192204,0.071877636,0.17630567,1.0866726e-11,1.04907125e-11,2.5945694e-11,5.0000075e-08,5.0000075e-08,5.0000075e-08,0.0,0.0,0.0,0.0,0.0,0.0,0.0,0.0,24
7037756000,7037676000,0.8028268,-0.17436454,-0.0424001,-0.56856686,-0.99375856,-2.4618187,0.68158305,1.1133842,2.4159198,-2.8603182,-2.7144242e-06,4.2846746e-06,2.4394108e-06,-0.00019359915,9.987291e-05,0.00011980331,0.20040092,-0.017813891,0.4867803,0.0050872476,-0.0016201538,-0.0017819101,0.0,0.0,2.4351672e-05,5.450666e-06,6.971852e-06,4.6775345e-05,0.0112703275,0.011246617,0.013531582,0.07404011,0.07399328,0.17730404,1.0963456e-11,1.0543494e-11,2.5645663e-11,5.000015e-08,5.000015e-08,5.000015e-08,0.0,0.0,0.0,0.0,0.0,0.0,0.0,0.0,24
7038748000,7038668000,0.82977337,-0.07885582,0.0034420434,-0.5524908,-0.93252206,-1.9134475,0.75807846,0.11265326,0.08496937,-2.106711,-2.6310363e-06,4.458601e-06,2.4573992e-06,-0.00019300153,0.00010393663,0.00011493323,0.20040092,-0.017813891,0.4867803,0.0050872476,-0.0016201538,-0.0017819101,0.0,0.0,2.2659066e-05,5.2579708e-06,5.6064982e-06,4.9787348e-05,0.0101414565,0.0099631455,0.012757381,0.067393795,0.06736085,0.17274116,1.0957575e-11,1.0476859e-11,2.5265954e-11,5.000007e-08,5.000007e-08,5.000007e-08,0.0,0.0,0.0,0.0,0.0,0.0,0.0,0.0,24
7039756000,7039676000,0.8443516,0.021980265,0.0055837687,-0.5353094,-0.3459325,-0.4910435,0.17465873,-0.55135345,-1.1609035,-1.6081979,-2.5725992e-06,4.748032e-06,2.5499758e-06,-0.00019210612,0.000107944456,0.0001113146,0.19996397,-0.017804738,0.48747802,0.0050789784,-0.0021021978,-0.0010954688,0.0,0.0,2.0622489e-05,5.2824944e-06,5.3204744e-06,5.043188e-05,0.011213842,0.010644616,0.012975438,0.069378875,0.06929713,0.1739646,1.1098372e-11,1.0515295e-11,2.4613611e-11,5.0000075e-08,5.0000075e-08,5.0000075e-08,0.00010376879,1.034779e-05,0.00012228698,3.407905e-05,0.00010361268,0.00011856165,0.0,0.0,24
7040748000,7040668000,0.85360676,0.013213547,0.0028266485,-0.52074283,0.0013399876,0.10723254,0.0067316066,-0.6541282,-1.2994783,-1.5541877,-2.692345e-06,4.8996635e-06,2.728746e-06,-0.00019290435,0.000108578264,0.00011537344,0.19962162,-0.017880764,0.48776633,0.0053282557,-0.0029866807,-0.0007523714,0.0,0.0,1.9143688e-05,5.2327623e-06,5.212602e-06,5.0601702e-05,0.011069138,0.010848792,0.013279404,0.07093773,0.07079234,0.17429507,1.1238397e-11,1.0546567e-11,2.4088674e-11,5.0000036e-08,5.0000036e-08,5.0000036e-08,8.1382816e-05,9.770058e-06,9.7726836e-05,3.0167514e-05,8.048981e-05,9.586293e-05,0.0,0.0,24
7041756000,7041676000,0.8530892,-0.008831324,0.0015039094,-0.52168834,0.018096713,0.10143078,0.853208,-0.6030878,-1.1846497,-1.3050748,-2.798986e-06,4.9863634e-06,2.8605687e-06,-0.00019906335,0.00010990268,0.000143142,0.19921018,-0.017870974,0.48769695,0.005313992,-0.0034351028,-0.0008258993,0.0,0.0,1.9488569e-05,5.271845e-06,5.4068087e-06,5.1191004e-05,0.0107169645,0.010736324,0.013840514,0.07343886,0.07331149,0.1759566,1.1373407e-11,1.0635701e-11,2.406369e-11,5.000026e-08,5.000015e-08,5.000015e-08,7.2775176e-05,9.407596e-06,8.9755216e-05,2.7958988e-05,7.115919e-05,8.8496774e-05,0.0,0.0,24
7042756000,7042676000,0.8538795,-0.009877549,0.00015133583,-0.5203769,-0.03126945,-0.007718411,0.69391227,-0.58741784,-1.1505983,-0.6549193,-2.9467583e-06,5.0289505e-06,2.8537165e-06,-0.00020769799,0.00011248712,0.00017824031,0.19919913,-0.01789713,0.48776752,0.0053978576,-0.0036242253,-0.0007754476,0.0,0.0,1.9996869e-05,5.1309476e-06,5.3644953e-06,5.2891322e-05,0.009772516,0.009737838,0.013366731,0.0672289,0.067167334,0.1723859,1.1307877e-11,1.0592006e-11,2.4304723e-11,5e-08,5e-08,5e-08,6.7836474e-05,9.125653e-06,8.5568354e-05,2.643782e-05,6.566401e-05,8.463346e-05,0.0,0.0,24
7043748000,7043668000,0.85399705,-0.00843418,0.0012691413,-0.5202082,-0.028389912,-0.051060017,0.70990914,-0.59978265,-1.1910781,-0.006165012,-3.0620968e-06,5.059281e-06,2.7757287e-06,-0.00021520433,0.00011557182,0.00020692704,0.19913931,-0.01790399,0.48779127,0.005422334,-0.0037461722,-0.00076640846,0.0,0.0,2.0353593e-05,5.1324787e-06,5.413718e-06,5.381272e-05,0.010086499,0.009932071,0.013612733,0.06831757,0.06829651,0.17286792,1.1250884e-11,1.0614001e-11,2.4467263e-11,5e-08,5.000004e-08,5e-08,0.0,0.0,0.0,0.0,0.0,0.0,0.0,0.0,24
7044748000,7044668000,0.8536218,-0.003851958,0.0011842684,-0.5208779,-0.027544443,-0.0065975594,0.12919463,-0.61791974,-1.2325846,0.28546736,-3.066856e-06,5.2067535e-06,2.6828905e-06,-0.00021727722,0.0001165715,0.00021596227,0.19913931,-0.01790399,0.48779127,0.005422334,-0.0037461722,-0.00076640846,0.0,0.0,2.040282e-05,5.030869e-06,5.2966648e-06,5.371218e-05,0.01107193,0.010811431,0.0113294,0.07018341,0.0701801,0.173358,1.1145832e-11,1.0621886e-11,2.4449567e-11,5.000059e-08,5.000059e-08,5.000059e-08,0.0,0.0,0.0,0.0,0.0,0.0,0.0,0.0,24
7045756000,7045676000,0.85377675,-0.0043148277,0.00011206404,-0.52062154,-0.01081229,-0.01015956,0.12820242,-0.62329656,-1.236502,0.2985166,-3.1209352e-06,5.2060363e-06,2.643128e-06,-0.00021684045,0.000115469695,0.0002251676,0.19913931,-0.01790399,0.48779127,0.005422334,-0.0037461722,-0.00076640846,0.0,0.0,2.0340085e-05,4.6886344e-06,4.9158193e-06,5.356951e-05,0.012759144,0.012369647,0.010080863,0.07247713,0.0724597,0.17279314,1.1038833e-11,1.0638828e-11,2.4402584e-11,5.0000732e-08,5.000071e-08,5.000015e-08,0.0,0.0,0.0,0.0,0.0,0.0,0.0,0.0,24
7046748000,7046668000,0.853759,-0.0041261916,-0.00019178943,-0.5206522,0.0015947634,-0.009485848,0.11993597,-0.614272,-1.2391561,0.29754728,-3.166817e-06,5.198837e-06,2.5401177e-06,-0.0002158564,0.00011346796,0.00025342082,0.19913931,-0.01790399,0.48779127,0.005422334,-0.0037461722,-0.00076640846,0.0,0.0,2.0281515e-05,4.0963214e-06,4.251595e-06,5.332853e-05,0.011937495,0.011634177,0.009902231,0.06651677,0.06649961,0.16737773,1.0905176e-11,1.0626465e-11,2.4326405e-11,5.000045e-08,5.0000338e-08,5e-08,0.0,0.0,0.0,0.0,0.0,0.0,0.0,0.0,24
7047748000,7047668000,0.8537199,-0.0036545573,8.978927e-05,-0.52071977,0.001301667,0.0020079794,0.0025772671,-0.60817975,-1.2302839,0.020636164,-3.062393e-06,5.163273e-06,2.4403907e-06,-0.00021001774,0.00012394668,0.0004448776,0.19913931,-0.01790399,0.48779127,0.005422334,-0.0037461722,-0.00076640846,0.0,0.0,2.0158814e-05,2.562755e-06,2.6111943e-06,5.291238e-05,0.00013771246,0.00013767042,0.00013941058,0.036639992,0.036474578,0.08860391,1.0352084e-11,1.0219929e-11,2.4185536e-11,5.000042e-08,5.0000295e-08,5.000007e-08,0.0,0.0,0.0,0.0,0.0,0.0,0.0,0.0,24
7048756000,7048676000,0.8538813,-0.0037647344,0.0005384725,-0.52045405,0.0012143608,0.0007033525,0.0005141103,-0.5969143,-1.2275052,0.0481672,-2.8366194e-06,5.131921e-06,2.3531347e-06,-0.00020651997,0.00014552631,0.0005498641,0.19913931,-0.01790399,0.48779127,0.005422334,-0.0037461722,-0.00076640846,0.0,0.0,2.0281008e-05,2.7970107e-06,2.8419868e-06,5.326311e-05,0.000100351266,0.00010034214,0.00010241128,0.031383477,0.031289957,0.07808757,1.0485427e-11,1.037923e-11,2.4206649e-11,5.0000335e-08,5.0000256e-08,5e-08,0.0,0.0,0.0,0.0,0.0,0.0,0.0,0.0,24
