timestamp,timestamp_sample,output_tracking_error[0],output_tracking_error[1],output_tracking_error[2],control_mode_flags,filter_fault_flags,pos_horiz_accuracy,pos_vert_accuracy,mag_test_ratio,vel_test_ratio,pos_test_ratio,hgt_test_ratio,tas_test_ratio,hagl_test_ratio,beta_test_ratio,time_slip,accel_device_id,gyro_device_id,baro_device_id,mag_device_id,gps_check_fail_flags,innovation_check_flags,solution_status_flags,reset_count_vel_ne,reset_count_vel_d,reset_count_pos_ne,reset_count_pod_d,reset_count_quat,pre_flt_fail_innov_heading,pre_flt_fail_innov_vel_horiz,pre_flt_fail_innov_vel_vert,pre_flt_fail_innov_height,pre_flt_fail_mag_field_disturbed,health_flags,timeout_flags
6970976000,6970896000,5.953165e-05,0.005670155,0.0014242637,67109399,0,0.085147835,0.102737404,0.014386452,0.015824646,0.0024039927,0.0053443755,0.0,0.0,0.0,0.0,1310988,1310988,6620172,197644,0,0,895,2,1,2,0,4,0,0,0,0,0,0,0
6970984000,6970904000,5.949139e-05,0.0055269506,0.001434662,67109399,0,0.08514801,0.10273749,0.014386452,0.015824646,0.0024039927,0.0053443755,0.0,0.0,0.0,0.0,1310988,1310988,6620172,197644,0,0,895,2,1,2,0,4,0,0,0,0,0,0,0
6971176000,6971096000,0.00017761288,0.0039036414,0.0014801958,67109399,0,0.08500294,0.10260862,0.017726764,0.006614485,0.00047219117,0.0026059523,0.0,0.0,0.0,0.0,1310988,1310988,6620172,197644,0,0,895,2,1,2,0,4,0,0,0,0,0,0,0
6971376000,6971296000,9.760504e-05,0.004055579,0.0014106599,67109399,0,0.08485886,0.102436446,0.0023808365,0.012560875,0.001191992,0.0027959554,0.0,0.0,0.0,0.0,1310988,1310988,6620172,197644,0,0,895,2,1,2,0,4,0,0,0,0,0,0,0
6971576000,6971496000,4.7939386e-05,0.0031209912,0.0012647728,67109399,0,0.08471561,0.10230885,0.011254232,0.00047848982,0.00047267292,0.00025449498,0.0,0.0,0.0,0.0,1310988,1310988,6620172,197644,0,0,895,2,1,2,0,4,0,0,0,0,0,0,0
6971776000,6971696000,0.00013583574,0.0030869192,0.00072841556,67109399,0,0.08472477,0.10213825,0.02227722,0.00047848982,0.00047267292,0.0040858705,0.0,0.0,0.0,0.0,1310988,1310988,6620172,197644,0,0,895,2,1,2,0,4,0,0,0,0,0,0,0
6971976000,6971896000,0.00013903523,0.0016297431,0.0006348154,67109399,0,0.0845823,0.10201182,0.031579588,0.013529726,0.00043031308,0.004952206,0.0,0.0,0.0,0.0,1310988,1310988,6620172,197644,0,0,895,2,1,2,0,4,0,0,0,0,0,0,0
6972176000,6972096000,0.000152411,0.0015541415,0.000602334,67109399,0,0.08446295,0.10185281,0.011609524,0.022766795,0.002440764,0.002250372,0.0,0.0,0.0,0.0,1310988,1310988,6620172,197644,0,0,895,2,1,2,0,4,0,0,0,0,0,0,0
6972376000,6972296000,6.553655e-05,0.002176817,0.0009727515,67109399,0,0.08431829,0.1017259,0.0093963295,0.008420559,0.002449049,0.00327446,0.0,0.0,0.0,0.0,1310988,1310988,6620172,197644,0,0,895,2,1,2,0,4,0,0,0,0,0,0,0
6972576000,6972496000,9.986769e-05,0.0010127148,0.000336809,67109399,0,0.08417473,0.101556815,0.010640612,0.012566804,0.00046302145,0.0018512013,0.0,0.0,0.0,0.0,1310988,1310988,6620172,197644,0,0,895,2,1,2,0,4,0,0,0,0,0,0,0
6972776000,6972696000,0.00017647514,0.0014588888,0.0005325682,67109399,0,0.08403221,0.101431295,0.0099133,0.004794517,0.0012194278,0.007939082,0.0,0.0,0.0,0.0,1310988,1310988,6620172,197644,0,0,895,2,1,2,0,4,0,0,0,0,0,0,0
6972976000,6972896000,9.59508e-05,0.0016955885,0.00062398205,67109399,0,0.0840386,0.10130636,0.024243131,0.004794517,0.0012194278,0.0019000128,0.0,0.0,0.0,0.0,1310988,1310988,6620172,197644,0,0,895,2,1,2,0,4,0,0,0,0,0,0,0
6973176000,6973096000,3.829485e-05,0.00362064,0.001007824,67109399,0,0.08389738,0.101139754,0.0054469267,0.0071992865,0.0024456498,0.00037825995,0.0,0.0,0.0,0.0,1310988,1310988,6620172,197644,0,0,895,2,1,2,0,4,0,0,0,0,0,0,0
6973376000,6973296000,8.9490626e-05,0.0033676412,0.0013507695,67109399,0,0.08375715,0.10101616,0.010396269,0.005252862,0.0023857236,9.674401e-05,0.0,0.0,0.0,0.0,1310988,1310988,6620172,197644,0,0,895,2,1,2,0,4,0,0,0,0,0,0,0
6973576000,6973496000,0.00011184873,0.0024868797,0.0011547542,67109399,0,0.0836179,0.10085123,0.00054991036,0.0080533605,0.0012375356,0.0031925563,0.0,0.0,0.0,0.0,1310988,1310988,6620172,197644,0,0,895,2,1,2,0,4,0,0,0,0,0,0,0
6973776000,6973696000,7.608556e-05,0.0016271031,0.00050188164,67109399,0,0.08347958,0.100728914,0.012686555,0.0074886796,0.0023951402,0.0040475694,0.0,0.0,0.0,0.0,1310988,1310988,6620172,197644,0,0,895,2,1,2,0,4,0,0,0,0,0,0,0
6973976000,6973896000,5.6923203e-05,0.0018621916,0.0004878527,67109399,0,0.08334221,0.10056562,0.0011449744,0.007568382,0.00036476503,0.0021519084,0.0,0.0,0.0,0.0,1310988,1310988,6620172,197644,0,0,895,2,1,2,0,4,0,0,0,0,0,0,0
6974176000,6974096000,0.00015582955,0.0036926286,0.0010316353,67109399,0,0.08320576,0.10044455,0.009237295,0.008793552,0.0024442323,0.0006284032,0.0,0.0,0.0,0.0,1310988,1310988,6620172,197644,0,0,895,2,1,2,0,4,0,0,0,0,0,0,0
6974376000,6974296000,0.00014977105,0.0036357283,0.0012883287,67109399,0,0.083213836,0.10028282,0.014087962,0.008793552,0.0024442323,0.00435002,0.0,0.0,0.0,0.0,1310988,1310988,6620172,197644,0,0,895,2,1,2,0,4,0,0,0,0,0,0,0
6974576000,6974496000,8.99426e-05,0.0039483705,0.0012901487,67109399,0,0.083078414,0.10016296,0.012726534,0.0025170124,0.0012663392,0.008923171,0.0,0.0,0.0,0.0,1310988,1310988,6620172,197644,0,0,895,2,1,2,0,4,0,0,0,0,0,0,0
6974776000,6974696000,0.00023681401,0.0030215573,0.0003511117,67109399,0,0.08294385,0.10004362,0.012234286,0.004920844,0.00043462668,0.002237332,0.0,0.0,0.0,0.0,1310988,1310988,6620172,197644,0,0,895,2,1,2,0,4,0,0,0,0,0,0,0
6974976000,6974896000,0.00012703576,0.003875217,0.0010514444,67109399,0,0.082810156,0.09988408,0.015889047,0.0011016022,0.00040590134,0.0008942366,0.0,0.0,0.0,0.0,1310988,1310988,6620172,197644,0,0,895,2,1,2,0,4,0,0,0,0,0,0,0
6975176000,6975096000,0.00011657032,0.0042473553,0.0012630248,67109399,0,0.08267727,0.09976588,0.01117307,0.014835839,0.0024279836,0.00071817904,0.0,0.0,0.0,0.0,1310988,1310988,6620172,197644,0,0,895,2,1,2,0,4,0,0,0,0,0,0,0
6975376000,6975296000,0.00012073823,0.0028899193,0.0010042796,67109399,0,0.082545206,0.09960781,0.029692862,0.007441217,0.0020645643,0.0019322877,0.0,0.0,0.0,0.0,1310988,1310988,6620172,197644,0,0,895,2,1,2,0,4,0,0,0,0,0,0,0
6975576000,6975496000,0.00018935099,0.0021849524,0.0007803051,67109399,0,0.082554206,0.09949073,0.011125636,0.007441217,0.0020645643,0.00062405015,0.0,0.0,0.0,0.0,1310988,1310988,6620172,197644,0,0,895,2,1,2,0,4,0,0,0,0,0,0,0
6975776000,6975696000,0.0002841409,0.005362535,0.0013186315,67109399,0,0.082423,0.09937412,0.0029771596,0.017953578,0.0004070743,0.0007643751,0.0,0.0,0.0,0.0,1310988,1310988,6620172,197644,0,0,895,2,1,2,0,4,0,0,0,0,0,0,0
6975976000,6975896000,0.00028464297,0.0050535295,0.0016522866,67109399,0,0.08229256,0.09921809,0.00030188073,0.021292798,0.00240227,0.0027367624,0.0,0.0,0.0,0.0,1310988,1310988,6620172,197644,0,0,895,2,1,2,0,4,0,0,0,0,0,0,0
6976176000,6976096000,0.00015172514,0.003815875,0.0015601936,67109399,0,0.08216286,0.09910254,0.0152673405,0.012114678,0.0023989864,0.0009134171,0.0,0.0,0.0,0.0,1310988,1310988,6620172,197644,0,0,895,2,1,2,0,4,0,0,0,0,0,0,0
6976376000,6976296000,8.3474246e-05,0.0016827326,0.0011083892,1049239,0,0.08208136,0.0990087,0.018102493,0.019010404,0.002370425,1.1754944e-38,0.0,0.0,0.0,0.0,1310988,1310988,6620172,197644,0,0,895,2,1,2,0,4,0,0,0,0,0,0,0
6976576000,6976496000,2.1089125e-05,0.0014812219,0.00069206784,1049239,0,0.08226843,0.09899853,0.0054517137,0.005373937,0.002421589,1.1754944e-38,0.0,0.0,0.0,0.0,1310988,1310988,6620172,197644,0,0,895,2,1,2,0,4,0,0,0,0,0,0,0
6976776000,6976696000,3.9721635e-05,0.0016650769,0.00058044516,1049239,0,0.083149895,0.09929225,0.009208073,0.005373937,0.002421589,0.0035917843,0.0,0.0,0.0,0.0,1310988,1310988,6620172,197644,0,0,895,2,1,2,0,4,0,0,0,0,0,0,0
6976976000,6976896000,2.9037412e-05,0.001595482,0.000595334,1049239,0,0.08474992,0.09997743,0.0012284258,0.0165864,0.0005751417,1.1754944e-38,0.0,0.0,0.0,0.0,1310988,1310988,6620172,197644,0,0,895,2,1,2,0,4,0,0,0,0,0,0,0
6977176000,6977096000,8.506034e-06,0.001603119,0.00063483854,1049239,0,0.087513015,0.101321965,0.014473566,0.007276991,0.002835295,1.1754944e-38,0.0,0.0,0.0,0.0,1310988,1310988,6620172,197644,0,0,895,2,1,2,0,4,0,0,0,0,0,0,0
6977376000,6977296000,7.171655e-05,0.001329083,0.00059698796,1049239,0,0.091701515,0.10343045,0.010805983,0.0017712538,0.0012425369,1.1754944e-38,0.0,0.0,0.0,0.0,1310988,1310988,6620172,197644,0,0,895,2,1,2,0,4,0,0,0,0,0,0,0
6977576000,6977496000,3.798026e-05,0.0018354305,0.0009317843,1049239,0,0.09752826,0.10655981,0.0011053258,0.046738174,0.0015808373,1.1754944e-38,0.0,0.0,0.0,0.0,1310988,1310988,6620172,197644,0,0,895,2,1,2,0,4,0,0,0,0,0,0,0
6977776000,6977696000,5.143704e-05,0.0018683443,0.0012668303,1049239,0,0.10508326,0.110743195,0.00065303675,0.03748563,0.0023405468,1.1754944e-38,0.0,0.0,0.0,0.0,1310988,1310988,6620172,197644,0,0,895,2,1,2,0,4,0,0,0,0,0,0,0
6977976000,6977896000,4.7268033e-05,0.0024162459,0.0018869758,663,0,0.11429652,0.11615979,0.0046356325,0.041447017,0.004954286,0.002541168,0.0,0.0,0.0,0.0,1310988,1310988,6620172,197644,0,0,895,2,1,2,0,4,0,0,0,0,0,0,0
6978176000,6978096000,7.9900965e-05,0.001445753,0.00094042934,663,0,0.12686466,0.123218186,0.009610379,0.041447017,0.004954286,0.0021994305,0.0,0.0,0.0,0.0,1310988,1310988,6620172,197644,0,0,895,2,1,2,0,4,0,0,0,0,0,0,0
6978376000,6978296000,0.00012759023,0.001262674,0.001137182,663,0,0.13896298,0.13103694,0.02629376,0.032938544,0.004980273,0.004915172,0.0,0.0,0.0,0.0,1310988,1310988,6620172,197644,0,0,895,2,1,2,0,4,0,0,0,0,0,0,0
6978576000,6978496000,0.00012800405,0.0010622535,0.0014046832,663,0,0.15168373,0.13999708,0.0018573697,0.018168798,0.007014326,0.0017642976,0.0,0.0,0.0,0.0,1310988,1310988,6620172,197644,0,0,895,2,1,2,0,4,0,0,0,0,0,0,0
6978776000,6978696000,0.0008384285,0.00034556878,0.0010160666,8389271,0,0.16468853,0.14974916,0.010072373,0.010154631,0.0065961764,0.0057399576,0.0,0.0,0.0,0.0,1310988,1310988,6620172,197644,0,0,895,2,1,2,0,5,0,0,0,0,0,0,0
6978976000,6978896000,0.00030774504,0.0010035852,0.0020058767,8389271,0,0.17730725,0.16037887,0.0036638135,0.024058621,0.006163424,0.0012612722,0.0,0.0,0.0,0.0,1310988,1310988,6620172,197644,0,0,895,2,1,2,0,5,0,0,0,0,0,0,0
6979176000,6979096000,2.486917e-05,0.00038636252,0.0015431127,8389271,0,0.18938173,0.17140129,0.0029892127,0.014416004,0.0081929965,0.0010799054,0.0,0.0,0.0,0.0,1310988,1310988,6620172,197644,0,0,895,2,1,2,0,5,0,0,0,0,0,0,0
6979376000,6979296000,0.00012277371,0.0004500845,0.00045304245,8389271,0,0.20728399,0.18554224,0.0033520665,0.014416004,0.0081929965,0.005604064,0.0,0.0,0.0,0.0,1310988,1310988,6620172,197644,0,0,895,2,1,2,0,5,0,0,0,0,0,0,0
6979576000,6979496000,0.0005299479,0.00049952185,0.0007334286,8389271,0,0.21843617,0.19770257,0.012692803,0.0077689337,0.007660118,4.7012014e-05,0.0,0.0,0.0,0.0,1310988,1310988,6620172,197644,0,0,895,2,1,2,0,5,0,0,0,0,0,0,0
6979776000,6979696000,0.00052442687,0.00076446665,0.0002633009,8389271,0,0.22896788,0.20959027,0.003159398,0.0034065188,0.007421452,0.0023900531,0.0,0.0,0.0,0.0,1310988,1310988,6620172,197644,0,0,895,2,1,2,0,5,0,0,0,0,0,0,0
6979976000,6979896000,0.00022397714,0.0006406253,0.00053697947,8389271,0,0.2389197,0.22177689,0.020201351,0.005526381,0.0072179837,0.0001871002,0.0,0.0,0.0,0.0,1310988,1310988,6620172,197644,0,0,895,2,1,2,0,5,0,0,0,0,0,0,0
6980176000,6980096000,0.00012842093,0.001203775,0.002264438,8389271,0,0.24824323,0.23330411,0.0019544263,0.011729252,0.009183771,0.0024873742,0.0,0.0,0.0,0.0,1310988,1310988,6620172,197644,0,0,895,2,1,2,0,5,0,0,0,0,0,0,0
6980376000,6980296000,0.0002054177,0.00021796508,0.0008009829,8389271,0,0.25700393,0.24506627,0.0005418648,0.008189127,0.0067483485,0.0030332273,0.0,0.0,0.0,0.0,1310988,1310988,6620172,197644,0,0,895,2,1,2,0,5,0,0,0,0,0,0,0
6980576000,6980496000,0.00048692795,0.002990648,0.0047845435,8389271,0,0.26516354,0.25584084,0.013653741,0.02541643,0.0065272707,0.0036828064,0.0,0.0,0.0,0.0,1310988,1310988,6620172,197644,0,0,895,2,1,2,0,5,0,0,0,0,0,0,0
6980776000,6980696000,0.00038709387,0.0015673103,0.0028977818,8389271,0,0.28517747,0.2728676,0.004225421,0.02541643,0.0065272707,0.003681582,0.0,0.0,0.0,0.0,1310988,1310988,6620172,197644,0,0,895,2,1,2,0,5,0,0,0,0,0,0,0
6980976000,6980896000,9.768224e-05,0.0022327916,0.0040174304,8389271,0,0.29182637,0.28258035,0.005325006,0.020741552,0.0073619774,0.0013018883,0.0,0.0,0.0,0.0,1310988,1310988,6620172,197644,0,0,895,2,1,2,0,5,0,0,0,0,0,0,0
6981176000,6981096000,0.0009279255,0.0014128117,0.0029086194,8389271,0,0.2978358,0.29263788,0.007471084,0.0068430626,0.007751518,0.0011408802,0.0,0.0,0.0,0.0,1310988,1310988,6620172,197644,0,0,895,2,1,2,0,5,0,0,0,0,0,0,0
6981376000,6981296000,9.299758e-05,0.004411116,0.009082161,8389271,0,0.30323866,0.30219394,0.0015807907,0.041212518,0.005528251,0.001743602,0.0,0.0,0.0,0.0,1310988,1310988,6620172,197644,0,0,831,2,1,2,0,5,0,0,0,0,0,0,0
6981576000,6981496000,0.00049292407,0.003447578,0.0064541227,8389271,0,0.3080686,0.31004116,0.023036769,0.013745639,0.00568837,0.0076065045,0.0,0.0,0.0,0.0,1310988,1310988,6620172,197644,0,0,831,2,1,2,0,5,0,0,0,0,0,0,0
6981776000,6981696000,0.00039214652,0.0050559915,0.007123814,8389271,0,0.31236354,0.31853527,0.010116358,0.031465046,0.0059225443,0.00229345,0.0,0.0,0.0,0.0,1310988,1310988,6620172,197644,0,0,831,2,1,2,0,5,0,0,0,0,0,0,0
6981976000,6981896000,3.272735e-05,0.0019495863,0.0027040974,8389271,0,0.33426544,0.33314687,0.0023532726,0.031465046,0.0059225443,0.0012438037,0.0,0.0,0.0,0.0,1310988,1310988,6620172,197644,0,0,831,2,1,2,0,5,0,0,0,0,0,0,0
6982176000,6982096000,0.0003614054,0.0053206948,0.008241821,8389271,0,0.3363504,0.34036666,0.0034209746,0.045824364,0.008226272,6.942859e-05,0.0,0.0,0.0,0.0,1310988,1310988,6620172,197644,0,0,831,2,1,2,0,5,0,0,0,0,0,0,0
6982376000,6982296000,0.0002808206,0.0059343376,0.010088605,8389271,0,0.33804092,0.34710148,0.008518051,0.039963946,0.006803954,0.0007974639,0.0,0.0,0.0,0.0,1310988,1310988,6620172,197644,0,0,831,2,1,2,0,5,0,0,0,0,0,0,0
6982576000,6982496000,0.0003766297,0.0031232003,0.005699648,8389271,0,0.3395377,0.35166654,0.011678873,0.011144358,0.0059919474,0.0030798323,0.0,0.0,0.0,0.0,1310988,1310988,6620172,197644,0,0,831,2,1,2,0,5,0,0,0,0,0,0,0
6982776000,6982696000,0.00046602468,0.0055297283,0.009191858,8389351,0,0.34078154,0.35753012,0.03480054,0.030257287,0.00703452,0.012841448,0.0,0.0,0.0,0.0,1310988,1310988,6620172,197644,0,0,831,2,1,2,0,5,0,0,0,0,0,0,0
6982968000,6982888000,0.00047164835,0.0067751342,0.0106139,8389351,0,0.34090027,0.36029908,0.018715778,0.028980998,0.0067957747,0.015122216,0.0,0.0,0.0,0.0,1310988,1310988,6620172,197644,0,0,831,2,1,2,0,5,0,0,0,0,0,0,0
6983176000,6983096000,0.00048699768,0.007177283,0.012344578,8389351,0,0.34248245,0.36612478,0.014510907,0.029851606,0.0066253003,0.005583947,0.0,0.0,0.0,0.0,1310988,1310988,6620172,197644,0,0,831,2,1,2,0,5,0,0,0,0,0,0,0
6983376000,6983296000,4.934522e-05,0.0039552683,0.0078165205,8389351,0,0.3639724,0.37711692,0.018857898,0.029851606,0.0066253003,0.0020847854,0.0,0.0,0.0,0.0,1310988,1310988,6620172,197644,0,0,831,2,1,2,0,5,0,0,0,0,0,0,0
6983576000,6983496000,0.00027970382,0.005950214,0.011221906,8389351,0,0.36251047,0.38109237,0.015279366,0.025983842,0.006678821,0.003298132,0.0,0.0,0.0,0.0,1310988,1310988,6620172,197644,0,0,831,2,1,2,0,5,0,0,0,0,0,0,0
6983776000,6983696000,0.00015432242,0.0049405447,0.010635801,8389351,0,0.36117843,0.38482782,0.024513997,0.02214354,0.005058255,0.002327276,0.0,0.0,0.0,0.0,1310988,1310988,6620172,197644,0,0,831,2,1,2,0,5,0,0,0,0,0,0,0
6983976000,6983896000,3.3605178e-05,0.0042668977,0.009603848,8389351,0,0.35993734,0.38596395,0.016742693,0.01751398,0.0039916444,0.0016318711,0.0,0.0,0.0,0.0,1310988,1310988,6620172,197644,0,0,831,2,1,2,0,5,0,0,0,0,0,0,0
6984176000,6984096000,9.692398e-05,0.0057853474,0.0131753925,8389351,0,0.35876396,0.38918656,0.005957654,0.03001723,0.003898414,0.0045782765,0.0,0.0,0.0,0.0,1310988,1310988,6620172,197644,0,0,831,2,1,2,0,5,0,0,0,0,0,0,0
6984376000,6984296000,4.545282e-05,0.006916144,0.014919404,8389351,0,0.35764077,0.3921895,0.017729739,0.024010953,0.005472069,0.0018908366,0.0,0.0,0.0,0.0,1310988,1310988,6620172,197644,0,0,831,2,1,2,0,5,0,0,0,0,0,0,0
6984576000,6984496000,1.900491e-05,0.004358365,0.0089933565,8389351,0,0.37810043,0.40051103,0.016187482,0.024010953,0.005472069,0.0053197467,0.0,0.0,0.0,0.0,1310988,1310988,6620172,197644,0,0,831,2,1,2,0,5,0,0,0,0,0,0,0
6984776000,6984696000,3.8060953e-05,0.006078095,0.012400519,8389351,0,0.3750299,0.40271926,0.013608297,0.02884768,0.003939995,0.008613072,0.0,0.0,0.0,0.0,1310988,1310988,6620172,197644,0,0,831,2,1,2,0,5,0,0,0,0,0,0,0
6984976000,6984896000,1.2919317e-05,0.005267184,0.012175438,8389351,0,0.3722036,0.4021426,0.016001733,0.033331893,0.0034084122,0.0068923347,0.0,0.0,0.0,0.0,1310988,1310988,6620172,197644,0,0,831,2,1,2,0,5,0,0,0,0,0,0,0
6985176000,6985096000,6.168015e-05,0.0069242376,0.014154727,8389351,0,0.36971584,0.4041019,0.012567765,0.033416986,0.0039836518,0.0040493975,0.0,0.0,0.0,0.0,1310988,1310988,6620172,197644,0,0,831,2,1,2,0,5,0,0,0,0,0,0,0
6985376000,6985296000,2.8096827e-05,0.0046294774,0.010041323,8389351,0,0.36736593,0.40592936,0.007979431,0.023838494,0.0027073133,0.00510964,0.0,0.0,0.0,0.0,1310988,1310988,6620172,197644,0,0,831,2,1,2,0,5,0,0,0,0,0,0,0
6985576000,6985496000,5.1086474e-05,0.0053860997,0.012585676,8389351,0,0.3652659,0.4049326,0.0052696466,0.02915752,0.0027404581,0.0044622263,0.0,0.0,0.0,0.0,1310988,1310988,6620172,197644,0,0,831,2,1,2,0,5,0,0,0,0,0,0,0
6985776000,6985696000,8.184395e-05,0.0060704625,0.012499828,8389351,0,0.3632463,0.40652692,0.013805826,0.031151157,0.002014916,0.0010116138,0.0,0.0,0.0,0.0,1310988,1310988,6620172,197644,0,0,831,2,1,2,0,5,0,0,0,0,0,0,0
6985976000,6985896000,4.5740166e-05,0.0026704192,0.0054931724,8389351,0,0.3823242,0.41532364,0.008806783,0.031151157,0.002014916,0.0049244543,0.0,0.0,0.0,0.0,1310988,1310988,6620172,197644,0,0,831,2,1,2,0,5,0,0,0,0,0,0,0
6986176000,6986096000,6.231689e-05,0.0029825578,0.0061023673,8389351,0,0.3786775,0.4134643,0.011855267,0.017724283,0.0061315484,0.009334901,0.0,0.0,0.0,0.0,1310988,1310988,6620172,197644,0,0,831,2,1,2,0,5,0,0,0,0,0,0,0
6986376000,6986296000,7.660336e-05,0.0056693982,0.011977969,8389271,0,0.37539366,0.41446948,0.009164309,0.04040215,0.0050019273,0.0032506448,0.0,0.0,0.0,0.0,1310988,1310988,6620172,197644,0,0,831,2,1,2,0,5,0,0,0,0,0,0,0
6986576000,6986496000,7.934398e-05,0.003735064,0.007790019,8389271,0,0.3724119,0.4125595,0.00031940592,0.01621398,0.006600198,0.003025356,0.0,0.0,0.0,0.0,1310988,1310988,6620172,197644,0,0,831,2,1,2,0,5,0,0,0,0,0,0,0
6986776000,6986696000,4.2607153e-05,0.0026632072,0.006799967,8389271,0,0.36968663,0.413491,0.0047214297,0.042951338,0.007012488,0.0037250272,0.0,0.0,0.0,0.0,1310988,1310988,6620172,197644,0,0,831,2,1,2,0,5,0,0,0,0,0,0,0
6986976000,6986896000,0.00029482256,0.0043321024,0.009743977,8389271,0,0.36718237,0.41438243,0.00021789722,0.05556623,0.0062372223,0.0018383325,0.0,0.0,0.0,0.0,1310988,1310988,6620172,197644,0,0,831,2,1,2,0,5,0,0,0,0,0,0,0
6987176000,6987096000,0.00011233094,0.0008661857,0.0027153445,8389271,0,0.38584903,0.41904023,0.0022862223,0.05556623,0.0062372223,0.005400106,0.0,0.0,0.0,0.0,1310988,1310988,6620172,197644,0,0,831,2,1,2,0,5,0,0,0,0,0,0,0
6987376000,6987296000,0.00027095806,0.0023613803,0.004601032,8389271,0,0.38176203,0.41954803,0.008805893,0.042373504,0.006054256,0.0013124652,0.0,0.0,0.0,0.0,1310988,1310988,6620172,197644,0,0,831,2,1,2,0,5,0,0,0,0,0,0,0
6987576000,6987496000,0.00017069788,0.0021969534,0.0051876195,8389271,0,0.3780903,0.4170655,0.00921586,0.03302249,0.0043277103,0.010646602,0.0,0.0,0.0,0.0,1310988,1310988,6620172,197644,0,0,831,2,1,2,0,5,0,0,0,0,0,0,0
6987776000,6987696000,8.575642e-05,0.0037480665,0.008540156,8389271,0,0.37476748,0.41757655,0.0013710886,0.045419283,0.00475931,0.004921739,0.0,0.0,0.0,0.0,1310988,1310988,6620172,197644,0,0,831,2,1,2,0,5,0,0,0,0,0,0,0
6987976000,6987896000,0.000114457085,0.001944249,0.0041499976,8389271,0,0.37174183,0.4180816,0.009603756,0.029604025,0.0044468916,0.0039774035,0.0,0.0,0.0,0.0,1310988,1310988,6620172,197644,0,0,831,2,1,2,0,5,0,0,0,0,0,0,0
6988176000,6988096000,0.000104536826,0.0025213945,0.004586518,8389271,0,0.36897287,0.4156634,0.00083018496,0.029145604,0.0054763933,0.0011021834,0.0,0.0,0.0,0.0,1310988,1310988,6620172,197644,0,0,831,2,1,2,0,5,0,0,0,0,0,0,0
6988376000,6988296000,5.2406456e-05,0.0017007147,0.0030331565,8389271,0,0.36642843,0.41623166,0.0113655,0.035316747,0.003341813,0.0015974654,0.0,0.0,0.0,0.0,1310988,1310988,6620172,197644,0,0,831,2,1,2,0,5,0,0,0,0,0,0,0
6988576000,6988496000,0.000114747454,0.002788422,0.0067422567,8389271,0,0.3845851,0.4200613,0.014610557,0.035316747,0.003341813,0.004046812,0.0,0.0,0.0,0.0,1310988,1310988,6620172,197644,0,0,831,2,1,2,0,5,0,0,0,0,0,0,0
6988776000,6988696000,2.9454037e-05,0.0011815722,0.0022876184,8389271,0,0.380644,0.42035502,0.004129125,0.033608742,0.0066884286,0.0076967315,0.0,0.0,0.0,0.0,1310988,1310988,6620172,197644,0,0,831,2,1,2,0,5,0,0,0,0,0,0,0
6988976000,6988896000,0.000101264544,0.0010896403,0.0022753999,8389271,0,0.3770877,0.4206707,0.018391233,0.029167397,0.009639364,0.00017574549,0.0,0.0,0.0,0.0,1310988,1310988,6620172,197644,0,0,831,2,1,2,0,5,0,0,0,0,0,0,0
6989176000,6989096000,0.00012389486,0.0014416793,0.0024489984,8389271,0,0.37386012,0.4180192,0.012575245,0.03210068,0.0075095026,0.0015868772,0.0,0.0,0.0,0.0,1310988,1310988,6620172,197644,0,0,831,2,1,2,0,5,0,0,0,0,0,0,0
6989376000,6989296000,7.910599e-05,0.0010354783,0.0015704146,8389271,0,0.37091598,0.41545084,0.014803148,0.032130957,0.008956724,0.006327021,0.0,0.0,0.0,0.0,1310988,1310988,6620172,197644,0,0,831,2,1,2,0,5,0,0,0,0,0,0,0
6989576000,6989496000,5.43656e-05,0.0015333531,0.0027690625,8389271,0,0.36821854,0.41590643,0.0071158325,0.03217353,0.0050717606,0.0060354145,0.0,0.0,0.0,0.0,1310988,1310988,6620172,197644,0,0,831,2,1,2,0,5,0,0,0,0,0,0,0
6989776000,6989696000,0.0001911399,0.003252703,0.0075318427,8389271,0,0.38646966,0.42245972,0.010364016,0.03217353,0.0050717606,0.0038642676,0.0,0.0,0.0,0.0,1310988,1310988,6620172,197644,0,0,831,2,1,2,0,5,0,0,0,0,0,0,0
6989976000,6989896000,0.00012537242,0.0035911528,0.007263721,8389271,0,0.3823728,0.41962028,0.011249865,0.024079328,0.010921766,0.0029042275,0.0,0.0,0.0,0.0,1310988,1310988,6620172,197644,0,0,831,2,1,2,0,5,0,0,0,0,0,0,0
6990176000,6990096000,7.259449e-05,0.0019385951,0.0037977218,8389271,0,0.37861535,0.41985357,0.009742683,0.032577485,0.0056868037,0.0039050456,0.0,0.0,0.0,0.0,1310988,1310988,6620172,197644,0,0,831,2,1,2,0,5,0,0,0,0,0,0,0
6990376000,6990296000,6.043431e-05,0.0028624816,0.007501604,8389271,0,0.37521383,0.42010683,0.008593805,0.017565513,0.006715022,0.0020050053,0.0,0.0,0.0,0.0,1310988,1310988,6620172,197644,0,0,831,2,1,2,0,5,0,0,0,0,0,0,0
6990576000,6990496000,7.05285e-05,0.0016391297,0.0038351698,8389271,0,0.37212014,0.4173964,0.014327924,0.019906856,0.0058074086,0.010800803,0.0,0.0,0.0,0.0,1310988,1310988,6620172,197644,0,0,831,2,1,2,0,5,0,0,0,0,0,0,0
6990776000,6990696000,0.00020578133,0.001316153,0.0035504,8389271,0,0.36929283,0.41773027,0.017632926,0.021267757,0.003046161,0.0040630596,0.0,0.0,0.0,0.0,1310988,1310988,6620172,197644,0,0,831,2,1,2,0,5,0,0,0,0,0,0,0
6990976000,6990896000,0.00012847666,0.001269038,0.0031304774,8389271,0,0.36669865,0.4180705,0.01137015,0.018692616,0.0040236865,0.006218141,0.0,0.0,0.0,0.0,1310988,1310988,6620172,197644,0,0,831,2,1,2,0,5,0,0,0,0,0,0,0
6991176000,6991096000,0.00010494363,0.0034535888,0.008599504,8389271,0,0.38478827,0.4214106,0.0052825892,0.018692616,0.0040236865,0.003498143,0.0,0.0,0.0,0.0,1310988,1310988,6620172,197644,0,0,831,2,1,2,0,5,0,0,0,0,0,0,0
6991376000,6991296000,4.534522e-05,0.0021996011,0.0055551147,8389271,0,0.38082394,0.41861075,0.0018227187,0.03662397,0.003760041,0.001656896,0.0,0.0,0.0,0.0,1310988,1310988,6620172,197644,0,0,831,2,1,2,0,5,0,0,0,0,0,0,0
6991576000,6991496000,6.939473e-05,0.0026424765,0.005204974,8389271,0,0.37724882,0.41891408,0.0033458658,0.03834793,0.0042832373,0.0006345844,0.0,0.0,0.0,0.0,1310988,1310988,6620172,197644,0,0,831,2,1,2,0,5,0,0,0,0,0,0,0
6991776000,6991696000,6.1242295e-05,0.0026032054,0.0049894387,8389271,0,0.3740055,0.41628346,0.010297156,0.01577606,0.005628837,0.00612945,0.0,0.0,0.0,0.0,1310988,1310988,6620172,197644,0,0,831,2,1,2,0,5,0,0,0,0,0,0,0
6991976000,6991896000,5.114178e-05,0.002854904,0.005517058,8389271,0,0.3710486,0.41665277,0.008249818,0.028111022,0.0063502495,0.010970126,0.0,0.0,0.0,0.0,1310988,1310988,6620172,197644,0,0,831,2,1,2,0,5,0,0,0,0,0,0,0
6992176000,6992096000,5.2866864e-05,0.0023951186,0.005890731,8389271,0,0.3683412,0.41703573,0.010019443,0.013217477,0.0041573867,0.003326434,0.0,0.0,0.0,0.0,1310988,1310988,6620172,197644,0,0,831,2,1,2,0,5,0,0,0,0,0,0,0
6992376000,6992296000,9.375162e-06,0.003566344,0.0083078835,8389271,0,0.38664436,0.42035735,0.0015410358,0.013217477,0.0041573867,0.006951074,0.0,0.0,0.0,0.0,1310988,1310988,6620172,197644,0,0,831,2,1,2,0,5,0,0,0,0,0,0,0
6992576000,6992496000,9.890686e-05,0.0023997684,0.005582526,8389271,0,0.3824604,0.42057785,0.010176596,0.027026316,0.0021460543,0.002844647,0.0,0.0,0.0,0.0,1310988,1310988,6620172,197644,0,0,831,2,1,2,0,5,0,0,0,0,0,0,0
6992776000,6992696000,0.000118682154,0.001748722,0.003423105,8389271,0,0.3787694,0.4208214,0.0044250796,0.028461084,0.0053674947,0.0062045837,0.0,0.0,0.0,0.0,1310988,1310988,6620172,197644,0,0,831,2,1,2,0,5,0,0,0,0,0,0,0
6992968000,6992888000,9.51156e-05,0.0032595152,0.0058752224,8389271,0,0.3747074,0.41747212,0.011264804,0.030137,0.006466034,0.008142831,0.0,0.0,0.0,0.0,1310988,1310988,6620172,197644,0,0,831,2,1,2,0,5,0,0,0,0,0,0,0
6993176000,6993096000,7.5713324e-05,0.0021833747,0.004149364,8389271,0,0.37231967,0.41840062,0.0001027123,0.024480116,0.004679531,0.00082854,0.0,0.0,0.0,0.0,1310988,1310988,6620172,197644,0,0,831,2,1,2,0,5,0,0,0,0,0,0,0
6993376000,6993296000,7.416879e-05,0.0024982532,0.0059975977,8389271,0,0.36948076,0.415773,0.0028440591,0.02352108,0.0025984386,0.0013540436,0.0,0.0,0.0,0.0,1310988,1310988,6620172,197644,0,0,831,2,1,2,0,5,0,0,0,0,0,0,0
6993576000,6993496000,0.00013368121,0.0027887526,0.006007454,8389271,0,0.36687744,0.41613594,0.0069668647,0.023450471,0.0034284894,0.0037549697,0.0,0.0,0.0,0.0,1310988,1310988,6620172,197644,0,0,831,2,1,2,0,5,0,0,0,0,0,0,0
6993776000,6993696000,0.00013836309,0.003320605,0.007924004,8389271,0,0.3850538,0.4223855,0.027727986,0.023450471,0.0034284894,0.004002943,0.0,0.0,0.0,0.0,1310988,1310988,6620172,197644,0,0,831,2,1,2,0,5,0,0,0,0,0,0,0
6993976000,6993896000,0.00015229739,0.0024816133,0.0067222095,8389271,0,0.38106433,0.41955596,0.031550597,0.015666842,0.0034035924,0.0055230404,0.0,0.0,0.0,0.0,1310988,1310988,6620172,197644,0,0,831,2,1,2,0,5,0,0,0,0,0,0,0
6994176000,6994096000,7.61149e-05,0.0013873392,0.003519264,8389271,0,0.37746856,0.4198179,0.0027693075,0.023622837,0.0029411518,0.0021860055,0.0,0.0,0.0,0.0,1310988,1310988,6620172,197644,0,0,831,2,1,2,0,5,0,0,0,0,0,0,0
6994376000,6994296000,0.000103407074,0.0025511964,0.0051627695,8389271,0,0.37420908,0.4171227,0.017214986,0.024405513,0.0028352954,0.0062687835,0.0,0.0,0.0,0.0,1310988,1310988,6620172,197644,0,0,831,2,1,2,0,5,0,0,0,0,0,0,0
6994576000,6994496000,0.00017422844,0.0032522075,0.0062214276,8389271,0,0.37123883,0.4174419,0.010382136,0.043951698,0.0026943085,0.0038283933,0.0,0.0,0.0,0.0,1310988,1310988,6620172,197644,0,0,831,2,1,2,0,5,0,0,0,0,0,0,0
6994776000,6994696000,6.611224e-05,0.0017841794,0.0037101116,8389271,0,0.3685196,0.414866,0.011036255,0.022901168,0.0027605647,0.0035774186,0.0,0.0,0.0,0.0,1310988,1310988,6620172,197644,0,0,831,2,1,2,0,5,0,0,0,0,0,0,0
6994976000,6994896000,7.547997e-05,0.0026303425,0.005942546,8389271,0,0.38688785,0.42105857,0.001861739,0.022901168,0.0027605647,0.0009643181,0.0,0.0,0.0,0.0,1310988,1310988,6620172,197644,0,0,831,2,1,2,0,5,0,0,0,0,0,0,0
6995176000,6995096000,0.00018885074,0.0020143646,0.006276569,8389271,0,0.382751,0.42126727,0.039821804,0.019638926,0.002728579,0.004703362,0.0,0.0,0.0,0.0,1310988,1310988,6620172,197644,0,0,831,2,1,2,0,5,0,0,0,0,0,0,0
6995376000,6995296000,0.0003361711,0.001969657,0.005901223,8389271,0,0.37895927,0.41851753,0.063941315,0.03053864,0.0022447195,0.00088304386,0.0,0.0,0.0,0.0,1310988,1310988,6620172,197644,0,0,831,2,1,2,0,5,0,0,0,0,0,0,0
6995576000,6995496000,7.089459e-05,0.0011823529,0.004485294,8389271,0,0.3755311,0.4188223,0.018061753,0.02297142,0.0021444818,0.0036231875,0.0,0.0,0.0,0.0,1310988,1310988,6620172,197644,0,0,831,2,1,2,0,5,0,0,0,0,0,0,0
6995776000,6995696000,8.421125e-05,0.0026950114,0.005353944,8389271,0,0.3724129,0.41622034,0.003469265,0.016775955,0.0021386037,0.001786968,0.0,0.0,0.0,0.0,1310988,1310988,6620172,197644,0,0,831,2,1,2,0,5,0,0,0,0,0,0,0
6995976000,6995896000,5.3131193e-05,0.0026394143,0.0039309952,8389271,0,0.3695637,0.41662338,0.009773251,0.016376002,0.0042123217,0.0040763607,0.0,0.0,0.0,0.0,1310988,1310988,6620172,197644,0,0,831,2,1,2,0,5,0,0,0,0,0,0,0
6996176000,6996096000,0.00014462699,0.0028677187,0.006048059,8389271,0,0.3670106,0.41415682,0.037093908,0.039259363,0.0061630886,0.0064582983,0.0,0.0,0.0,0.0,1310988,1310988,6620172,197644,0,0,831,2,1,2,0,5,0,0,0,0,0,0,0
6996376000,6996296000,0.00013821745,0.0030382595,0.0065951985,8389271,0,0.38518465,0.42036527,0.01881664,0.039259363,0.0061630886,0.0073360377,0.0,0.0,0.0,0.0,1310988,1310988,6620172,197644,0,0,831,2,1,2,0,5,0,0,0,0,0,0,0
6996576000,6996496000,0.00015565702,0.002559924,0.0051752063,8389271,0,0.3811777,0.41763315,0.018242372,0.045841917,0.0072536063,0.0017166855,0.0,0.0,0.0,0.0,1310988,1310988,6620172,197644,0,0,831,2,1,2,0,5,0,0,0,0,0,0,0
6996776000,6996696000,0.00010718969,0.0032949215,0.006785609,8389271,0,0.3775656,0.4179347,0.03460064,0.039319277,0.007005588,0.0047242795,0.0,0.0,0.0,0.0,1310988,1310988,6620172,197644,0,0,831,2,1,2,0,5,0,0,0,0,0,0,0
6996976000,6996896000,0.00030374186,0.006681904,0.01329396,8389351,0,0.37426922,0.41825238,0.008269721,0.06469269,0.0072662965,0.0059989356,0.0,0.0,0.0,0.0,1310988,1310988,6620172,197644,0,0,831,2,1,2,0,5,0,0,0,0,0,0,0
6997176000,6997096000,0.00036503444,0.008633905,0.017003886,8389351,0,0.37128147,0.41561618,0.014647018,0.061048556,0.00812059,0.0019202589,0.0,0.0,0.0,0.0,1310988,1310988,6620172,197644,0,0,831,2,1,2,0,5,0,0,0,0,0,0,0
6997376000,6997296000,0.00026174908,0.007942713,0.015293562,8389351,0,0.3685503,0.41600847,0.011635893,0.053545807,0.0070449538,0.0052927574,0.0,0.0,0.0,0.0,1310988,1310988,6620172,197644,0,0,831,2,1,2,0,5,0,0,0,0,0,0,0
6997576000,6997496000,6.382333e-05,0.0029136755,0.0072368463,8389351,0,0.38689786,0.4222293,0.0059844134,0.053545807,0.0070449538,0.0010396751,0.0,0.0,0.0,0.0,1310988,1310988,6620172,197644,0,0,831,2,1,2,0,5,0,0,0,0,0,0,0
6997776000,6997696000,0.00022109904,0.0041876137,0.008396759,8389351,0,0.3827517,0.4194026,0.023161257,0.049880903,0.008186488,0.011055662,0.0,0.0,0.0,0.0,1310988,1310988,6620172,197644,0,0,831,2,1,2,0,5,0,0,0,0,0,0,0
6997976000,6997896000,0.00017596537,0.0045150933,0.00950676,8389351,0,0.37895313,0.41966355,0.017899292,0.044172335,0.008977844,0.0011375708,0.0,0.0,0.0,0.0,1310988,1310988,6620172,197644,0,0,831,2,1,2,0,5,0,0,0,0,0,0,0
6998176000,6998096000,0.00017469378,0.004061014,0.008802316,8389351,0,0.37551844,0.41700515,0.018454468,0.039469242,0.008194963,0.004601493,0.0,0.0,0.0,0.0,1310988,1310988,6620172,197644,0,0,831,2,1,2,0,5,0,0,0,0,0,0,0
6998376000,6998296000,8.855099e-05,0.0037984168,0.008984337,8389351,0,0.37239188,0.4173487,0.012505602,0.028932456,0.007811575,0.0031852087,0.0,0.0,0.0,0.0,1310988,1310988,6620172,197644,0,0,831,2,1,2,0,5,0,0,0,0,0,0,0
6998576000,6998496000,0.00012862496,0.0031814796,0.008487714,8389351,0,0.36953765,0.41477406,0.031153087,0.031445045,0.008440712,0.008837263,0.0,0.0,0.0,0.0,1310988,1310988,6620172,197644,0,0,831,2,1,2,0,5,0,0,0,0,0,0,0
6998776000,6998696000,0.00012713892,0.0035861616,0.0075191897,8389351,0,0.366981,0.41520044,0.036350295,0.03719484,0.009650999,0.0047715693,0.0,0.0,0.0,0.0,1310988,1310988,6620172,197644,0,0,831,2,1,2,0,5,0,0,0,0,0,0,0
6998976000,6998896000,8.714477e-06,0.005470496,0.011247709,8389351,0,0.38507935,0.42143908,0.0033732324,0.03719484,0.009650999,0.0028897,0.0,0.0,0.0,0.0,1310988,1310988,6620172,197644,0,0,831,2,1,2,0,5,0,0,0,0,0,0,0
6999176000,6999096000,0.00010919223,0.004593588,0.009412686,8389351,0,0.38107958,0.41864967,0.03852705,0.03958747,0.008352409,0.004029783,0.0,0.0,0.0,0.0,1310988,1310988,6620172,197644,0,0,831,2,1,2,0,5,0,0,0,0,0,0,0
6999376000,6999296000,0.000103216524,0.0045747194,0.009055564,8389351,0,0.37747437,0.41891494,0.01821021,0.038382288,0.009598269,0.0011297612,0.0,0.0,0.0,0.0,1310988,1310988,6620172,197644,0,0,831,2,1,2,0,5,0,0,0,0,0,0,0
6999576000,6999496000,3.1960357e-05,0.005426153,0.012188007,8389351,0,0.37420303,0.4192029,0.02915837,0.028623369,0.009011809,0.0028405662,0.0,0.0,0.0,0.0,1310988,1310988,6620172,197644,0,0,831,2,1,2,0,5,0,0,0,0,0,0,0
6999776000,6999696000,5.854865e-05,0.004653162,0.008569916,8389351,0,0.37122163,0.4165312,0.011617982,0.019126948,0.008530055,0.015600851,0.0,0.0,0.0,0.0,1310988,1310988,6620172,197644,0,0,831,2,1,2,0,5,0,0,0,0,0,0,0
6999976000,6999896000,8.833228e-05,0.004543616,0.009936838,8389351,0,0.36849314,0.41686332,0.015842093,0.027892295,0.0059705526,0.0051782154,0.0,0.0,0.0,0.0,1310988,1310988,6620172,197644,0,0,831,2,1,2,0,5,0,0,0,0,0,0,0
7000176000,7000096000,3.5594458e-05,0.005648683,0.011364149,8389271,0,0.38675633,0.42314702,0.010164361,0.027892295,0.0059705526,0.007577016,0.0,0.0,0.0,0.0,1310988,1310988,6620172,197644,0,0,831,2,1,2,0,5,0,0,0,0,0,0,0
7000376000,7000296000,6.812423e-05,0.00537177,0.010678331,8389271,0,0.38263074,0.42023423,0.00035375246,0.013173859,0.0062970347,0.0024610194,0.0,0.0,0.0,0.0,1310988,1310988,6620172,197644,0,0,831,2,1,2,0,5,0,0,0,0,0,0,0
7000568000,7000488000,0.00012801113,0.0069783684,0.013728755,8389271,0,0.3781857,0.41982147,0.0006497259,0.03307897,0.005279932,0.00085445464,0.0,0.0,0.0,0.0,1310988,1310988,6620172,197644,0,0,831,2,1,2,0,5,0,0,0,0,0,0,0
7000776000,7000696000,4.956897e-05,0.00583199,0.011604682,8389271,0,0.37548915,0.41770163,0.013451357,0.019968139,0.0047611254,0.0009929778,0.0,0.0,0.0,0.0,1310988,1310988,6620172,197644,0,0,831,2,1,2,0,5,0,0,0,0,0,0,0
7000976000,7000896000,6.798922e-05,0.0057577994,0.012207506,8389271,0,0.3723711,0.4180484,0.0026423272,0.018019537,0.0041515445,0.0039107217,0.0,0.0,0.0,0.0,1310988,1310988,6620172,197644,0,0,831,2,1,2,0,5,0,0,0,0,0,0,0
7001176000,7001096000,6.044478e-05,0.0070562405,0.014976408,8389271,0,0.36952278,0.4154548,0.01603089,0.028870242,0.004137403,0.003352247,0.0,0.0,0.0,0.0,1310988,1310988,6620172,197644,0,0,831,2,1,2,0,5,0,0,0,0,0,0,0
7001376000,7001296000,0.00020550835,0.007543058,0.014693507,8389271,0,0.36691102,0.4158539,0.00027266185,0.030575044,0.0018214571,0.004594067,0.0,0.0,0.0,0.0,1310988,1310988,6620172,197644,0,0,831,2,1,2,0,5,0,0,0,0,0,0,0
7001576000,7001496000,1.0681631e-05,0.0053720707,0.011151556,8389271,0,0.38504273,0.4221968,0.00036858744,0.030575044,0.0018214571,0.0036281263,0.0,0.0,0.0,0.0,1310988,1310988,6620172,197644,0,0,831,2,1,2,0,5,0,0,0,0,0,0,0
7001776000,7001696000,0.00010316654,0.0067494316,0.013585777,8389271,0,0.38105154,0.41943535,0.0013090698,0.029687611,0.0013645787,0.0010232605,0.0,0.0,0.0,0.0,1310988,1310988,6620172,197644,0,0,831,2,1,2,0,5,0,0,0,0,0,0,0
7001976000,7001896000,8.028289e-05,0.00798267,0.01584229,8389271,0,0.37745452,0.4197419,0.0048892875,0.0380017,0.00095402513,0.00015756609,0.0,0.0,0.0,0.0,1310988,1310988,6620172,197644,0,0,831,2,1,2,0,5,0,0,0,0,0,0,0
7002168000,7002088000,5.834285e-05,0.0076649557,0.016428346,8389271,0,0.37347728,0.41650108,0.004347351,0.030817416,0.002724118,0.0014475392,0.0,0.0,0.0,0.0,1310988,1310988,6620172,197644,0,0,831,2,1,2,0,5,0,0,0,0,0,0,0
7002376000,7002296000,7.089576e-05,0.0070544705,0.014490032,8389271,0,0.3712191,0.41749513,0.006416223,0.02528072,0.001889133,0.0014952281,0.0,0.0,0.0,0.0,1310988,1310988,6620172,197644,0,0,831,2,1,2,0,5,0,0,0,0,0,0,0
7002576000,7002496000,6.840205e-05,0.006339384,0.012960088,8389271,0,0.36849755,0.41494098,0.011792236,0.033025842,0.0010807404,0.0025479952,0.0,0.0,0.0,0.0,1310988,1310988,6620172,197644,0,0,831,2,1,2,0,5,0,0,0,0,0,0,0
7002776000,7002696000,0.00019388252,0.003418013,0.0072693275,8389271,0,0.3868144,0.4213124,0.018963428,0.033025842,0.0010807404,0.0022455375,0.0,0.0,0.0,0.0,1310988,1310988,6620172,197644,0,0,831,2,1,2,0,5,0,0,0,0,0,0,0
7002976000,7002896000,7.0240705e-05,0.0049885954,0.01023892,8389271,0,0.38268334,0.42155513,0.010156095,0.035096593,0.0021181032,0.0028637196,0.0,0.0,0.0,0.0,1310988,1310988,6620172,197644,0,0,831,2,1,2,0,5,0,0,0,0,0,0,0
7003176000,7003096000,5.7008154e-05,0.0042269984,0.009461946,8389271,0,0.3788974,0.4187891,0.00069121504,0.031082511,0.0020971044,0.00055144134,0.0,0.0,0.0,0.0,1310988,1310988,6620172,197644,0,0,831,2,1,2,0,5,0,0,0,0,0,0,0
7003376000,7003296000,8.602754e-05,0.0043899124,0.009756924,8389271,0,0.37554097,0.41908768,0.006105878,0.03562162,0.001753182,0.0034031875,0.0,0.0,0.0,0.0,1310988,1310988,6620172,197644,0,0,831,2,1,2,0,5,0,0,0,0,0,0,0
7003576000,7003496000,6.529748e-05,0.003879,0.0075339843,8389271,0,0.37241998,0.41938803,0.001446533,0.023825238,0.0028428512,0.0018224193,0.0,0.0,0.0,0.0,1310988,1310988,6620172,197644,0,0,831,2,1,2,0,5,0,0,0,0,0,0,0
7003776000,7003696000,6.173487e-05,0.0035573044,0.007022111,8389271,0,0.36963224,0.41674015,0.007979382,0.022842081,0.002696846,0.00021816797,0.0,0.0,0.0,0.0,1310988,1310988,6620172,197644,0,0,831,2,1,2,0,5,0,0,0,0,0,0,0
7003976000,7003896000,0.00012697576,0.0036573869,0.0070382366,8389271,0,0.36701146,0.41708866,0.0032737036,0.031629432,0.0028453984,0.0013497648,0.0,0.0,0.0,0.0,1310988,1310988,6620172,197644,0,0,831,2,1,2,0,5,0,0,0,0,0,0,0
7004176000,7004096000,4.228529e-05,0.0018791745,0.0029823524,8389271,0,0.38515994,0.42037845,0.0043923846,0.031629432,0.0028453984,0.0064627095,0.0,0.0,0.0,0.0,1310988,1310988,6620172,197644,0,0,831,2,1,2,0,5,0,0,0,0,0,0,0
7004376000,7004296000,0.000104721476,0.0043143868,0.008076636,8389271,0,0.3811547,0.42058492,0.0009647573,0.035943415,0.00393632,0.004144821,0.0,0.0,0.0,0.0,1310988,1310988,6620172,197644,0,0,831,2,1,2,0,5,0,0,0,0,0,0,0
7004576000,7004496000,5.2266038e-05,0.0026687928,0.0052183545,8389271,0,0.37754482,0.42083403,0.0066046705,0.022590766,0.0033555108,0.0020110996,0.0,0.0,0.0,0.0,1310988,1310988,6620172,197644,0,0,831,2,1,2,0,5,0,0,0,0,0,0,0
7004776000,7004696000,8.4666404e-05,0.0020241425,0.0041570957,8389271,0,0.3742709,0.41811576,0.016854614,0.028207172,0.003589436,0.0057051163,0.0,0.0,0.0,0.0,1310988,1310988,6620172,197644,0,0,831,2,1,2,0,5,0,0,0,0,0,0,0
7004976000,7004896000,0.00010109651,0.002783455,0.005728671,8389271,0,0.37128675,0.41842678,0.018189492,0.036600124,0.0033505145,0.002439683,0.0,0.0,0.0,0.0,1310988,1310988,6620172,197644,0,0,831,2,1,2,0,5,0,0,0,0,0,0,0
7005176000,7005096000,6.9385e-05,0.001760841,0.0034863655,8389271,0,0.3685549,0.41583285,0.008694664,0.030249871,0.0025744922,7.3590694e-05,0.0,0.0,0.0,0.0,1310988,1310988,6620172,197644,0,0,831,2,1,2,0,5,0,0,0,0,0,0,0
7005376000,7005296000,7.332882e-05,0.0021658624,0.0037073889,8389271,0,0.38684285,0.4222228,0.007550535,0.030249871,0.0025744922,0.0050710225,0.0,0.0,0.0,0.0,1310988,1310988,6620172,197644,0,0,831,2,1,2,0,5,0,0,0,0,0,0,0
7005576000,7005496000,9.062417e-05,0.0017429315,0.002867018,8389271,0,0.3826328,0.41943264,0.0059454273,0.020818967,0.0018738458,0.0024281929,0.0,0.0,0.0,0.0,1310988,1310988,6620172,197644,0,0,831,2,1,2,0,5,0,0,0,0,0,0,0
7005776000,7005696000,8.006972e-05,0.00093485805,0.0017834082,8389271,0,0.37884927,0.4197379,0.019161081,0.021679277,0.0023043135,0.005463624,0.0,0.0,0.0,0.0,1310988,1310988,6620172,197644,0,0,831,2,1,2,0,5,0,0,0,0,0,0,0
7005976000,7005896000,6.606013e-05,0.001630193,0.0033519936,8389271,0,0.3754255,0.41707644,0.0036093255,0.0193228,0.002527496,0.0035581004,0.0,0.0,0.0,0.0,1310988,1310988,6620172,197644,0,0,831,2,1,2,0,5,0,0,0,0,0,0,0
7006176000,7006096000,0.00011349881,0.0017635145,0.0040891515,8389271,0,0.37231177,0.41743493,0.019533781,0.02364932,0.001426905,0.0022475168,0.0,0.0,0.0,0.0,1310988,1310988,6620172,197644,0,0,831,2,1,2,0,5,0,0,0,0,0,0,0
7006376000,7006296000,6.7077424e-05,0.0026513753,0.006398764,8389271,0,0.3694669,0.4178006,0.0021034523,0.0325592,0.0021493004,0.002722897,0.0,0.0,0.0,0.0,1310988,1310988,6620172,197644,0,0,831,2,1,2,0,5,0,0,0,0,0,0,0
7006576000,7006496000,0.00016899119,0.0031350798,0.0060291276,8389271,0,0.36685708,0.41527787,0.022117168,0.026690947,0.00194257,0.008664997,0.0,0.0,0.0,0.0,1310988,1310988,6620172,197644,0,0,831,2,1,2,0,5,0,0,0,0,0,0,0
7006776000,7006696000,0.00014285845,0.0038935787,0.007769704,8389271,0,0.38493684,0.4216683,0.006554521,0.026690947,0.00194257,0.0039060048,0.0,0.0,0.0,0.0,1310988,1310988,6620172,197644,0,0,831,2,1,2,0,5,0,0,0,0,0,0,0
7006976000,7006896000,0.00011327094,0.0032001617,0.006350028,8389271,0,0.38095424,0.41890514,0.028479142,0.02126968,0.0015166475,0.0016690344,0.0,0.0,0.0,0.0,1310988,1310988,6620172,197644,0,0,831,2,1,2,0,5,0,0,0,0,0,0,0
7007176000,7007096000,9.782671e-05,0.0013116265,0.0037430008,8389271,0,0.37736255,0.4191981,0.017264344,0.022612337,0.0019593467,0.0019634294,0.0,0.0,0.0,0.0,1310988,1310988,6620172,197644,0,0,831,2,1,2,0,5,0,0,0,0,0,0,0
7007376000,7007296000,5.4322412e-05,0.00068713765,0.0015279818,8389271,0,0.37410462,0.41951,0.012229678,0.021149276,0.0017627997,0.0035998065,0.0,0.0,0.0,0.0,1310988,1310988,6620172,197644,0,0,831,2,1,2,0,5,0,0,0,0,0,0,0
7007576000,7007496000,0.000101867576,0.0033539059,0.009075817,8389271,0,0.37113413,0.41685197,0.015320144,0.048309214,0.00060128636,0.0053883824,0.0,0.0,0.0,0.0,1310988,1310988,6620172,197644,0,0,831,2,1,2,0,5,0,0,0,0,0,0,0
7007776000,7007696000,0.00012956318,0.0024238476,0.0054248828,8389271,0,0.3684148,0.4172012,0.033416312,0.030831097,0.0016277859,0.00054283655,0.0,0.0,0.0,0.0,1310988,1310988,6620172,197644,0,0,831,2,1,2,0,5,0,0,0,0,0,0,0
7007976000,7007896000,0.00014337606,0.0027415806,0.0053223725,8389271,0,0.3866542,0.42054036,0.025219465,0.030831097,0.0016277859,0.0045020576,0.0,0.0,0.0,0.0,1310988,1310988,6620172,197644,0,0,831,2,1,2,0,5,0,0,0,0,0,0,0
7008176000,7008096000,6.314867e-05,0.0038304862,0.007943714,8389271,0,0.38253814,0.42074037,0.0135684265,0.034259714,0.0019061618,0.00068385986,0.0,0.0,0.0,0.0,1310988,1310988,6620172,197644,0,0,831,2,1,2,0,5,0,0,0,0,0,0,0
7008376000,7008296000,0.00018454342,0.0047918996,0.0094577735,8389271,0,0.37876374,0.42099026,0.024209782,0.027886227,0.00054934114,0.003515654,0.0,0.0,0.0,0.0,1310988,1310988,6620172,197644,0,0,831,2,1,2,0,5,0,0,0,0,0,0,0
7008576000,7008496000,0.00015811472,0.0039701457,0.009265919,8389271,0,0.37541506,0.41826135,0.015663909,0.0378419,0.0010910194,0.0061750435,0.0,0.0,0.0,0.0,1310988,1310988,6620172,197644,0,0,831,2,1,2,0,5,0,0,0,0,0,0,0
7008776000,7008696000,0.00013374147,0.0031561796,0.00836325,8389271,0,0.37230152,0.41856426,0.022261413,0.03868266,0.0017087461,0.004468115,0.0,0.0,0.0,0.0,1310988,1310988,6620172,197644,0,0,831,2,1,2,0,5,0,0,0,0,0,0,0
7008976000,7008896000,0.00010738758,0.0037368464,0.0074244197,8389271,0,0.3694568,0.41887772,0.017174197,0.02662051,0.0007897503,0.00029522824,0.0,0.0,0.0,0.0,1310988,1310988,6620172,197644,0,0,831,2,1,2,0,5,0,0,0,0,0,0,0
7009176000,7009096000,0.00016712748,0.0029018954,0.0057216506,8389271,0,0.3668468,0.41624326,0.01333104,0.025813146,0.0016095799,0.0015150812,0.0,0.0,0.0,0.0,1310988,1310988,6620172,197644,0,0,831,2,1,2,0,5,0,0,0,0,0,0,0
7009376000,7009296000,0.00011677037,0.0031332653,0.00670501,8389271,0,0.38491037,0.42256784,0.021613562,0.025813146,0.0016095799,0.004972169,0.0,0.0,0.0,0.0,1310988,1310988,6620172,197644,0,0,831,2,1,2,0,5,0,0,0,0,0,0,0
7009576000,7009496000,0.00010353627,0.0028919422,0.00572158,8389271,0,0.38093105,0.41965967,0.014646164,0.031700913,0.0034540957,0.0041074636,0.0,0.0,0.0,0.0,1310988,1310988,6620172,197644,0,0,831,2,1,2,0,5,0,0,0,0,0,0,0
7009776000,7009696000,3.473542e-05,0.0033781591,0.007283954,8389271,0,0.37734058,0.41988707,0.02691435,0.016407754,0.0035848795,0.0022784935,0.0,0.0,0.0,0.0,1310988,1310988,6620172,197644,0,0,831,2,1,2,0,5,0,0,0,0,0,0,0
7009968000,7009888000,0.000153928,0.0025387844,0.0051078154,8389271,0,0.37337142,0.41951597,0.010269813,0.03816394,0.0025899215,0.0071439035,0.0,0.0,0.0,0.0,1310988,1310988,6620172,197644,0,0,831,2,1,2,0,5,0,0,0,0,0,0,0
7010176000,7010096000,0.00014452283,0.002492073,0.0052293693,8389271,0,0.3711126,0.41744524,0.01328136,0.029987566,0.004594872,0.00023115339,0.0,0.0,0.0,0.0,1310988,1310988,6620172,197644,0,0,831,2,1,2,0,5,0,0,0,0,0,0,0
7010376000,7010296000,0.00015175807,0.0028796406,0.008100611,8389271,0,0.36839283,0.41779122,0.019581191,0.014610646,0.0044599734,0.008179247,0.0,0.0,0.0,0.0,1310988,1310988,6620172,197644,0,0,831,2,1,2,0,5,0,0,0,0,0,0,0
7010576000,7010496000,0.00014280986,0.0038357736,0.011020123,8389271,0,0.3866039,0.421177,0.025685439,0.014610646,0.0044599734,0.0040857852,0.0,0.0,0.0,0.0,1310988,1310988,6620172,197644,0,0,831,2,1,2,0,5,0,0,0,0,0,0,0
7010776000,7010696000,0.00014615554,0.0025638638,0.0059209843,8389271,0,0.38249075,0.4213991,0.017240675,0.028382776,0.005128959,0.0050668335,0.0,0.0,0.0,0.0,1310988,1310988,6620172,197644,0,0,831,2,1,2,0,5,0,0,0,0,0,0,0
7010976000,7010896000,0.00017492124,0.0037337116,0.0075135874,8389271,0,0.37871924,0.41859955,0.023911733,0.016248917,0.0044640033,0.0059099444,0.0,0.0,0.0,0.0,1310988,1310988,6620172,197644,0,0,831,2,1,2,0,5,0,0,0,0,0,0,0
7011176000,7011096000,0.0001371283,0.0026875879,0.00536165,8389271,0,0.3753056,0.41888773,0.025159428,0.022022989,0.0037561636,0.0069683148,0.0,0.0,0.0,0.0,1310988,1310988,6620172,197644,0,0,831,2,1,2,0,5,0,0,0,0,0,0,0
7011376000,7011296000,0.0001833978,0.0042001395,0.00829842,8389271,0,0.37226406,0.41626337,0.013869485,0.041512337,0.005373403,0.0025037262,0.0,0.0,0.0,0.0,1310988,1310988,6620172,197644,0,0,831,2,1,2,0,5,0,0,0,0,0,0,0
7011576000,7011496000,0.00026898077,0.0042063934,0.008010752,8389271,0,0.36942008,0.4166474,0.0341881,0.029147202,0.003661416,0.004425024,0.0,0.0,0.0,0.0,1310988,1310988,6620172,197644,0,0,831,2,1,2,0,5,0,0,0,0,0,0,0
7011776000,7011696000,0.00012547411,0.0029009478,0.0058312737,8389271,0,0.36681098,0.41707897,0.015752288,0.028237958,0.004555087,0.0049136523,0.0,0.0,0.0,0.0,1310988,1310988,6620172,197644,0,0,831,2,1,2,0,5,0,0,0,0,0,0,0
7011976000,7011896000,0.00013314091,0.0028190436,0.006949178,8389271,0,0.38484165,0.42047238,0.031980265,0.028237958,0.004555087,0.0016256974,0.0,0.0,0.0,0.0,1310988,1310988,6620172,197644,0,0,831,2,1,2,0,5,0,0,0,0,0,0,0
7012176000,7012096000,0.0001546572,0.002423298,0.0059317444,8389271,0,0.38086924,0.42070985,0.00904386,0.024563257,0.005034265,0.0020508037,0.0,0.0,0.0,0.0,1310988,1310988,6620172,197644,0,0,831,2,1,2,0,5,0,0,0,0,0,0,0
7012376000,7012296000,0.00013569026,0.0029890737,0.007007958,8389271,0,0.3772845,0.42096975,0.0047779325,0.025608944,0.00654506,0.005459293,0.0,0.0,0.0,0.0,1310988,1310988,6620172,197644,0,0,831,2,1,2,0,5,0,0,0,0,0,0,0
7012576000,7012496000,0.00019741525,0.0037772155,0.007903612,8389271,0,0.37403145,0.41824144,0.020619083,0.040221304,0.005865277,0.0036749793,0.0,0.0,0.0,0.0,1310988,1310988,6620172,197644,0,0,831,2,1,2,0,5,0,0,0,0,0,0,0
7012776000,7012696000,0.00012945144,0.002164178,0.004163378,8389271,0,0.371065,0.4185454,0.02738109,0.019835053,0.0044311327,0.0073597096,0.0,0.0,0.0,0.0,1310988,1310988,6620172,197644,0,0,831,2,1,2,0,5,0,0,0,0,0,0,0
7012976000,7012896000,0.00010337107,0.0028759155,0.007463537,8389271,0,0.36834702,0.4188686,0.020326031,0.016159981,0.0043942407,0.0016328794,0.0,0.0,0.0,0.0,1310988,1310988,6620172,197644,0,0,831,2,1,2,0,5,0,0,0,0,0,0,0
7013176000,7013096000,0.00024471284,0.0034596883,0.007502616,8389271,0,0.3865343,0.42221633,0.053619448,0.016159981,0.0043942407,0.0061786617,0.0,0.0,0.0,0.0,1310988,1310988,6620172,197644,0,0,831,2,1,2,0,5,0,0,0,0,0,0,0
7013376000,7013296000,0.00017535393,0.002544776,0.005730692,8389271,0,0.3824265,0.42236567,0.022834655,0.017635755,0.003967715,0.003383043,0.0,0.0,0.0,0.0,1310988,1310988,6620172,197644,0,0,831,2,1,2,0,5,0,0,0,0,0,0,0
7013576000,7013496000,0.00017394628,0.0014876656,0.002030616,8389271,0,0.37866044,0.4195134,0.02314148,0.027833499,0.0069612656,0.011225057,0.0,0.0,0.0,0.0,1310988,1310988,6620172,197644,0,0,831,2,1,2,0,5,0,0,0,0,0,0,0
7013776000,7013696000,0.000106827996,0.0012142975,0.0026982806,8389271,0,0.37531912,0.41977322,0.0023863863,0.029707778,0.0058383625,0.0013695826,0.0,0.0,0.0,0.0,1310988,1310988,6620172,197644,0,0,831,2,1,2,0,5,0,0,0,0,0,0,0
7013976000,7013896000,0.0001461369,0.0022409963,0.004981043,8389271,0,0.3722118,0.41706067,0.02349544,0.025084168,0.0071417713,0.00969518,0.0,0.0,0.0,0.0,1310988,1310988,6620172,197644,0,0,831,2,1,2,0,5,0,0,0,0,0,0,0
7014176000,7014096000,0.00013503064,0.0020082225,0.0036402512,8389271,0,0.3693721,0.41737226,0.035656825,0.019405475,0.006170209,0.003439605,0.0,0.0,0.0,0.0,1310988,1310988,6620172,197644,0,0,831,2,1,2,0,5,0,0,0,0,0,0,0
7014376000,7014296000,0.00024184595,0.0037612976,0.0059805424,8389271,0,0.3668282,0.414801,0.037618484,0.038092382,0.006862055,0.0067894915,0.0,0.0,0.0,0.0,1310988,1310988,6620172,197644,0,0,831,2,1,2,0,5,0,0,0,0,0,0,0
7014576000,7014496000,0.0003092651,0.0026335027,0.0056154807,8389271,0,0.3848659,0.42112923,0.02730033,0.038092382,0.006862055,0.007034293,0.0,0.0,0.0,0.0,1310988,1310988,6620172,197644,0,0,831,2,1,2,0,5,0,0,0,0,0,0,0
7014776000,7014696000,0.0002773672,0.0052641015,0.008084171,8389271,0,0.3808935,0.42136917,0.06664899,0.063473515,0.008374144,0.007929118,0.0,0.0,0.0,0.0,1310988,1310988,6620172,197644,0,0,831,2,1,2,0,5,0,0,0,0,0,0,0
7014976000,7014896000,0.00020034863,0.0049773855,0.009291005,8389271,0,0.37731072,0.4186284,0.01636389,0.041151725,0.008684531,0.00831253,0.0,0.0,0.0,0.0,1310988,1310988,6620172,197644,0,0,831,2,1,2,0,5,0,0,0,0,0,0,0
7015176000,7015096000,0.00016454379,0.0067643374,0.012478548,8389271,0,0.37406054,0.41892532,0.023144318,0.055107445,0.008992807,0.0030586428,0.0,0.0,0.0,0.0,1310988,1310988,6620172,197644,0,0,831,2,1,2,0,5,0,0,0,0,0,0,0
7015376000,7015296000,0.00013925479,0.006529203,0.012710355,8389271,0,0.3710963,0.41923794,0.010856011,0.04659849,0.008612161,0.0039817183,0.0,0.0,0.0,0.0,1310988,1310988,6620172,197644,0,0,831,2,1,2,0,5,0,0,0,0,0,0,0
7015576000,7015496000,0.00020050499,0.006511619,0.01286944,8389351,0,0.36837167,0.41662493,0.01502304,0.043435346,0.008766814,0.00018094903,0.0,0.0,0.0,0.0,1310988,1310988,6620172,197644,0,0,831,2,1,2,0,5,0,0,0,0,0,0,0
7015776000,7015696000,0.00032662597,0.0036497219,0.0075215544,8389351,0,0.38662896,0.41992202,0.03225758,0.043435346,0.008766814,0.0035724652,0.0,0.0,0.0,0.0,1310988,1310988,6620172,197644,0,0,831,2,1,2,0,5,0,0,0,0,0,0,0
7015976000,7015896000,0.00010933303,0.004957156,0.010281952,8389351,0,0.38251048,0.42015505,0.02993762,0.037359655,0.0060966117,0.0023408518,0.0,0.0,0.0,0.0,1310988,1310988,6620172,197644,0,0,831,2,1,2,0,5,0,0,0,0,0,0,0
7016176000,7016096000,0.00014039979,0.0063852696,0.012344379,8389351,0,0.3787316,0.4204147,0.0148173785,0.04145338,0.008702323,0.0009600922,0.0,0.0,0.0,0.0,1310988,1310988,6620172,197644,0,0,831,2,1,2,0,5,0,0,0,0,0,0,0
7016376000,7016296000,0.00013625195,0.0072075706,0.014071975,8389351,0,0.3753829,0.41770336,0.014975723,0.050377402,0.005775239,0.0010804152,0.0,0.0,0.0,0.0,1310988,1310988,6620172,197644,0,0,831,2,1,2,0,5,0,0,0,0,0,0,0
7016576000,7016496000,0.00016344935,0.007038893,0.013674334,8389351,0,0.37226963,0.41800892,0.011301102,0.04670069,0.006187286,0.0030933672,0.0,0.0,0.0,0.0,1310988,1310988,6620172,197644,0,0,831,2,1,2,0,5,0,0,0,0,0,0,0
7016776000,7016696000,0.00018755932,0.0072934516,0.014359196,8389351,0,0.36942574,0.41832253,0.021302177,0.051790517,0.0070582796,0.00944834,0.0,0.0,0.0,0.0,1310988,1310988,6620172,197644,0,0,831,2,1,2,0,5,0,0,0,0,0,0,0
7016976000,7016896000,0.00022587094,0.00809764,0.015863732,8389351,0,0.3668757,0.41570646,0.016883535,0.060615357,0.005374206,0.007948694,0.0,0.0,0.0,0.0,1310988,1310988,6620172,197644,0,0,831,2,1,2,0,5,0,0,0,0,0,0,0
7017176000,7017096000,3.4153094e-05,0.0059095933,0.013695642,8389351,0,0.38494366,0.42192814,0.010927961,0.060615357,0.005374206,0.00059729634,0.0,0.0,0.0,0.0,1310988,1310988,6620172,197644,0,0,831,2,1,2,0,5,0,0,0,0,0,0,0
7017376000,7017296000,9.616998e-05,0.00542602,0.013151138,8389351,0,0.38095412,0.42206982,0.020084132,0.039043933,0.0053531085,0.0005566315,0.0,0.0,0.0,0.0,1310988,1310988,6620172,197644,0,0,831,2,1,2,0,5,0,0,0,0,0,0,0
7017576000,7017496000,8.8110835e-05,0.004023653,0.010294,8389351,0,0.37735397,0.41920903,0.015068715,0.032632183,0.006949894,0.0012188666,0.0,0.0,0.0,0.0,1310988,1310988,6620172,197644,0,0,831,2,1,2,0,5,0,0,0,0,0,0,0
7017776000,7017696000,0.00011793017,0.0036434405,0.01069958,8389351,0,0.37408897,0.41945317,0.020752763,0.036841515,0.005963861,0.0022050324,0.0,0.0,0.0,0.0,1310988,1310988,6620172,197644,0,0,831,2,1,2,0,5,0,0,0,0,0,0,0
7017976000,7017896000,9.2613336e-05,0.00504872,0.012145671,8389351,0,0.37111098,0.4167839,0.013445251,0.035330735,0.0049457047,0.0048681814,0.0,0.0,0.0,0.0,1310988,1310988,6620172,197644,0,0,831,2,1,2,0,5,0,0,0,0,0,0,0
7018176000,7018096000,6.69869e-05,0.0042167576,0.010536964,8389351,0,0.36838272,0.41712192,0.017813606,0.02046863,0.003941323,0.0016103972,0.0,0.0,0.0,0.0,1310988,1310988,6620172,197644,0,0,831,2,1,2,0,5,0,0,0,0,0,0,0
7018368000,7018288000,2.8356759e-05,0.0057771294,0.013269646,8389351,0,0.38577282,0.41974995,0.0055308472,0.02046863,0.003941323,0.0013053815,0.0,0.0,0.0,0.0,1310988,1310988,6620172,197644,0,0,831,2,1,2,0,5,0,0,0,0,0,0,0
7018576000,7018496000,8.621849e-05,0.00408591,0.011083274,8389351,0,0.38235205,0.4205939,0.013247806,0.02475012,0.0047395015,0.00319445,0.0,0.0,0.0,0.0,1310988,1310988,6620172,197644,0,0,831,2,1,2,0,5,0,0,0,0,0,0,0
7018776000,7018696000,0.00011329342,0.0031801234,0.008339545,8389351,0,0.37858805,0.41785625,0.010788431,0.04396727,0.005966458,0.0042965324,0.0,0.0,0.0,0.0,1310988,1310988,6620172,197644,0,0,831,2,1,2,0,5,0,0,0,0,0,0,0
7018976000,7018896000,7.085108e-05,0.0038625528,0.008815191,8389351,0,0.37517944,0.41816932,0.007645206,0.03067519,0.003901376,0.0042586606,0.0,0.0,0.0,0.0,1310988,1310988,6620172,197644,0,0,831,2,1,2,0,5,0,0,0,0,0,0,0
7019176000,7019096000,8.005572e-05,0.0039447607,0.008267242,8389351,0,0.37214142,0.41850203,0.009847572,0.03713206,0.0042658057,0.00276531,0.0,0.0,0.0,0.0,1310988,1310988,6620172,197644,0,0,831,2,1,2,0,5,0,0,0,0,0,0,0
7019376000,7019296000,0.00013233034,0.0025425043,0.007237466,8389271,0,0.36930007,0.41588512,0.01764706,0.02216657,0.0044174995,0.0042145746,0.0,0.0,0.0,0.0,1310988,1310988,6620172,197644,0,0,831,2,1,2,0,5,0,0,0,0,0,0,0
7019576000,7019496000,0.00013243126,0.0041399654,0.010783026,8389271,0,0.36669305,0.41625416,0.00042865347,0.04250078,0.0016790119,0.0007013084,0.0,0.0,0.0,0.0,1310988,1310988,6620172,197644,0,0,831,2,1,2,0,5,0,0,0,0,0,0,0
7019776000,7019696000,1.1657735e-05,0.004425668,0.009146509,8389271,0,0.38466284,0.41948012,0.00918768,0.04250078,0.0016790119,0.002018686,0.0,0.0,0.0,0.0,1310988,1310988,6620172,197644,0,0,831,2,1,2,0,5,0,0,0,0,0,0,0
7019976000,7019896000,0.00012730401,0.005649867,0.012429213,8389271,0,0.38070726,0.41971228,0.018155769,0.039329395,0.0021003897,0.0021010397,0.0,0.0,0.0,0.0,1310988,1310988,6620172,197644,0,0,831,2,1,2,0,5,0,0,0,0,0,0,0
7020176000,7020096000,9.102753e-05,0.0060864934,0.01330349,8389271,0,0.37713495,0.41996,0.011018326,0.046847038,0.0027037885,0.003957218,0.0,0.0,0.0,0.0,1310988,1310988,6620172,197644,0,0,831,2,1,2,0,5,0,0,0,0,0,0,0
7020376000,7020296000,9.591175e-05,0.00686277,0.0144213885,8389271,0,0.37389174,0.41723457,0.0019951735,0.043587867,0.0013248777,0.003648115,0.0,0.0,0.0,0.0,1310988,1310988,6620172,197644,0,0,831,2,1,2,0,5,0,0,0,0,0,0,0
7020576000,7020496000,8.1382896e-05,0.00653757,0.013215405,8389271,0,0.3709331,0.4175395,0.0021815985,0.028850172,0.0022663348,0.0024899193,0.0,0.0,0.0,0.0,1310988,1310988,6620172,197644,0,0,831,2,1,2,0,5,0,0,0,0,0,0,0
7020776000,7020696000,0.00010677998,0.007478394,0.016236018,8389271,0,0.3682237,0.41785708,0.00039144306,0.03132958,0.0018828504,4.848387e-05,0.0,0.0,0.0,0.0,1310988,1310988,6620172,197644,0,0,831,2,1,2,0,5,0,0,0,0,0,0,0
7020976000,7020896000,0.00016446703,0.0059481333,0.010985529,8389271,0,0.3864007,0.42108068,0.04599605,0.03132958,0.0018828504,0.0007426827,0.0,0.0,0.0,0.0,1310988,1310988,6620172,197644,0,0,831,2,1,2,0,5,0,0,0,0,0,0,0
7021176000,7021096000,5.867546e-05,0.006935805,0.01512941,8389271,0,0.38224366,0.42121762,0.004809206,0.026551886,0.0014337719,0.007098324,0.0,0.0,0.0,0.0,1310988,1310988,6620172,197644,0,0,831,2,1,2,0,5,0,0,0,0,0,0,0
7021376000,7021296000,0.00023503171,0.007592025,0.014993523,8389271,0,0.37850425,0.42137545,0.01359098,0.041841887,0.0031388837,0.00047352738,0.0,0.0,0.0,0.0,1310988,1310988,6620172,197644,0,0,831,2,1,2,0,5,0,0,0,0,0,0,0
7021576000,7021496000,0.0002156072,0.008221101,0.016376032,8389271,0,0.37512085,0.41853598,0.0049003344,0.041486282,0.0019426382,0.0028091127,0.0,0.0,0.0,0.0,1310988,1310988,6620172,197644,0,0,831,2,1,2,0,5,0,0,0,0,0,0,0
7021776000,7021696000,0.00036133223,0.009743574,0.018333066,8389271,0,0.3720435,0.41876003,0.0038030786,0.05473087,0.0024496187,0.0046826876,0.0,0.0,0.0,0.0,1310988,1310988,6620172,197644,0,0,831,2,1,2,0,5,0,0,0,0,0,0,0
7021976000,7021896000,0.0002679152,0.00980639,0.019030688,8389271,0,0.3692314,0.41899887,0.027920133,0.051056135,0.00393121,0.0024544003,0.0,0.0,0.0,0.0,1310988,1310988,6620172,197644,0,0,831,2,1,2,0,5,0,0,0,0,0,0,0
7022176000,7022096000,5.1378065e-05,0.0037332675,0.007872755,8389271,0,0.3876668,0.42215934,0.003940483,0.051056135,0.00393121,0.0045130556,0.0,0.0,0.0,0.0,1310988,1310988,6620172,197644,0,0,831,2,1,2,0,5,0,0,0,0,0,0,0
7022376000,7022296000,0.00020694341,0.005196379,0.010382473,8389271,0,0.38335237,0.42224443,0.0034725051,0.06510645,0.006541979,0.0012023698,0.0,0.0,0.0,0.0,1310988,1310988,6620172,197644,0,0,831,2,1,2,0,5,0,0,0,0,0,0,0
7022576000,7022496000,0.00023095797,0.008266766,0.015671102,8389271,0,0.37948158,0.4223694,0.014149871,0.0844118,0.0063414485,0.0036133796,0.0,0.0,0.0,0.0,1310988,1310988,6620172,197644,0,0,831,2,1,2,0,5,0,0,0,0,0,0,0
7022768000,7022688000,0.00028748813,0.0078332145,0.014895641,8389271,0,0.37526396,0.41891244,0.009284473,0.051260293,0.0063423505,0.00606076,0.0,0.0,0.0,0.0,1310988,1310988,6620172,197644,0,0,831,2,1,2,0,5,0,0,0,0,0,0,0
7022976000,7022896000,0.00020047282,0.0072883614,0.014494686,8389271,0,0.3728108,0.41974783,0.038744025,0.066266,0.005007638,0.006590923,0.0,0.0,0.0,0.0,1310988,1310988,6620172,197644,0,0,831,2,1,2,0,5,0,0,0,0,0,0,0
7023176000,7023096000,0.00022747174,0.005697182,0.011602338,8389271,0,0.3699129,0.41700694,0.013576507,0.06336894,0.0062848725,0.0023184458,0.0,0.0,0.0,0.0,1310988,1310988,6620172,197644,0,0,831,2,1,2,0,5,0,0,0,0,0,0,0
7023376000,7023296000,0.00017547271,0.0055640894,0.013362369,8389271,0,0.3672545,0.41728303,0.01154116,0.05719561,0.004518188,0.00082593964,0.0,0.0,0.0,0.0,1310988,1310988,6620172,197644,0,0,831,2,1,2,0,5,0,0,0,0,0,0,0
7023576000,7023496000,8.663111e-05,0.0043950863,0.007897133,8389271,0,0.3853916,0.42041904,0.014915317,0.05719561,0.004518188,0.0024626818,0.0,0.0,0.0,0.0,1310988,1310988,6620172,197644,0,0,831,2,1,2,0,5,0,0,0,0,0,0,0
7023776000,7023696000,0.00015367528,0.0006169658,0.0028127246,8389271,0,0.38135144,0.42056528,0.01501215,0.06578284,0.006791673,0.00024324769,0.0,0.0,0.0,0.0,1310988,1310988,6620172,197644,0,0,831,2,1,2,0,5,0,0,0,0,0,0,0
7023976000,7023896000,0.000106339765,0.0009765273,0.0018736785,8389271,0,0.3777055,0.42074937,0.017460698,0.038587447,0.005806542,0.009218156,0.0,0.0,0.0,0.0,1310988,1310988,6620172,197644,0,0,831,2,1,2,0,5,0,0,0,0,0,0,0
7024176000,7024096000,0.00021254853,0.00051132037,0.0014050717,8389271,0,0.37439743,0.41798145,0.0296941,0.054224566,0.0057686735,0.0007877951,0.0,0.0,0.0,0.0,1310988,1310988,6620172,197644,0,0,831,2,1,2,0,5,0,0,0,0,0,0,0
7024376000,7024296000,0.0002123777,0.0024745725,0.004059619,8389271,0,0.37138113,0.41825247,0.082730606,0.034525458,0.005540421,0.002121964,0.0,0.0,0.0,0.0,1310988,1310988,6620172,197644,0,0,831,2,1,2,0,5,0,0,0,0,0,0,0
7024576000,7024496000,0.00011562604,0.0027052157,0.005163972,8389271,0,0.36862186,0.4155751,0.004170353,0.03864935,0.0045622983,0.00539803,0.0,0.0,0.0,0.0,1310988,1310988,6620172,197644,0,0,831,2,1,2,0,5,0,0,0,0,0,0,0
7024776000,7024696000,0.00026779104,0.0066534462,0.012689722,8389271,0,0.38677478,0.4217969,0.03436592,0.03864935,0.0045622983,0.0015772159,0.0,0.0,0.0,0.0,1310988,1310988,6620172,197644,0,0,831,2,1,2,0,5,0,0,0,0,0,0,0
7024976000,7024896000,0.00014184171,0.003436065,0.0083575705,8389271,0,0.38256672,0.41894484,0.028629903,0.05077581,0.007236277,0.0017079873,0.0,0.0,0.0,0.0,1310988,1310988,6620172,197644,0,0,831,2,1,2,0,5,0,0,0,0,0,0,0
7025176000,7025096000,0.00013779268,0.0026596563,0.0065339045,8389271,0,0.3787831,0.41918728,0.027554233,0.042446584,0.008180419,0.0033459668,0.0,0.0,0.0,0.0,1310988,1310988,6620172,197644,0,0,831,2,1,2,0,5,0,0,0,0,0,0,0
7025376000,7025296000,0.00010203769,0.0050534946,0.015107918,8389271,0,0.3753568,0.41944793,0.026853384,0.048328266,0.007058389,0.016617304,0.0,0.0,0.0,0.0,1310988,1310988,6620172,197644,0,0,831,2,1,2,0,5,0,0,0,0,0,0,0
7025576000,7025496000,0.000104356164,0.005212998,0.016636608,8389351,0,0.37222043,0.41674012,0.039077673,0.04451341,0.0064038946,0.0058922656,0.0,0.0,0.0,0.0,1310988,1310988,6620172,197644,0,0,831,2,1,2,0,5,0,0,0,0,0,0,0
7025776000,7025696000,0.0001247169,0.0051657176,0.015493135,8389351,0,0.36933395,0.4170373,0.019924395,0.052704684,0.0067126476,0.005211083,0.0,0.0,0.0,0.0,1310988,1310988,6620172,197644,0,0,831,2,1,2,0,5,0,0,0,0,0,0,0
7025976000,7025896000,0.00016473216,0.0059216735,0.015977496,8389351,0,0.36669788,0.41735074,0.027620964,0.0505127,0.008774998,0.00078962324,0.0,0.0,0.0,0.0,1310988,1310988,6620172,197644,0,0,831,2,1,2,0,5,0,0,0,0,0,0,0
7026176000,7026096000,0.00020277244,0.0073678503,0.014099438,8389351,0,0.38464612,0.4204832,0.029501146,0.0505127,0.008774998,0.0051046447,0.0,0.0,0.0,0.0,1310988,1310988,6620172,197644,0,0,831,2,1,2,0,5,0,0,0,0,0,0,0
7026376000,7026296000,0.00010443662,0.0055891904,0.010916329,8389351,0,0.380668,0.42061463,0.041438006,0.04221316,0.010418811,0.0024195386,0.0,0.0,0.0,0.0,1310988,1310988,6620172,197644,0,0,831,2,1,2,0,5,0,0,0,0,0,0,0
7026576000,7026496000,8.550143e-05,0.005866193,0.012084302,8389351,0,0.37708363,0.4207738,0.024922868,0.045360137,0.011062051,0.0053111664,0.0,0.0,0.0,0.0,1310988,1310988,6620172,197644,0,0,831,2,1,2,0,5,0,0,0,0,0,0,0
7026776000,7026696000,0.00015072651,0.0064665135,0.014674433,8389351,0,0.37383252,0.4179476,0.034377337,0.05670796,0.010596561,0.004596053,0.0,0.0,0.0,0.0,1310988,1310988,6620172,197644,0,0,831,2,1,2,0,5,0,0,0,0,0,0,0
7026976000,7026896000,0.0001186222,0.008174323,0.01798574,8389351,0,0.37087247,0.4181634,0.028604196,0.05500267,0.010865008,0.0061441483,0.0,0.0,0.0,0.0,1310988,1310988,6620172,197644,0,0,831,2,1,2,0,5,0,0,0,0,0,0,0
7027176000,7027096000,0.0001187102,0.008595515,0.020149358,8389351,0,0.36815828,0.41547853,0.026509343,0.06193091,0.011323123,0.002810332,0.0,0.0,0.0,0.0,1310988,1310988,6620172,197644,0,0,831,2,1,2,0,5,0,0,0,0,0,0,0
7027376000,7027296000,2.9997425e-05,0.0074466146,0.0149097275,8389351,0,0.38627335,0.42161706,0.022471888,0.06193091,0.011323123,0.011401552,0.0,0.0,0.0,0.0,1310988,1310988,6620172,197644,0,0,831,2,1,2,0,5,0,0,0,0,0,0,0
7027576000,7027496000,0.00012600534,0.008311098,0.016545778,8389351,0,0.3821156,0.41872647,0.027426831,0.045970306,0.0125101,0.0022464097,0.0,0.0,0.0,0.0,1310988,1310988,6620172,197644,0,0,831,2,1,2,0,5,0,0,0,0,0,0,0
7027776000,7027696000,7.645071e-05,0.008078573,0.015962444,8389351,0,0.3783732,0.41894278,0.02885604,0.04086135,0.010583417,0.0072901975,0.0,0.0,0.0,0.0,1310988,1310988,6620172,197644,0,0,831,2,1,2,0,5,0,0,0,0,0,0,0
7027976000,7027896000,0.000100002,0.0072788345,0.015313951,8389351,0,0.37498525,0.4191762,0.009826144,0.050011892,0.011717779,0.0037971567,0.0,0.0,0.0,0.0,1310988,1310988,6620172,197644,0,0,831,2,1,2,0,5,0,0,0,0,0,0,0
7028176000,7028096000,2.6769529e-05,0.006251419,0.012903223,8389351,0,0.37190446,0.41645467,0.01609588,0.031128308,0.010574716,0.009050408,0.0,0.0,0.0,0.0,1310988,1310988,6620172,197644,0,0,831,2,1,2,0,5,0,0,0,0,0,0,0
7028376000,7028296000,8.934351e-05,0.007289324,0.015664224,8389351,0,0.36908644,0.41674748,0.04047692,0.057933595,0.011588306,0.0053358064,0.0,0.0,0.0,0.0,1310988,1310988,6620172,197644,0,0,831,2,1,2,0,5,0,0,0,0,0,0,0
7028576000,7028496000,0.00010128472,0.0071955523,0.015379009,8389351,0,0.36649954,0.41705418,0.012084259,0.0568708,0.010111506,0.0035930953,0.0,0.0,0.0,0.0,1310988,1310988,6620172,197644,0,0,831,2,1,2,0,5,0,0,0,0,0,0,0
7028776000,7028696000,5.7307563e-05,0.0065506366,0.012863828,8389351,0,0.3844778,0.42018408,0.02685456,0.0568708,0.010111506,0.005865723,0.0,0.0,0.0,0.0,1310988,1310988,6620172,197644,0,0,831,2,1,2,0,5,0,0,0,0,0,0,0
7028976000,7028896000,5.295508e-05,0.0067127715,0.013395784,8389351,0,0.3805409,0.42036554,0.021722857,0.06270076,0.011405747,0.0072259344,0.0,0.0,0.0,0.0,1310988,1310988,6620172,197644,0,0,831,2,1,2,0,5,0,0,0,0,0,0,0
7029176000,7029096000,5.6253604e-05,0.0070120483,0.015439019,8389351,0,0.37698826,0.41761407,0.034707952,0.05365975,0.009852537,0.009462318,0.0,0.0,0.0,0.0,1310988,1310988,6620172,197644,0,0,831,2,1,2,0,5,0,0,0,0,0,0,0
7029376000,7029296000,0.0001425303,0.0063660983,0.014016203,8389271,0,0.37376833,0.4178947,0.019890957,0.057778783,0.008380483,0.00745062,0.0,0.0,0.0,0.0,1310988,1310988,6620172,197644,0,0,831,2,1,2,0,5,0,0,0,0,0,0,0
7029576000,7029496000,7.6811e-05,0.007826529,0.0154826,8389271,0,0.37083182,0.41527706,0.011401896,0.05178852,0.008839696,0.009687983,0.0,0.0,0.0,0.0,1310988,1310988,6620172,197644,0,0,831,2,1,2,0,5,0,0,0,0,0,0,0
7029776000,7029696000,0.00015498075,0.0069260173,0.014746347,8389271,0,0.36814195,0.41564253,0.029193258,0.05354815,0.009577421,0.013009449,0.0,0.0,0.0,0.0,1310988,1310988,6620172,197644,0,0,831,2,1,2,0,5,0,0,0,0,0,0,0
7029976000,7029896000,7.9869016e-05,0.005716551,0.01198943,8389271,0,0.38638672,0.42185274,0.012144324,0.05354815,0.009577421,0.010265084,0.0,0.0,0.0,0.0,1310988,1310988,6620172,197644,0,0,831,2,1,2,0,5,0,0,0,0,0,0,0
7030176000,7030096000,6.0955317e-05,0.005920566,0.012402101,8389271,0,0.38222995,0.41898656,0.023642184,0.07151725,0.009683452,0.006024132,0.0,0.0,0.0,0.0,1310988,1310988,6620172,197644,0,0,831,2,1,2,0,5,0,0,0,0,0,0,0
7030376000,7030296000,0.00013304812,0.005939145,0.012044486,8389271,0,0.37849227,0.41919762,0.02101858,0.05102647,0.008810282,0.0064035146,0.0,0.0,0.0,0.0,1310988,1310988,6620172,197644,0,0,831,2,1,2,0,5,0,0,0,0,0,0,0
7030576000,7030496000,8.399558e-05,0.0069933324,0.013536781,8389271,0,0.37511137,0.41944402,0.014155483,0.04693552,0.009559725,0.009996874,0.0,0.0,0.0,0.0,1310988,1310988,6620172,197644,0,0,831,2,1,2,0,5,0,0,0,0,0,0,0
7030776000,7030696000,6.5257555e-05,0.0066027883,0.013107637,8389271,0,0.37203366,0.41678715,0.013434265,0.065134734,0.007364298,0.009772925,0.0,0.0,0.0,0.0,1310988,1310988,6620172,197644,0,0,831,2,1,2,0,5,0,0,0,0,0,0,0
7030976000,7030896000,5.4058175e-05,0.005261533,0.01069444,8389271,0,0.36922118,0.41714588,0.011085594,0.06039105,0.008104834,0.010700475,0.0,0.0,0.0,0.0,1310988,1310988,6620172,197644,0,0,831,2,1,2,0,5,0,0,0,0,0,0,0
7031176000,7031096000,0.00011827259,0.0054559163,0.00988637,8389271,0,0.3666408,0.4146312,0.0033206698,0.05379931,0.008504095,0.0027325463,0.0,0.0,0.0,0.0,1310988,1310988,6620172,197644,0,0,831,2,1,2,0,5,0,0,0,0,0,0,0
7031376000,7031296000,0.00014361468,0.004979793,0.012651844,8389271,0,0.3847798,0.4208407,0.00091159844,0.05379931,0.008504095,0.0069669858,0.0,0.0,0.0,0.0,1310988,1310988,6620172,197644,0,0,831,2,1,2,0,5,0,0,0,0,0,0,0
7031576000,7031496000,3.9021736e-05,0.0042158803,0.01043461,8389271,0,0.38081864,0.4210775,0.013594016,0.04757574,0.010659494,0.004293136,0.0,0.0,0.0,0.0,1310988,1310988,6620172,197644,0,0,831,2,1,2,0,5,0,0,0,0,0,0,0
7031776000,7031696000,6.255818e-05,0.0028721734,0.0065523335,8389271,0,0.37724748,0.41833508,0.0050582103,0.034489233,0.008847325,0.001833626,0.0,0.0,0.0,0.0,1310988,1310988,6620172,197644,0,0,831,2,1,2,0,5,0,0,0,0,0,0,0
7031976000,7031896000,3.8350878e-05,0.0015187566,0.002544725,8389271,0,0.3740075,0.41570714,0.015808692,0.056303583,0.00879044,0.0075883754,0.0,0.0,0.0,0.0,1310988,1310988,6620172,197644,0,0,831,2,1,2,0,5,0,0,0,0,0,0,0
7032176000,7032096000,5.6696474e-05,0.002242181,0.0044064256,8389271,0,0.37105432,0.4161353,0.0029732143,0.04444918,0.011413377,0.0048555015,0.0,0.0,0.0,0.0,1310988,1310988,6620172,197644,0,0,831,2,1,2,0,5,0,0,0,0,0,0,0
7032376000,7032296000,0.00012447225,0.003343376,0.0077766106,8389271,0,0.3683512,0.41656718,0.014507157,0.026958408,0.010215644,0.010984031,0.0,0.0,0.0,0.0,1310988,1310988,6620172,197644,0,0,831,2,1,2,0,5,0,0,0,0,0,0,0
7032576000,7032496000,1.6142822e-05,0.0055180257,0.014056007,8389271,0,0.38669533,0.4198644,0.016884243,0.026958408,0.010215644,0.008165704,0.0,0.0,0.0,0.0,1310988,1310988,6620172,197644,0,0,831,2,1,2,0,5,0,0,0,0,0,0,0
7032776000,7032696000,4.99981e-05,0.0022133633,0.005123084,8389271,0,0.38250235,0.42010707,0.022163954,0.052994978,0.005944254,0.012624513,0.0,0.0,0.0,0.0,1310988,1310988,6620172,197644,0,0,831,2,1,2,0,5,0,0,0,0,0,0,0
7032968000,7032888000,0.00011070528,0.0020743422,0.0045483373,8389271,0,0.37800008,0.41974944,0.027437577,0.039388873,0.007941795,0.008210573,0.0,0.0,0.0,0.0,1310988,1310988,6620172,197644,0,0,831,2,1,2,0,5,0,0,0,0,0,0,0
7033176000,7033096000,0.00014613377,0.0041298177,0.008687863,8389271,0,0.37532812,0.41764283,0.012100929,0.020995658,0.005806304,0.007139585,0.0,0.0,0.0,0.0,1310988,1310988,6620172,197644,0,0,831,2,1,2,0,5,0,0,0,0,0,0,0
7033376000,7033296000,0.00020030809,0.0039512385,0.008610264,8389271,0,0.3722951,0.41795906,0.037788477,0.030493066,0.011603773,0.008454177,0.0,0.0,0.0,0.0,1310988,1310988,6620172,197644,0,0,831,2,1,2,0,5,0,0,0,0,0,0,0
7033576000,7033496000,0.00016007866,0.0032357282,0.008525132,8389271,0,0.3695207,0.41828477,0.021851774,0.036084514,0.0124193225,0.0035497325,0.0,0.0,0.0,0.0,1310988,1310988,6620172,197644,0,0,831,2,1,2,0,5,0,0,0,0,0,0,0
7033776000,7033696000,0.00016782837,0.002838329,0.0055076308,8389271,0,0.36697498,0.4156737,0.022013921,0.029572029,0.0112599,0.00801277,0.0,0.0,0.0,0.0,1310988,1310988,6620172,197644,0,0,831,2,1,2,0,5,0,0,0,0,0,0,0
7033976000,7033896000,0.00016115457,0.00518353,0.013073383,8389271,0,0.38516825,0.42184708,0.043802574,0.029572029,0.0112599,0.004713459,0.0,0.0,0.0,0.0,1310988,1310988,6620172,197644,0,0,831,2,1,2,0,5,0,0,0,0,0,0,0
7034176000,7034096000,0.00012731795,0.0036495165,0.008576937,8389271,0,0.38116032,0.42199895,0.015086329,0.038328007,0.01225183,0.009710338,0.0,0.0,0.0,0.0,1310988,1310988,6620172,197644,0,0,831,2,1,2,0,5,0,0,0,0,0,0,0
7034376000,7034296000,7.7313445e-05,0.004297269,0.008803506,8389271,0,0.37754825,0.4191486,0.02792252,0.048644215,0.009837686,0.0042738323,0.0,0.0,0.0,0.0,1310988,1310988,6620172,197644,0,0,831,2,1,2,0,5,0,0,0,0,0,0,0
7034576000,7034496000,0.00019692213,0.004157658,0.008794267,8389271,0,0.37427542,0.41936624,0.01853906,0.031061558,0.011381239,0.007975026,0.0,0.0,0.0,0.0,1310988,1310988,6620172,197644,0,0,831,2,1,2,0,5,0,0,0,0,0,0,0
7034776000,7034696000,0.0002820618,0.0051982403,0.010302218,8389271,0,0.3712934,0.4195989,0.025723603,0.04509346,0.012789789,0.0048707076,0.0,0.0,0.0,0.0,1310988,1310988,6620172,197644,0,0,831,2,1,2,0,5,0,0,0,0,0,0,0
7034976000,7034896000,0.00022351189,0.0067191487,0.012824482,8389271,0,0.3685648,0.41691536,0.030833848,0.04010086,0.012310729,0.007847391,0.0,0.0,0.0,0.0,1310988,1310988,6620172,197644,0,0,831,2,1,2,0,5,0,0,0,0,0,0,0
7035176000,7035096000,0.00012993213,0.0046751685,0.0110132685,8389271,0,0.3869116,0.4230803,0.023967285,0.04010086,0.012310729,0.007865119,0.0,0.0,0.0,0.0,1310988,1310988,6620172,197644,0,0,831,2,1,2,0,5,0,0,0,0,0,0,0
7035368000,7035288000,0.00019729689,0.0027448935,0.0051559038,8389271,0,0.3819404,0.4225686,0.031729855,0.048597,0.010068279,0.013906308,0.0,0.0,0.0,0.0,1310988,1310988,6620172,197644,0,0,831,2,1,2,0,5,0,0,0,0,0,0,0
7035576000,7035496000,5.98675e-05,0.0030698332,0.0063221906,8389271,0,0.3789024,0.4202774,0.02165564,0.025123402,0.008060723,0.006335887,0.0,0.0,0.0,0.0,1310988,1310988,6620172,197644,0,0,831,2,1,2,0,5,0,0,0,0,0,0,0
7035776000,7035696000,0.0002232378,0.0025449346,0.0050595156,8389271,0,0.37547556,0.42044684,0.05313698,0.03211077,0.009594612,0.007732496,0.0,0.0,0.0,0.0,1310988,1310988,6620172,197644,0,0,831,2,1,2,0,5,0,0,0,0,0,0,0
7035976000,7035896000,0.00011601708,0.0022881348,0.0037017267,8389271,0,0.3723599,0.41763702,0.014228267,0.037403524,0.009234427,0.006357709,0.0,0.0,0.0,0.0,1310988,1310988,6620172,197644,0,0,831,2,1,2,0,5,0,0,0,0,0,0,0
7036176000,7036096000,0.00013399486,0.0033697886,0.0068745106,8389271,0,0.3695135,0.41786978,0.012563734,0.030233912,0.009409879,0.0056074453,0.0,0.0,0.0,0.0,1310988,1310988,6620172,197644,0,0,831,2,1,2,0,5,0,0,0,0,0,0,0
7036376000,7036296000,0.00017609884,0.0041462677,0.0084945345,8389271,0,0.3669036,0.41814202,0.030020876,0.029865783,0.008109412,0.008197475,0.0,0.0,0.0,0.0,1310988,1310988,6620172,197644,0,0,831,2,1,2,0,5,0,0,0,0,0,0,0
7036576000,7036496000,8.01486e-05,0.004126067,0.009561421,8389271,0,0.3850455,0.4212312,0.007853158,0.029865783,0.008109412,0.011460319,0.0,0.0,0.0,0.0,1310988,1310988,6620172,197644,0,0,831,2,1,2,0,5,0,0,0,0,0,0,0
7036776000,7036696000,0.00014455117,0.0028520396,0.004898497,8389271,0,0.38104972,0.41837832,0.023399763,0.03327923,0.010523086,0.0078820065,0.0,0.0,0.0,0.0,1310988,1310988,6620172,197644,0,0,831,2,1,2,0,5,0,0,0,0,0,0,0
7036976000,7036896000,0.00015064921,0.0023870273,0.0040837694,8389271,0,0.37744927,0.41861045,0.019217923,0.020072773,0.011360311,0.010378107,0.0,0.0,0.0,0.0,1310988,1310988,6620172,197644,0,0,831,2,1,2,0,5,0,0,0,0,0,0,0
7037176000,7037096000,0.00011489711,0.0025957613,0.006547285,8389271,0,0.37418464,0.4188645,0.004223522,0.023086486,0.011374673,0.0046768007,0.0,0.0,0.0,0.0,1310988,1310988,6620172,197644,0,0,831,2,1,2,0,5,0,0,0,0,0,0,0
7037376000,7037296000,0.00019971754,0.0033659646,0.008083048,8389271,0,0.37120935,0.4161907,0.025659092,0.017825611,0.011176065,0.005806666,0.0,0.0,0.0,0.0,1310988,1310988,6620172,197644,0,0,831,2,1,2,0,5,0,0,0,0,0,0,0
7037576000,7037496000,0.00012771047,0.0039803833,0.008950582,8389271,0,0.3684858,0.41652727,0.013373667,0.0134559795,0.009738103,0.009651986,0.0,0.0,0.0,0.0,1310988,1310988,6620172,197644,0,0,831,2,1,2,0,5,0,0,0,0,0,0,0
7037776000,7037696000,7.132448e-05,0.0051727192,0.01288221,8389271,0,0.3867827,0.42262104,0.01449922,0.0134559795,0.009738103,0.0127840955,0.0,0.0,0.0,0.0,1310988,1310988,6620172,197644,0,0,831,2,1,2,0,5,0,0,0,0,0,0,0
7037976000,7037896000,9.9051154e-05,0.0046687895,0.012056335,8389271,0,0.38257733,0.41971993,0.009682776,0.0099409595,0.011394861,0.0065417686,0.0,0.0,0.0,0.0,1310988,1310988,6620172,197644,0,0,831,2,1,2,0,5,0,0,0,0,0,0,0
7038176000,7038096000,0.00012127883,0.0047894465,0.01341612,8389271,0,0.37879726,0.41990164,0.023782387,0.024437774,0.009395977,0.0016128091,0.0,0.0,0.0,0.0,1310988,1310988,6620172,197644,0,0,831,2,1,2,0,5,0,0,0,0,0,0,0
7038376000,7038296000,0.00010032373,0.0047059967,0.011267328,8389271,0,0.37537816,0.41710573,0.008531854,0.016108373,0.010790638,0.006667752,0.0,0.0,0.0,0.0,1310988,1310988,6620172,197644,0,0,831,2,1,2,0,5,0,0,0,0,0,0,0
7038576000,7038496000,8.2248516e-05,0.0048483233,0.011405269,8389271,0,0.37227094,0.41738048,0.006025336,0.022722322,0.010164256,0.0011947514,0.0,0.0,0.0,0.0,1310988,1310988,6620172,197644,0,0,831,2,1,2,0,5,0,0,0,0,0,0,0
7038776000,7038696000,9.7443175e-05,0.0044694897,0.007803961,8389271,0,0.36943612,0.41766605,0.026148805,0.025506696,0.0097029945,0.0047341282,0.0,0.0,0.0,0.0,1310988,1310988,6620172,197644,0,0,831,2,1,2,0,5,0,0,0,0,0,0,0
7038976000,7038896000,0.00015007665,0.0050357515,0.007847312,8389271,0,0.36684003,0.41502085,0.007475247,0.031691127,0.008641598,0.00860065,0.0,0.0,0.0,0.0,1310988,1310988,6620172,197644,0,0,831,2,1,2,0,5,0,0,0,0,0,0,0
7039176000,7039096000,0.0001572186,0.0034708397,0.009355303,8389271,0,0.38505515,0.42098075,0.043446366,0.031691127,0.008641598,0.0044564884,0.0,0.0,0.0,0.0,1310988,1310988,6620172,197644,0,0,831,2,1,2,0,5,0,0,0,0,0,0,0
7039376000,7039296000,8.194514e-05,0.0032048472,0.008655744,8389271,0,0.38108376,0.42115697,0.016578993,0.01598687,0.0113434065,0.0042117364,0.0,0.0,0.0,0.0,1310988,1310988,6620172,197644,0,0,831,2,1,2,0,5,0,0,0,0,0,0,0
7039576000,7039496000,0.00014974362,0.004890761,0.010649224,8389351,0,0.37747547,0.4183432,0.025818229,0.035488777,0.010907308,0.0006449582,0.0,0.0,0.0,0.0,1310988,1310988,6620172,197644,0,0,831,2,1,2,0,5,0,0,0,0,0,0,0
7039768000,7039688000,0.000107613836,0.00498794,0.011117616,8389351,0,0.37347963,0.4179718,0.050234143,0.019222029,0.008321654,0.008414168,0.0,0.0,0.0,0.0,1310988,1310988,6620172,197644,0,0,831,2,1,2,0,5,0,0,0,0,0,0,0
7039976000,7039896000,8.0803264e-05,0.0042143296,0.008844073,8389351,0,0.371227,0.41588572,0.01832371,0.016575973,0.008978706,0.00037747613,0.0,0.0,0.0,0.0,1310988,1310988,6620172,197644,0,0,831,2,1,2,0,5,0,0,0,0,0,0,0
7040176000,7040096000,7.1546194e-05,0.006765304,0.014646808,8389351,0,0.36850855,0.41619217,0.029448494,0.025315775,0.008745329,0.006733299,0.0,0.0,0.0,0.0,1310988,1310988,6620172,197644,0,0,831,2,1,2,0,5,0,0,0,0,0,0,0
7040376000,7040296000,2.1462285e-05,0.005756991,0.015130436,8389351,0,0.3870403,0.41919237,0.019092755,0.025315775,0.008745329,0.0017027422,0.0,0.0,0.0,0.0,1310988,1310988,6620172,197644,0,0,831,2,1,2,0,5,0,0,0,0,0,0,0
7040576000,7040496000,7.502014e-05,0.0077463146,0.018856242,8389351,0,0.38286474,0.41937774,0.021906512,0.03287825,0.00843477,0.00010215085,0.0,0.0,0.0,0.0,1310988,1310988,6620172,197644,0,0,831,2,1,2,0,5,0,0,0,0,0,0,0
7040776000,7040696000,5.4319567e-05,0.0075352862,0.017125987,8389351,0,0.3790489,0.41958025,0.033906545,0.027018687,0.0077870907,0.0049563185,0.0,0.0,0.0,0.0,1310988,1310988,6620172,197644,0,0,831,2,1,2,0,5,0,0,0,0,0,0,0
7040976000,7040896000,1.9303168e-05,0.006592922,0.016065005,8389351,0,0.37566572,0.41682106,0.010621042,0.018910484,0.0059098,0.0017496313,0.0,0.0,0.0,0.0,1310988,1310988,6620172,197644,0,0,831,2,1,2,0,5,0,0,0,0,0,0,0
7041176000,7041096000,3.7273476e-05,0.006513927,0.01633561,8389351,0,0.37258536,0.41712722,0.026196556,0.02268418,0.00510437,0.0026423812,0.0,0.0,0.0,0.0,1310988,1310988,6620172,197644,0,0,831,2,1,2,0,5,0,0,0,0,0,0,0
7041376000,7041296000,0.00012455761,0.010063492,0.025845677,9437927,0,0.369695,0.4145163,0.011981254,0.056583043,0.005635449,0.00019134051,0.0,0.0,0.0,0.0,1310988,1310988,6620172,197644,0,0,831,2,1,2,0,5,0,0,0,0,0,0,0
7041576000,7041496000,4.334756e-05,0.0082284985,0.022671485,9437927,0,0.36703295,0.41489708,0.00941406,0.039695185,0.0041354015,1.1754944e-38,0.0,0.0,0.0,0.0,1310988,1310988,6620172,197644,0,0,831,2,1,2,0,5,0,0,0,0,0,0,0
7041776000,7041696000,5.7313355e-05,0.0039699925,0.013081482,9437927,0,0.3849429,0.42098913,0.014216383,0.039695185,0.0041354015,0.00498746,0.0,0.0,0.0,0.0,1310988,1310988,6620172,197644,0,0,831,2,1,2,0,5,0,0,0,0,0,0,0
7041976000,7041896000,3.898949e-05,0.0037247392,0.010916347,9437927,0,0.38094592,0.41823345,0.013213428,0.021912795,0.003303213,0.000518566,0.0,0.0,0.0,0.0,1310988,1310988,6620172,197644,0,0,831,2,1,2,0,5,0,0,0,0,0,0,0
7042176000,7042096000,4.2251162e-05,0.004805234,0.013680548,9437927,0,0.37733552,0.4185482,0.0142811285,0.033015527,0.0043596053,0.00476526,0.0,0.0,0.0,0.0,1310988,1310988,6620172,197644,0,0,831,2,1,2,0,5,0,0,0,0,0,0,0
7042376000,7042296000,5.8338122e-05,0.0049395408,0.014163021,9437927,0,0.3740548,0.4159241,0.012435772,0.034412544,0.0029991139,0.00023289215,0.0,0.0,0.0,0.0,1310988,1310988,6620172,197644,0,0,831,2,1,2,0,5,0,0,0,0,0,0,0
7042576000,7042496000,0.000109664354,0.00654704,0.018188255,9437927,0,0.37106186,0.41628903,0.024875475,0.05990025,0.00281008,0.0041627395,0.0,0.0,0.0,0.0,1310988,1310988,6620172,197644,0,0,831,2,1,2,0,5,0,0,0,0,0,0,0
7042776000,7042696000,0.00010582049,0.0037856358,0.010860779,9437927,0,0.36831993,0.41667286,0.015512473,0.02172792,0.0033558744,1.1754944e-38,0.0,0.0,0.0,0.0,1310988,1310988,6620172,197644,0,0,831,2,1,2,0,5,0,0,0,0,0,0,0
7042976000,7042896000,2.2159778e-05,0.0011836296,0.0034513557,9437927,0,0.38634396,0.41987494,0.0066425162,0.02172792,0.0033558744,1.1754944e-38,0.0,0.0,0.0,0.0,1310988,1310988,6620172,197644,0,0,831,2,1,2,0,5,0,0,0,0,0,0,0
7043168000,7043088000,8.6280255e-05,0.002354246,0.0062954496,9437927,0,0.3814385,0.419465,0.017814571,0.03983477,0.0018401687,1.1754944e-38,0.0,0.0,0.0,0.0,1310988,1310988,6620172,197644,0,0,831,2,1,2,0,5,0,0,0,0,0,0,0
7043376000,7043296000,9.424287e-05,0.0014626908,0.0046249884,9437847,0,0.3784251,0.4203124,0.015120025,0.022178007,0.0034345405,0.003384139,0.0,0.0,0.0,0.0,1310988,1310988,6620172,197644,0,0,831,2,1,2,0,5,0,0,0,0,0,0,0
7043576000,7043496000,0.00016315895,0.0033983353,0.0073899613,9437847,0,0.3750281,0.41756707,0.014780242,0.02928866,0.003342501,1.1754944e-38,0.0,0.0,0.0,0.0,1310988,1310988,6620172,197644,0,0,831,2,1,2,0,5,0,0,0,0,0,0,0
7043776000,7043696000,7.927362e-05,0.002261292,0.0069112885,9437847,0,0.37193573,0.41785285,0.0054585934,0.0382622,0.003995457,0.0073917597,0.0,0.0,0.0,0.0,1310988,1310988,6620172,197644,0,0,831,2,1,2,0,5,0,0,0,0,0,0,0
7043976000,7043896000,0.00011623299,0.0028373825,0.008223874,9437847,0,0.36910787,0.41816172,0.016523631,0.041326597,0.0057448233,0.006006865,0.0,0.0,0.0,0.0,1310988,1310988,6620172,197644,0,0,831,2,1,2,0,5,0,0,0,0,0,0,0
7044176000,7044096000,0.00035288098,0.023559554,0.052986447,9437847,0,0.36648428,0.41548085,0.013103669,0.24292254,0.0051561836,0.00776867,0.0,0.0,0.0,0.0,1310988,1310988,6620172,197644,0,0,831,2,1,2,0,5,0,0,0,0,0,0,0
7044376000,7044296000,4.6787314e-05,0.010333126,0.022636315,9437847,0,0.38452396,0.42131618,0.01587573,0.24292254,0.0051561836,0.011951956,0.0,0.0,0.0,0.0,1310988,1310988,6620172,197644,0,0,831,2,1,2,0,5,0,0,0,0,0,0,0
7044576000,7044496000,0.0001822415,0.0010806136,0.003279598,9437847,0,0.38058823,0.4183008,0.023287375,0.044227887,0.005429223,0.0062095313,0.0,0.0,0.0,0.0,1310988,1310988,6620172,197644,0,0,831,2,1,2,0,5,0,0,0,0,0,0,0
7044776000,7044696000,0.00017563225,0.0042539164,0.015675373,9437847,0,0.3770374,0.41832897,0.010147569,0.059493244,0.00293243,0.00824452,0.0,0.0,0.0,0.0,1310988,1310988,6620172,197644,0,0,831,2,1,2,0,5,0,0,0,0,0,0,0
7044976000,7044896000,7.331578e-05,0.006593577,0.023469107,9437847,0,0.3738179,0.41538826,0.04530605,0.06509197,0.0028953555,0.010590077,0.0,0.0,0.0,0.0,1310988,1310988,6620172,197644,0,0,831,2,1,2,0,5,0,0,0,0,0,0,0
7045176000,7045096000,0.00011312164,0.0061347405,0.022071168,9437847,0,0.3708841,0.41544512,0.010489846,0.058982827,0.002731344,0.004701461,0.0,0.0,0.0,0.0,1310988,1310988,6620172,197644,0,0,831,2,1,2,0,5,0,0,0,0,0,0,0
7045376000,7045296000,8.540003e-05,0.0054777795,0.019534307,9437847,0,0.3682006,0.41550314,0.012743659,0.057901923,0.002953269,0.010192211,0.0,0.0,0.0,0.0,1310988,1310988,6620172,197644,0,0,831,2,1,2,0,5,0,0,0,0,0,0,0
7045576000,7045496000,6.598071e-05,0.0020749548,0.008790166,9437847,0,0.3866659,0.41714796,0.018089788,0.057901923,0.002953269,0.0050525046,0.0,0.0,0.0,0.0,1310988,1310988,6620172,197644,0,0,831,2,1,2,0,5,0,0,0,0,0,0,0
7045776000,7045696000,7.170931e-05,0.0035722882,0.01237244,9437847,0,0.3825762,0.41701686,0.018944597,0.046454903,0.00580808,0.01640139,0.0,0.0,0.0,0.0,1310988,1310988,6620172,197644,0,0,831,2,1,2,0,5,0,0,0,0,0,0,0
7045976000,7045896000,0.000110239234,0.0039273347,0.015472901,9437847,0,0.37882823,0.41399047,0.018448897,0.05711493,0.0061743027,0.01047129,0.0,0.0,0.0,0.0,1310988,1310988,6620172,197644,0,0,831,2,1,2,0,5,0,0,0,0,0,0,0
7046176000,7046096000,0.00016466167,0.0032136405,0.01225305,535,0,0.37551537,0.4139135,0.030831628,0.05134198,0.0056570186,0.009765141,0.0,0.0,0.0,0.0,1310988,1310988,6620172,197644,0,0,895,2,1,2,0,5,0,0,0,0,0,0,0
7046376000,7046296000,0.00015754432,0.003677979,0.01278179,535,0,0.37250608,0.41384634,0.032738198,0.06419168,0.0030597728,0.01788437,0.0,0.0,0.0,0.0,1310988,1310988,6620172,197644,0,0,895,2,1,2,0,5,0,0,0,0,0,0,0
7046576000,7046496000,0.00010982119,0.0034043295,0.012303863,535,0,0.3696934,0.41093746,0.0006374927,0.053867817,0.0032285873,0.012210264,0.0,0.0,0.0,0.0,1310988,1310988,6620172,197644,0,0,895,2,1,2,0,5,0,0,0,0,0,0,0
7046776000,7046696000,0.00017885894,0.002669681,0.009681146,535,0,0.36711973,0.4109111,0.030337866,0.052925833,0.003014403,0.009449185,0.0,0.0,0.0,0.0,1310988,1310988,6620172,197644,0,0,895,2,1,2,0,5,0,0,0,0,0,0,0
7046976000,7046896000,0.00018787428,0.05376983,0.14261569,67109399,0,0.30193794,0.32066438,0.01608899,0.052925833,0.003014403,0.007151876,0.0,0.0,0.0,0.0,1310988,1310988,6620172,197644,0,0,895,2,1,2,0,5,0,0,0,0,0,0,0
7047176000,7047096000,0.00016967612,0.017052533,0.042073723,67109399,0,0.29208803,0.31350562,0.030950557,0.007124593,0.0021843535,0.013831415,0.0,0.0,0.0,0.0,1310988,1310988,6620172,197644,0,0,895,2,1,2,0,5,0,0,0,0,0,0,0
7047376000,7047296000,8.5664135e-05,0.0022008799,0.008701881,67109399,0,0.28384387,0.3082143,0.016047753,0.0067240484,0.0009937573,0.0025899948,0.0,0.0,0.0,0.0,1310988,1310988,6620172,197644,0,0,895,2,1,2,0,5,0,0,0,0,0,0,0
7047576000,7047496000,7.493199e-05,0.006723021,0.032420494,67109399,0,0.276758,0.30242342,0.019965671,0.009769697,0.00041974045,0.0049679214,0.0,0.0,0.0,0.0,1310988,1310988,6620172,197644,0,0,895,2,1,2,0,5,0,0,0,0,0,0,0
7047776000,7047696000,0.00016604453,0.010580175,0.040261712,67109399,0,0.27051115,0.29829437,0.026681205,0.004303766,0.00092680217,0.004289926,0.0,0.0,0.0,0.0,1310988,1310988,6620172,197644,0,0,895,2,1,2,0,5,0,0,0,0,0,0,0
7047976000,7047896000,0.00011003103,0.010851109,0.044278905,67109399,0,0.26490334,0.29349056,0.019447254,0.007071563,0.0013559288,0.0055103097,0.0,0.0,0.0,0.0,1310988,1310988,6620172,197644,0,0,895,2,1,2,0,5,0,0,0,0,0,0,0
7048176000,7048096000,0.00012767047,0.011057407,0.043577477,67109399,0,0.26429304,0.29004213,0.017176596,0.007071563,0.0013559288,0.005737555,0.0,0.0,0.0,0.0,1310988,1310988,6620172,197644,0,0,895,2,1,2,0,5,0,0,0,0,0,0,0
7048376000,7048296000,0.00017802772,0.01185766,0.038808063,67109399,0,0.25934154,0.28681403,0.046293933,0.009516525,0.0015484777,0.002580055,0.0,0.0,0.0,0.0,1310988,1310988,6620172,197644,0,0,895,2,1,2,0,5,0,0,0,0,0,0,0
7048576000,7048496000,0.00017797352,0.010697429,0.036107566,67109399,0,0.25474885,0.28283626,0.026848357,0.025063999,0.0016909726,0.0038578422,0.0,0.0,0.0,0.0,1310988,1310988,6620172,197644,0,0,895,2,1,2,0,5,0,0,0,0,0,0,0
7048776000,7048696000,0.00019240075,0.0060626445,0.033071425,67109399,0,0.2504591,0.2799622,0.024896925,0.0015684537,0.0016035874,0.0024918152,0.0,0.0,0.0,0.0,1310988,1310988,6620172,197644,0,0,895,2,1,2,0,5,0,0,0,0,0,0,0
7048976000,7048896000,0.0001188684,0.007822257,0.028680414,67109399,0,0.24642925,0.27721113,0.033204757,0.014306253,0.0014853975,0.00073533604,0.0,0.0,0.0,0.0,1310988,1310988,6620172,197644,0,0,895,2,1,2,0,5,0,0,0,0,0,0,0
