timestamp,timestamp_sample,xyz[0],xyz[1],xyz[2]
6970976000,6970976000,-0.10763179,0.14172551,-9.9820385
6970980000,6970980000,-0.13438073,0.17021874,-9.9140215
6971028000,6971028000,-0.081035055,0.10953274,-9.886028
6971076000,6971076000,-0.107650466,0.040303398,-9.745942
6971128000,6971128000,-0.1005571,0.026475387,-9.639861
6971176000,6971176000,-0.118652016,0.058271132,-9.629241
6971228000,6971228000,-0.11994894,0.092199326,-9.955783
6971272000,6971272000,-0.11298718,0.08145588,-9.847735
6971324000,6971324000,-0.09417937,0.094487175,-9.70917
6971376000,6971376000,-0.12673348,0.09730031,-9.60069
6971428000,6971428000,-0.112901025,0.0719039,-9.579788
6971476000,6971476000,-0.11404168,0.09378052,-9.7936535
6971528000,6971528000,-0.11619647,0.14301579,-9.8351145
6971576000,6971576000,-0.10752858,0.11097735,-9.7321
6971628000,6971628000,-0.12071279,0.10157104,-9.905226
6971672000,6971672000,-0.15687747,0.13734841,-10.000862
6971728000,6971728000,-0.09283481,0.07805698,-9.901797
6971776000,6971776000,-0.13402307,0.012131253,-9.765146
6971828000,6971828000,-0.096568175,0.08147942,-9.7755165
6971872000,6971872000,-0.13113323,0.062207974,-9.90816
6971928000,6971928000,-0.10081511,0.075648345,-9.616931
6971976000,6971976000,-0.13019182,0.124493144,-9.75571
6972024000,6972024000,-0.10535621,0.04736403,-9.965957
6972076000,6972076000,-0.1301268,0.097244985,-9.887477
6972128000,6972128000,-0.15904175,0.10969677,-9.79266
6972176000,6972176000,-0.14616388,0.078294724,-9.708459
6972228000,6972228000,-0.115223594,0.10097859,-9.798504
6972276000,6972276000,-0.13107283,0.12454051,-9.87548
6972328000,6972328000,-0.12209256,0.12967005,-9.77069
6972376000,6972376000,-0.09604957,0.060931288,-9.948389
6972428000,6972428000,-0.1211757,0.032306224,-9.896413
6972472000,6972472000,-0.15303144,0.09002685,-9.834264
6972528000,6972528000,-0.1483717,0.0477358,-9.695909
6972576000,6972576000,-0.15145928,0.05412645,-9.794339
6972628000,6972628000,-0.11932713,0.0927797,-9.816942
6972676000,6972676000,-0.1363224,0.105244584,-9.920083
6972728000,6972728000,-0.11068847,0.14079148,-9.91851
6972776000,6972776000,-0.056094985,0.11981567,-9.863478
6972828000,6972828000,-0.10386015,0.12059126,-9.830266
6972872000,6972872000,-0.11344859,0.050018433,-9.942545
6972928000,6972928000,-0.13917209,0.12514664,-9.833273
6972976000,6972976000,-0.049583927,0.12637033,-9.884632
6973028000,6973028000,-0.15846542,0.08585288,-9.903613
6973076000,6973076000,-0.14895704,0.09610877,-9.699358
6973128000,6973128000,-0.17444855,0.12022615,-9.943333
6973176000,6973176000,-0.11454798,0.04948591,-9.640022
6973224000,6973224000,-0.081117034,0.06258901,-9.906131
6973272000,6973272000,-0.1671182,0.043815996,-9.635194
6973328000,6973328000,-0.10673216,0.10045657,-9.909151
6973372000,6973372000,-0.09353052,0.067004316,-9.889833
6973424000,6973424000,-0.13868459,0.12346101,-9.738732
6973472000,6973472000,-0.07570509,0.08738937,-9.81274
6973528000,6973528000,-0.05746698,0.07466244,-9.654504
6973576000,6973576000,-0.1147544,0.045276128,-9.649112
6973624000,6973624000,-0.0931851,0.031514313,-9.913385
6973676000,6973676000,-0.11718292,0.08199222,-9.887326
6973728000,6973728000,-0.1430305,0.049105376,-9.632828
6973776000,6973776000,-0.159382,0.06088198,-9.6858835
6973828000,6973828000,-0.04844338,0.092457175,-9.7346735
6973876000,6973876000,-0.13329001,0.036587056,-9.704925
6973928000,6973928000,-0.14593013,-0.018196467,-9.898495
6973976000,6973976000,-0.14772496,0.023222204,-9.745491
6974028000,6974028000,-0.12801895,0.06526419,-9.776121
6974072000,6974072000,-0.1372862,0.0689319,-9.765542
6974128000,6974128000,-0.13497184,0.10529232,-9.698981
6974176000,6974176000,-0.12031671,0.0501283,-9.854502
6974228000,6974228000,-0.13331044,0.071179606,-9.973199
6974272000,6974272000,-0.13243416,0.08231442,-9.755603
6974328000,6974328000,-0.13615938,0.08885454,-9.803486
6974376000,6974376000,-0.099241965,0.11811781,-9.77783
6974428000,6974428000,-0.12179914,0.096050344,-9.616445
6974476000,6974476000,-0.082754865,0.10911779,-9.674246
6974524000,6974524000,-0.061821572,0.050458252,-9.915918
6974572000,6974572000,-0.11925426,0.09468406,-9.792083
6974628000,6974628000,-0.16808853,0.06519666,-9.801517
6974676000,6974676000,-0.10127812,0.12735854,-9.666625
6974728000,6974728000,-0.1041982,0.14168169,-9.882586
6974776000,6974776000,-0.13260484,0.08978693,-9.9705925
6974828000,6974828000,-0.16045427,0.10080466,-9.805515
6974876000,6974876000,-0.09781824,0.092543855,-9.834331
6974928000,6974928000,-0.17534699,0.060595665,-9.669408
6974972000,6974972000,-0.1434644,0.18395807,-9.762813
6975028000,6975028000,-0.11341783,0.1567483,-9.801058
6975076000,6975076000,-0.08626371,0.08749686,-9.905748
6975128000,6975128000,-0.102525026,0.04101262,-9.974612
6975176000,6975176000,-0.12568906,0.13121222,-9.5861
6975228000,6975228000,-0.1525547,0.09748827,-9.589526
6975276000,6975276000,-0.12403049,0.110736,-9.854608
6975328000,6975328000,-0.14462802,0.10171549,-9.732002
6975376000,6975376000,-0.17389931,0.020203207,-9.768173
6975428000,6975428000,-0.116795816,0.08231062,-9.9309025
6975476000,6975476000,-0.15327343,0.08184274,-9.945659
6975528000,6975528000,-0.14919047,0.040235624,-9.781329
6975576000,6975576000,-0.14556012,0.09318187,-9.76278
6975628000,6975628000,-0.193704,0.008965501,-9.759304
6975676000,6975676000,-0.1463841,0.025740849,-9.785233
6975728000,6975728000,-0.13676684,0.07399802,-9.94726
6975772000,6975772000,-0.14429668,0.06146447,-9.745055
6975828000,6975828000,-0.14589517,0.08164895,-9.835148
6975872000,6975872000,-0.10774083,0.06357902,-9.934654
6975928000,6975928000,-0.1262747,0.11779001,-9.829667
6975976000,6975976000,-0.124011174,0.086042665,-9.733631
6976028000,6976028000,-0.16055264,0.09080928,-9.799199
6976076000,6976076000,-0.11359924,0.07340187,-9.670167
6976128000,6976128000,-0.098832354,0.16440886,-9.768966
6976176000,6976176000,-0.14549194,0.06053676,-9.810499
6976228000,6976228000,-0.14874378,0.10091517,-9.823707
6976272000,6976272000,-0.14380197,0.07444705,-9.854296
6976328000,6976328000,-0.10398867,0.056508183,-9.553474
6976372000,6976372000,-0.15203007,0.099775836,-9.799715
6976428000,6976428000,-0.121750884,0.10257624,-9.574205
6976472000,6976472000,-0.15058096,0.06669892,-9.879163
6976528000,6976528000,-0.11116882,0.04652667,-9.958009
6976572000,6976572000,-0.2131791,0.11456561,-9.967362
6976628000,6976628000,-0.14512596,0.068103746,-9.749659
6976676000,6976676000,-0.127245,0.028770832,-9.671309
6976724000,6976724000,-0.10467837,0.032384597,-9.566904
6976776000,6976776000,-0.11770054,-0.0155844735,-9.322017
6976824000,6976824000,-0.13485485,-0.0043016006,-9.76191
6976872000,6976872000,-0.10603728,0.042192414,-9.9272995
6976928000,6976928000,-0.12999387,0.042066343,-9.7984295
6976976000,6976976000,-0.13808335,0.09107025,-9.761122
6977024000,6977024000,-0.13379684,0.075902775,-9.79945
6977072000,6977072000,-0.40176037,0.17173275,-9.273066
6977124000,6977124000,0.021229118,0.34945896,-10.108428
6977176000,6977176000,-0.36169523,0.3530272,-10.062358
6977228000,6977228000,0.063747905,0.12917034,-10.819927
6977276000,6977276000,0.055760916,-0.12377774,-11.314705
6977328000,6977328000,-0.002079281,0.11727883,-11.804812
6977376000,6977376000,-0.015653832,0.011773138,-11.736458
6977428000,6977428000,-0.03372816,-0.0006753625,-11.771194
6977476000,6977476000,-0.02277133,0.06562194,-11.66378
6977528000,6977528000,-0.04664383,0.043324288,-11.874043
6977576000,6977576000,0.0064548315,0.05573418,-11.856884
6977628000,6977628000,-0.05170516,0.04906105,-11.8693
6977676000,6977676000,-0.0101337135,-0.031632025,-11.95534
6977728000,6977728000,-0.057292227,0.06295279,-11.795536
6977776000,6977776000,-0.06408995,-0.032393474,-11.815472
6977824000,6977824000,0.025373688,0.1505195,-11.689747
6977872000,6977872000,-0.037631456,-0.027288334,-11.879364
6977928000,6977928000,-0.038915772,0.036771197,-11.784044
6977976000,6977976000,0.018055195,0.04360432,-11.535992
6978028000,6978028000,-0.068869874,0.043849505,-10.544948
6978076000,6978076000,-0.028662156,0.046713606,-9.602808
6978128000,6978128000,-0.05674769,0.03059355,-8.974705
6978176000,6978176000,-0.052037634,-0.028637493,-8.143954
6978228000,6978228000,-0.04949759,0.09028264,-8.528781
6978272000,6978272000,-0.07372343,0.021475544,-8.442603
6978328000,6978328000,-0.10004121,0.03311255,-8.605783
6978376000,6978376000,-0.05120204,-0.022674972,-8.688401
6978424000,6978424000,-0.093346074,0.11463143,-8.56758
6978476000,6978476000,-0.06585548,0.06361242,-8.560399
6978528000,6978528000,-0.047928944,0.01015055,-8.438981
6978576000,6978576000,-0.12249721,0.056620784,-8.780386
6978628000,6978628000,-0.10086965,0.08650401,-8.734605
6978676000,6978676000,-0.043802403,0.02407714,-9.071853
6978724000,6978724000,-0.099417366,0.03732884,-9.06362
6978776000,6978776000,-0.10361891,0.045075387,-8.936585
6978824000,6978824000,-0.10381398,0.08991299,-8.890348
6978876000,6978876000,-0.11179939,0.031143995,-8.755121
6978928000,6978928000,-0.13279366,0.045792796,-9.089163
6978976000,6978976000,-0.10750539,0.12499516,-9.11139
6979028000,6979028000,-0.08175112,0.05266354,-9.44853
6979076000,6979076000,-0.11283008,0.050534535,-9.334447
6979128000,6979128000,-0.0725651,0.08241884,-9.212091
6979176000,6979176000,-0.054758932,0.07898497,-9.214207
6979228000,6979228000,-0.0992523,0.08755038,-8.952098
6979276000,6979276000,-0.07141388,0.097566515,-9.323524
6979328000,6979328000,-0.052073535,0.10726951,-9.36205
6979376000,6979376000,-0.057888445,0.083993874,-9.479133
6979428000,6979428000,-0.06741339,0.08902501,-9.5086775
6979476000,6979476000,-0.15637857,0.10739331,-9.407439
6979528000,6979528000,-0.096340135,0.10176017,-9.401434
6979576000,6979576000,-0.07168229,0.122789495,-9.138868
6979628000,6979628000,-0.12621169,0.10518185,-9.510161
6979676000,6979676000,-0.14695992,0.10050275,-9.475732
6979728000,6979728000,-0.04523381,0.085087724,-9.788257
6979776000,6979776000,-0.0904757,0.037158754,-9.677775
6979824000,6979824000,-0.11423781,0.11821504,-9.546377
6979872000,6979872000,-0.08744556,0.115447916,-9.567279
6979928000,6979928000,-0.15072218,0.13456517,-9.6742735
6979976000,6979976000,-0.12649831,0.06919283,-9.650371
6980024000,6980024000,-0.14697719,0.11185443,-9.53727
6980076000,6980076000,-0.087012224,0.17161585,-9.715668
6980124000,6980124000,-0.08873112,0.06411374,-9.647587
6980172000,6980172000,-0.15339027,0.10864512,-9.667116
6980228000,6980228000,-0.10598312,0.1868368,-9.576942
6980276000,6980276000,-0.103459306,0.10827724,-9.7926
6980328000,6980328000,-0.07341672,0.09410334,-9.619352
6980372000,6980372000,-0.100747555,0.1693589,-9.668929
6980428000,6980428000,-0.107951455,0.23854268,-7.952613
6980476000,6980476000,-0.114775956,0.11119554,-8.260613
6980528000,6980528000,-0.11843107,0.11397299,-8.720016
6980572000,6980572000,-0.08216063,0.08178592,-9.126287
6980628000,6980628000,-0.088408984,0.068439476,-9.603287
6980676000,6980676000,-0.062309634,0.10551493,-9.688871
6980728000,6980728000,-0.09001351,0.102541305,-9.807663
6980772000,6980772000,-0.039811425,0.16132593,-10.045534
6980828000,6980828000,-0.09177628,0.1392614,-10.04463
6980876000,6980876000,-0.061614353,0.09844538,-10.053316
6980924000,6980924000,-0.11923394,0.09042201,-10.149289
6980976000,6980976000,-0.085352585,0.16665074,-10.390513
6981028000,6981028000,-0.063068375,0.05295158,-10.250561
6981076000,6981076000,-0.14122933,0.15261531,-10.329076
6981128000,6981128000,-0.026457107,0.117985725,-9.972257
6981176000,6981176000,-0.05820332,0.14162749,-10.494141
6981228000,6981228000,0.0065588295,0.17894301,-10.4025955
6981276000,6981276000,0.012718575,0.0760205,-10.443561
6981328000,6981328000,0.025195245,-0.02938304,-10.652152
6981372000,6981372000,-0.023761747,0.09994636,-10.528354
6981428000,6981428000,0.11055978,0.035228472,-10.484034
6981476000,6981476000,0.14264117,-0.078521505,-10.039954
6981528000,6981528000,0.21576558,-0.037185863,-10.582227
6981576000,6981576000,0.1938121,0.031424325,-10.516842
6981628000,6981628000,0.25418502,-0.13479424,-10.757816
6981676000,6981676000,0.33192897,-0.06523312,-10.526538
6981728000,6981728000,0.40399525,-0.2050459,-10.421459
6981772000,6981772000,0.34397456,-0.20006424,-10.409713
6981828000,6981828000,0.60093844,-0.21820419,-10.3134
6981876000,6981876000,0.60317826,-0.21797886,-10.335152
6981928000,6981928000,0.64809895,-0.23364642,-10.349425
6981976000,6981976000,0.72238237,-0.31135333,-10.560657
6982028000,6982028000,0.8101827,-0.3761419,-10.373233
6982076000,6982076000,0.9067961,-0.4521899,-10.094035
6982128000,6982128000,0.9606671,-0.39532322,-10.109767
6982176000,6982176000,1.060483,-0.41663432,-10.299113
6982228000,6982228000,1.0604551,-0.51103365,-10.124992
6982276000,6982276000,1.1918685,-0.55391425,-10.025308
6982328000,6982328000,1.2560515,-0.51031077,-9.919196
6982372000,6982372000,1.2830113,-0.58892465,-10.101423
6982428000,6982428000,1.4325781,-0.6300132,-10.010188
6982476000,6982476000,1.4122611,-0.6968585,-9.832298
6982528000,6982528000,1.4997885,-0.761309,-9.987027
6982576000,6982576000,1.5521215,-0.7576504,-9.902086
6982624000,6982624000,1.6905371,-0.7726294,-9.816963
6982676000,6982676000,1.7029111,-0.7911082,-9.626829
6982728000,6982728000,1.7444162,-0.85984176,-9.825613
6982776000,6982776000,1.8367132,-0.78361857,-9.711222
6982828000,6982828000,1.8390294,-0.8750326,-9.620269
6982876000,6982876000,1.9487962,-0.92701674,-9.695273
6982928000,6982928000,1.9565109,-0.9451784,-9.610736
6982976000,6982976000,1.9655944,-0.90880656,-9.631364
6983028000,6983028000,2.093568,-0.84001595,-9.433318
6983076000,6983076000,2.108636,-1.0082753,-9.55809
6983128000,6983128000,2.065951,-0.94002503,-9.531986
6983176000,6983176000,2.193375,-1.0393182,-9.443054
6983228000,6983228000,2.241147,-0.99764234,-9.642071
6983276000,6983276000,2.2597792,-0.999445,-9.478269
6983328000,6983328000,2.2744641,-1.0427802,-9.295988
6983376000,6983376000,2.2414083,-0.93774766,-9.746209
6983428000,6983428000,2.3725517,-1.0609605,-9.529288
6983476000,6983476000,2.3538363,-0.9999326,-9.416694
6983528000,6983528000,2.3815467,-1.0759604,-9.291342
6983576000,6983576000,2.2543921,-0.97275496,-9.460772
6983628000,6983628000,2.4298131,-1.0025159,-9.423089
6983676000,6983676000,2.4499736,-1.0773826,-9.336443
6983728000,6983728000,2.4118624,-1.0284101,-9.54387
6983776000,6983776000,2.4396546,-1.0999041,-9.444283
6983828000,6983828000,2.4345257,-1.05704,-9.449461
6983876000,6983876000,2.402817,-1.0887805,-9.362881
6983928000,6983928000,2.4906924,-1.0690856,-9.073954
6983976000,6983976000,2.4975286,-1.0531734,-9.438759
6984028000,6984028000,2.5219212,-1.0433431,-9.387751
6984076000,6984076000,2.4964554,-1.0483867,-9.351306
6984128000,6984128000,2.5050073,-1.1012455,-9.442826
6984176000,6984176000,2.5532827,-0.99573225,-9.392266
6984228000,6984228000,2.4732282,-1.0704061,-9.377109
6984276000,6984276000,2.5111341,-0.9714373,-9.151961
6984328000,6984328000,2.547352,-1.0524442,-9.313516
6984376000,6984376000,2.5204709,-1.0374124,-9.355016
6984428000,6984428000,2.5615788,-0.9435475,-9.405377
6984476000,6984476000,2.5464182,-0.9929844,-9.54317
6984528000,6984528000,2.5316043,-1.0236894,-9.327339
6984576000,6984576000,2.5899768,-1.0051898,-9.38354
6984628000,6984628000,2.586987,-0.99762535,-9.585753
6984676000,6984676000,2.5616925,-1.0162836,-9.416869
6984728000,6984728000,2.5810416,-1.0568784,-9.2985115
6984776000,6984776000,2.5332654,-0.96904016,-9.435267
6984828000,6984828000,2.5876162,-0.9624961,-9.526129
6984876000,6984876000,2.6223893,-1.0027853,-9.454666
6984928000,6984928000,2.5549355,-1.0415349,-9.367386
6984976000,6984976000,2.6050985,-1.0438138,-9.648825
6985028000,6985028000,2.5286942,-1.0549794,-9.44059
6985076000,6985076000,2.6265717,-1.0131289,-9.255225
6985128000,6985128000,2.630815,-0.9587599,-9.319522
6985176000,6985176000,2.511963,-0.9870063,-9.173925
6985228000,6985228000,2.608242,-1.0367573,-9.4112835
6985276000,6985276000,2.6217904,-0.9505138,-9.269175
6985328000,6985328000,2.564992,-1.0243016,-9.588938
6985376000,6985376000,2.5022054,-0.98004675,-9.490137
6985428000,6985428000,2.6146083,-0.992435,-9.443695
6985476000,6985476000,2.6224859,-1.0035652,-9.323069
6985528000,6985528000,2.5053134,-0.9678655,-9.2317505
6985576000,6985576000,2.6022289,-0.90713406,-9.482888
6985628000,6985628000,2.6544013,-0.9953545,-9.302722
6985676000,6985676000,2.5527647,-1.0004951,-9.440117
6985724000,6985724000,2.596358,-0.982869,-9.445814
6985776000,6985776000,2.550593,-0.9483635,-9.336037
6985828000,6985828000,2.5514684,-0.9713069,-9.407132
6985872000,6985872000,2.626564,-1.0102235,-8.995904
6985928000,6985928000,2.5481615,-0.97661525,-9.465186
6985976000,6985976000,2.6001449,-1.0102365,-9.436074
6986028000,6986028000,2.6055343,-0.9502056,-9.483545
6986076000,6986076000,2.6351652,-1.0155057,-9.545336
6986128000,6986128000,2.5708647,-0.9344872,-9.406528
6986176000,6986176000,2.5419009,-0.9423864,-9.387276
6986228000,6986228000,2.5221684,-1.0201532,-8.985391
6986272000,6986272000,2.533149,-0.9855901,-9.460861
6986328000,6986328000,2.5825546,-0.93674064,-9.39374
6986376000,6986376000,2.5258436,-1.0311823,-9.449303
6986428000,6986428000,2.5822477,-1.0124545,-9.528288
6986476000,6986476000,2.507422,-0.92852956,-9.38826
6986528000,6986528000,2.6338944,-0.91367465,-9.337132
6986576000,6986576000,2.5883722,-1.0024409,-8.83174
6986628000,6986628000,2.5000148,-0.9197631,-9.501032
6986676000,6986676000,2.5572495,-0.9189335,-9.466886
6986728000,6986728000,2.5350604,-0.98900634,-9.359141
6986776000,6986776000,2.5640314,-0.99074465,-9.558057
6986828000,6986828000,2.549115,-0.9348011,-9.474969
6986876000,6986876000,2.5644677,-0.8900221,-9.345278
6986928000,6986928000,2.6020882,-0.9849804,-8.862194
6986976000,6986976000,2.5288522,-0.93293846,-9.379863
6987024000,6987024000,2.5500338,-0.92419964,-9.38297
6987076000,6987076000,2.5219467,-0.96481603,-9.343126
6987128000,6987128000,2.5824769,-0.909865,-9.518527
6987176000,6987176000,2.5128272,-0.8948958,-9.429569
6987224000,6987224000,2.4712915,-0.92685497,-9.423063
6987272000,6987272000,2.61788,-0.81908613,-9.508353
6987328000,6987328000,2.569206,-0.9355072,-9.392029
6987376000,6987376000,2.5701737,-0.897835,-9.383034
6987428000,6987428000,2.5713053,-0.95685565,-9.407267
6987476000,6987476000,2.5526521,-0.9230459,-9.481713
6987528000,6987528000,2.5156708,-0.8650153,-9.390792
6987576000,6987576000,2.5951579,-0.8769592,-9.381234
6987628000,6987628000,2.5342197,-0.84169316,-9.305792
6987676000,6987676000,2.6016188,-0.9197686,-9.42581
6987728000,6987728000,2.4905324,-0.9115588,-9.360363
6987776000,6987776000,2.6023397,-0.886561,-9.307967
6987824000,6987824000,2.5893483,-0.9231996,-9.405219
6987872000,6987872000,2.518836,-0.8844936,-9.468918
6987928000,6987928000,2.5363812,-0.8934065,-9.414618
6987976000,6987976000,2.7804294,-0.9151145,-9.422581
6988028000,6988028000,2.484882,-0.8725819,-9.4852295
6988072000,6988072000,2.5365162,-0.9264863,-9.402281
6988128000,6988128000,2.5573332,-0.919982,-9.345793
6988172000,6988172000,2.5454476,-0.94361854,-9.053372
6988228000,6988228000,2.5147474,-0.9319219,-9.378226
6988276000,6988276000,2.6031206,-0.8586738,-9.440028
6988328000,6988328000,2.508481,-0.8904413,-9.712606
6988376000,6988376000,2.5185153,-0.99086547,-9.5199995
6988428000,6988428000,2.5815196,-0.88526833,-9.429252
6988476000,6988476000,2.545632,-0.90102106,-9.498646
6988528000,6988528000,2.6109946,-0.84961224,-9.411967
6988576000,6988576000,2.5760193,-0.86367005,-9.440717
6988628000,6988628000,2.5532913,-0.9130297,-9.471066
6988676000,6988676000,2.5557203,-0.9491073,-9.720341
6988728000,6988728000,2.5796416,-0.9476857,-9.482883
6988776000,6988776000,2.5638423,-0.85274106,-9.348704
6988828000,6988828000,2.530093,-0.8750536,-9.386674
6988872000,6988872000,2.5192623,-0.87763584,-8.967988
6988928000,6988928000,2.5692167,-0.9052561,-9.397742
6988976000,6988976000,2.5805485,-0.86329305,-9.318538
6989028000,6989028000,2.5768192,-0.90936714,-9.719899
6989076000,6989076000,2.5419457,-0.92861086,-9.524764
6989128000,6989128000,2.5465696,-0.8725089,-9.430073
6989176000,6989176000,2.5380437,-0.9297958,-9.323312
6989228000,6989228000,2.6467223,-0.8857611,-9.124918
6989272000,6989272000,2.5128908,-0.8529749,-9.496603
6989328000,6989328000,2.602189,-0.8412061,-9.38027
6989376000,6989376000,2.5964642,-0.8991916,-9.45828
6989428000,6989428000,2.5276265,-0.99501765,-9.552504
6989476000,6989476000,2.5216842,-0.81920534,-9.447639
6989528000,6989528000,2.6088004,-0.846611,-9.398162
6989576000,6989576000,2.5958686,-0.9220458,-8.920626
6989624000,6989624000,2.5631392,-0.84388506,-9.489275
6989672000,6989672000,2.5580661,-0.79766697,-9.42307
6989728000,6989728000,2.5620272,-0.8522062,-9.44424
6989776000,6989776000,2.5936382,-0.8856011,-9.503139
6989828000,6989828000,2.5212934,-0.8594333,-9.499208
6989876000,6989876000,2.6104188,-0.79502666,-9.387559
6989924000,6989924000,2.5536115,-0.8409965,-9.040083
6989976000,6989976000,2.5231385,-0.7947192,-9.422117
6990024000,6990024000,2.5803053,-0.85088223,-9.413689
6990076000,6990076000,2.5082903,-0.8782077,-9.438367
6990128000,6990128000,2.6219847,-0.9079016,-9.540442
6990176000,6990176000,2.5775914,-0.8370284,-9.315201
6990228000,6990228000,2.5125751,-0.8219275,-9.3845825
6990276000,6990276000,2.6364484,-0.8444215,-8.909241
6990324000,6990324000,2.5870266,-0.79832566,-9.502287
6990376000,6990376000,2.5245695,-0.82338846,-9.425933
6990428000,6990428000,2.587229,-0.8546905,-9.37379
6990472000,6990472000,2.5718808,-0.80638677,-9.562884
6990528000,6990528000,2.5945177,-0.75829726,-9.44918
6990576000,6990576000,2.6157491,-0.8142326,-9.379913
6990628000,6990628000,2.531912,-0.87270284,-9.015965
6990672000,6990672000,2.6270564,-0.7955881,-9.558087
6990724000,6990724000,2.573384,-0.8153488,-9.438694
6990776000,6990776000,2.5696886,-0.78370005,-9.429888
6990828000,6990828000,2.6462326,-0.7857569,-9.539015
6990876000,6990876000,2.5031374,-0.7250774,-9.455386
6990928000,6990928000,2.6399503,-0.73903686,-9.456111
6990976000,6990976000,2.6675591,-0.74806607,-9.243414
6991028000,6991028000,2.595774,-0.7862858,-9.458973
6991076000,6991076000,2.5984693,-0.82280487,-9.465013
6991128000,6991128000,2.7151155,-0.80122346,-9.37882
6991176000,6991176000,2.6434689,-0.83666724,-9.607811
6991228000,6991228000,2.5702817,-0.741768,-9.506077
6991276000,6991276000,2.6061556,-0.7752755,-9.364825
6991328000,6991328000,2.6051688,-0.78115207,-9.252551
6991376000,6991376000,2.5795836,-0.80399776,-9.411298
6991428000,6991428000,2.4869986,-0.7334295,-9.424307
6991476000,6991476000,2.5432534,-0.8003072,-9.453829
6991528000,6991528000,2.6045089,-0.7617484,-9.487151
6991576000,6991576000,2.6332915,-0.765638,-9.368195
6991628000,6991628000,2.5792124,-0.6961619,-9.362856
6991676000,6991676000,2.6026828,-0.7803196,-9.480523
6991728000,6991728000,2.5873027,-0.7257074,-9.406958
6991772000,6991772000,2.5855627,-0.73792046,-9.357756
6991828000,6991828000,2.6021962,-0.7767493,-9.335814
6991876000,6991876000,2.5644362,-0.6988721,-9.490399
6991928000,6991928000,2.616103,-0.75416994,-9.412521
6991976000,6991976000,2.5629926,-0.7521855,-9.3348055
6992024000,6992024000,2.6045744,-0.6771813,-9.608813
6992076000,6992076000,2.6061077,-0.76134,-9.469916
6992128000,6992128000,2.628147,-0.6840849,-9.448746
6992176000,6992176000,2.592456,-0.6984861,-9.400296
6992224000,6992224000,2.612418,-0.70868826,-9.355063
6992276000,6992276000,2.629856,-0.6857776,-9.507266
6992328000,6992328000,2.5456927,-0.71899503,-9.418923
6992372000,6992372000,2.5729725,-0.8107964,-9.722786
6992428000,6992428000,2.6130462,-0.7364164,-9.527747
6992476000,6992476000,2.577093,-0.7067691,-9.460384
6992528000,6992528000,2.6429915,-0.74790066,-9.34646
6992576000,6992576000,2.6306877,-0.7129143,-9.352613
6992624000,6992624000,2.5881698,-0.73338336,-9.470482
6992672000,6992672000,2.6030076,-0.65532994,-9.474305
6992728000,6992728000,2.6135702,-0.7332284,-9.66645
6992776000,6992776000,2.6280344,-0.7379272,-9.484928
6992828000,6992828000,2.591772,-0.6288672,-9.343434
6992876000,6992876000,2.6341903,-0.6852622,-9.397245
6992928000,6992928000,2.5394013,-0.71029884,-9.351663
6992976000,6992976000,2.6101327,-0.7264454,-9.379229
6993028000,6993028000,2.6917245,-0.73685926,-9.278776
6993072000,6993072000,2.6027668,-0.75881064,-9.569794
6993124000,6993124000,2.6643589,-0.74342364,-9.585361
6993172000,6993172000,2.6192288,-0.6832334,-9.444786
6993228000,6993228000,2.6310487,-0.71973413,-9.339608
6993272000,6993272000,2.5869365,-0.745103,-8.939114
6993328000,6993328000,2.6015046,-0.65685654,-9.40605
6993376000,6993376000,2.6142719,-0.71736574,-9.388381
6993428000,6993428000,2.6054676,-0.7184338,-9.687319
6993476000,6993476000,2.595748,-0.7004827,-9.528186
6993528000,6993528000,2.577855,-0.5772895,-9.389736
6993576000,6993576000,2.5559535,-0.7042071,-9.419277
6993628000,6993628000,2.6172056,-0.7038296,-9.214982
6993676000,6993676000,2.6203809,-0.73425364,-9.463923
6993728000,6993728000,2.6012795,-0.6715073,-9.476665
6993776000,6993776000,2.5980723,-0.6765604,-9.52769
6993828000,6993828000,2.6174335,-0.73614806,-9.5167675
6993872000,6993872000,2.6144547,-0.65534145,-9.448168
6993924000,6993924000,2.576775,-0.61128175,-9.4117985
6993976000,6993976000,2.6407514,-0.67990553,-8.910095
6994028000,6994028000,2.6061716,-0.68040437,-9.450186
6994076000,6994076000,2.62778,-0.66710496,-9.431277
6994128000,6994128000,2.5918517,-0.63654536,-9.545738
6994176000,6994176000,2.6878355,-0.74210167,-9.566846
6994228000,6994228000,2.6492164,-0.5680715,-9.344209
6994276000,6994276000,2.5955434,-0.6603488,-9.379111
6994328000,6994328000,2.6388073,-0.71349907,-8.99483
6994376000,6994376000,2.587275,-0.63336843,-9.460677
6994428000,6994428000,2.6544025,-0.6604846,-9.350799
6994476000,6994476000,2.61683,-0.6102239,-9.464097
6994528000,6994528000,2.6513524,-0.6011426,-9.539877
6994576000,6994576000,2.5756307,-0.7168163,-9.3781805
6994628000,6994628000,2.6005144,-0.61510587,-9.414256
6994676000,6994676000,2.6655104,-0.6566098,-8.828968
6994728000,6994728000,2.5678234,-0.6607202,-9.339196
6994776000,6994776000,2.5226293,-0.5901042,-9.325409
6994828000,6994828000,2.598136,-0.6122583,-9.294947
6994876000,6994876000,2.6656668,-0.6690068,-9.44377
6994928000,6994928000,2.5980666,-0.65478104,-9.430654
6994976000,6994976000,2.5798995,-0.6108633,-9.439676
6995028000,6995028000,2.5941777,-0.62655807,-9.04287
6995072000,6995072000,2.65892,-0.62776816,-9.451282
6995128000,6995128000,2.614598,-0.64835405,-9.380332
6995176000,6995176000,2.6212008,-0.659507,-9.329386
6995224000,6995224000,2.579997,-0.60473615,-9.483746
6995272000,6995272000,2.573227,-0.5991694,-9.344374
6995328000,6995328000,2.5373623,-0.5721446,-9.36043
6995372000,6995372000,2.5201564,-0.52369267,-9.637604
6995428000,6995428000,2.4721117,-0.5647198,-9.400553
6995472000,6995472000,2.3565395,-0.5208757,-9.376093
6995528000,6995528000,2.409572,-0.6212221,-9.315854
6995576000,6995576000,2.313414,-0.46140233,-9.384598
6995628000,6995628000,2.2932343,-0.5132924,-9.317971
6995676000,6995676000,2.2171707,-0.5144241,-9.272305
6995728000,6995728000,2.145916,-0.42542687,-9.219777
6995772000,6995772000,2.065384,-0.36516064,-9.359795
6995828000,6995828000,1.9682066,-0.41219684,-9.200418
6995876000,6995876000,1.9832562,-0.3842397,-9.163183
6995928000,6995928000,1.8427497,-0.35323912,-9.354817
6995972000,6995972000,1.77026,-0.38673443,-9.313075
6996028000,6996028000,1.6904452,-0.26440647,-9.311923
6996076000,6996076000,1.6081893,-0.30281475,-9.286905
6996128000,6996128000,1.5385052,-0.31125122,-8.935308
6996176000,6996176000,1.477163,-0.24404873,-9.423403
6996224000,6996224000,1.3495483,-0.17063949,-9.346217
6996272000,6996272000,1.281762,-0.22119865,-9.4231825
6996324000,6996324000,1.1270684,-0.13220741,-9.436069
6996376000,6996376000,1.0414935,-0.11572168,-9.560778
6996424000,6996424000,0.9950771,-0.042089116,-9.480767
6996476000,6996476000,0.9432117,-0.05155075,-9.56317
6996524000,6996524000,0.8510686,-0.032787908,-9.655312
6996576000,6996576000,0.7274095,-0.07145639,-9.53595
6996628000,6996628000,0.6815598,-0.0053143245,-9.499844
6996676000,6996676000,0.6504904,0.07900309,-9.702046
6996728000,6996728000,0.60649574,-0.00018113886,-9.641315
6996776000,6996776000,0.5047036,0.07370347,-9.573218
6996828000,6996828000,0.41171178,0.012288447,-9.662111
6996876000,6996876000,0.36951613,0.07359259,-9.61095
6996928000,6996928000,0.36686862,0.04404508,-9.693954
6996972000,6996972000,0.3195967,0.112737454,-9.653546
6997028000,6997028000,0.20954157,0.119514674,-9.9480295
6997076000,6997076000,0.22788002,0.045257717,-9.778774
6997128000,6997128000,0.17448604,0.20733295,-9.726493
6997172000,6997172000,0.1531859,0.17062017,-9.662021
6997228000,6997228000,0.0704017,0.15969706,-9.621456
6997272000,6997272000,0.124910995,0.18290325,-9.748346
6997328000,6997328000,0.021718314,0.1509558,-9.721214
6997376000,6997376000,-0.020873357,0.05685968,-9.965692
6997428000,6997428000,-0.017892646,0.14371575,-9.842945
6997476000,6997476000,-0.014145191,0.14109157,-9.703398
6997528000,6997528000,-0.045409437,0.15588754,-9.750529
6997572000,6997572000,-0.040203787,0.14068355,-9.457304
6997624000,6997624000,-0.078236245,0.112964116,-9.767952
6997672000,6997672000,-0.07613941,0.16628188,-9.714372
6997724000,6997724000,-0.13225862,0.15579413,-9.999462
6997776000,6997776000,-0.1280285,0.10939459,-9.786628
6997828000,6997828000,-0.13185734,0.119669735,-9.795108
6997876000,6997876000,-0.14706029,0.16323012,-9.7467575
6997928000,6997928000,-0.13342386,0.12972279,-9.807879
6997976000,6997976000,-0.22961383,0.1362115,-9.770231
6998028000,6998028000,-0.1708025,0.103740096,-9.786877
6998076000,6998076000,-0.16453718,0.18709064,-9.8236
6998124000,6998124000,-0.15787466,-0.17544095,-9.323574
6998176000,6998176000,-0.22467871,0.33248618,-9.373299
6998228000,6998228000,-0.26899898,0.18876982,-9.509753
6998276000,6998276000,-0.1442299,0.23899013,-9.491311
6998324000,6998324000,-0.19493586,0.15568584,-9.651429
6998376000,6998376000,-0.18221164,0.21293518,-9.733026
6998428000,6998428000,-0.195785,0.15238439,-10.100137
6998472000,6998472000,-0.16292502,0.09227966,-9.914598
6998528000,6998528000,-0.2189603,0.18423463,-9.830101
6998576000,6998576000,-0.15531197,0.18854357,-9.774843
6998628000,6998628000,-0.14205569,0.15606919,-9.906198
6998672000,6998672000,-0.20948365,0.16113529,-9.9191675
6998728000,6998728000,-0.12385467,0.18114659,-9.806353
6998776000,6998776000,-0.22268046,0.20051889,-9.988933
6998828000,6998828000,-0.15735611,0.13381203,-9.966727
6998876000,6998876000,-0.21452856,0.18288063,-9.821401
6998928000,6998928000,-0.1236081,0.14047898,-9.849573
6998976000,6998976000,-0.15881804,0.08359041,-9.953945
6999024000,6999024000,-0.17904064,0.15939038,-9.848073
6999072000,6999072000,-0.14405535,0.14009652,-9.821922
6999128000,6999128000,-0.14113617,0.15654337,-9.394473
6999176000,6999176000,-0.1404686,0.13386956,-9.932035
6999228000,6999228000,-0.16967165,0.08219356,-9.788915
6999276000,6999276000,-0.13710785,0.097228214,-9.797448
6999328000,6999328000,-0.10106148,0.021434672,-9.969998
6999376000,6999376000,-0.15798254,0.13283129,-9.857736
6999428000,6999428000,-0.17066169,0.095953576,-9.774718
6999476000,6999476000,-0.10794763,-0.010727646,-9.353785
6999528000,6999528000,-0.14882115,0.1453716,-9.914661
6999572000,6999572000,-0.070879065,0.10528302,-9.774333
6999624000,6999624000,-0.11424417,0.09543139,-10.016832
6999672000,6999672000,-0.09458358,0.0048406627,-9.956599
6999728000,6999728000,-0.12460669,0.1253205,-9.813524
6999776000,6999776000,-0.089010604,0.108698696,-9.854846
6999828000,6999828000,-0.08999613,0.03360111,-9.866535
6999876000,6999876000,-0.060458913,0.15046997,-9.883892
6999928000,6999928000,-0.10695748,0.09486538,-9.798647
6999976000,6999976000,-0.09548666,0.049925514,-10.193445
7000024000,7000024000,-0.07899981,-0.027777413,-9.964854
7000072000,7000072000,-0.05497227,0.13201112,-9.850758
7000128000,7000128000,-0.063668706,0.04588315,-9.777781
7000172000,7000172000,-0.09815393,0.07606221,-9.813272
7000224000,7000224000,-0.03730957,0.021963745,-9.896037
7000276000,7000276000,-0.08083989,0.0062470185,-9.731431
7000328000,7000328000,-0.014518735,0.08460752,-9.71962
7000376000,7000376000,-0.041461565,0.06836574,-9.892694
7000424000,7000424000,-0.08318418,0.0013260402,-9.805694
7000472000,7000472000,-0.029563304,0.029089127,-9.784573
7000524000,7000524000,-0.072136655,0.009695479,-10.003601
7000572000,7000572000,-0.089743316,0.06314023,-9.835372
7000624000,7000624000,-0.049155097,0.04453234,-9.784662
7000672000,7000672000,-0.08476699,0.0722401,-9.649545
7000728000,7000728000,-0.08909377,-0.024224686,-9.897745
7000776000,7000776000,-0.060143284,0.056406803,-9.817752
7000824000,7000824000,-0.01028003,-0.030694738,-9.772304
7000876000,7000876000,-0.06597362,-0.07333407,-9.902262
7000928000,7000928000,-0.015135628,0.06413795,-9.830618
7000976000,7000976000,-0.070798844,0.02957431,-9.806549
7001028000,7001028000,0.02962787,-0.07024603,-9.286266
7001076000,7001076000,-0.05420453,-0.006588788,-9.881026
7001128000,7001128000,0.01080987,-0.09467026,-9.884221
7001176000,7001176000,-0.050387852,0.0063008587,-9.850841
7001224000,7001224000,-0.013534369,-0.04123625,-9.948736
7001276000,7001276000,-0.044796765,-0.017510278,-9.820251
7001328000,7001328000,-0.045596104,0.024841195,-9.862555
7001372000,7001372000,-0.010700077,-0.012343017,-9.390091
7001428000,7001428000,-0.06815152,0.031045489,-9.830474
7001476000,7001476000,-0.060875177,0.06825372,-9.771936
7001524000,7001524000,-0.07133665,-0.008864671,-9.766328
7001572000,7001572000,-0.03544053,0.0075929677,-9.953101
7001624000,7001624000,-0.04238913,0.039458793,-9.79407
7001676000,7001676000,-0.04003844,0.06416894,-9.754908
7001728000,7001728000,-0.0135350805,-0.016220853,-9.596727
7001776000,7001776000,-0.02047172,0.07082008,-9.899535
7001828000,7001828000,-0.031608958,0.05685465,-9.716208
7001872000,7001872000,-0.062913865,-0.0004883814,-9.89709
7001928000,7001928000,-0.005613723,-0.04494716,-9.956047
7001976000,7001976000,-0.080099605,0.07328244,-9.78004
7002028000,7002028000,-0.090764076,0.0017691159,-9.79944
7002072000,7002072000,-0.032952853,0.032425016,-9.556707
7002128000,7002128000,-0.06443759,0.035115,-9.876402
7002172000,7002172000,-0.099505864,0.052708987,-9.845837
7002224000,7002224000,-0.1025144,0.008115965,-10.12257
7002272000,7002272000,-0.04221584,0.073519036,-9.964044
7002328000,7002328000,-0.04158356,-0.050182156,-9.874427
7002376000,7002376000,-0.019013934,0.0121376775,-9.835616
7002428000,7002428000,-0.05707579,0.101190224,-9.719029
7002476000,7002476000,-0.03332467,0.00048594366,-9.812321
7002528000,7002528000,-0.07397076,0.05098902,-9.849099
7002576000,7002576000,-0.029264804,0.017204903,-10.077631
7002628000,7002628000,-0.07451043,-0.016259324,-9.868099
7002676000,7002676000,-0.038185142,0.09183197,-9.803336
7002728000,7002728000,-0.115604885,0.027916048,-9.781406
7002776000,7002776000,-0.033264786,0.052580938,-9.516806
7002828000,7002828000,-0.05506879,0.04300894,-9.830319
7002876000,7002876000,-0.05423793,0.046276946,-9.742799
7002928000,7002928000,-0.08233288,0.07369069,-10.081959
7002972000,7002972000,-0.002577518,0.024104452,-9.974294
7003028000,7003028000,-0.06773842,0.034647103,-9.859044
7003072000,7003072000,-0.059001148,0.095744096,-9.828419
7003128000,7003128000,-0.0036355725,0.036477547,-9.778193
7003172000,7003172000,-0.06825943,0.06285687,-9.894613
7003224000,7003224000,-0.06686383,0.08636462,-9.790901
7003276000,7003276000,-0.08082068,0.011218883,-10.121206
7003324000,7003324000,-0.13570315,0.005392533,-10.021685
7003376000,7003376000,-0.03738264,0.13381526,-9.846646
7003428000,7003428000,-0.06301912,0.09523374,-9.84297
7003476000,7003476000,-0.12294396,0.10377062,-9.805957
7003528000,7003528000,-0.03575782,0.114850506,-9.893675
7003576000,7003576000,-0.10883394,0.09995628,-9.782736
7003628000,7003628000,-0.08774274,0.025065472,-10.114081
7003676000,7003676000,-0.07668641,0.0023207448,-9.915293
7003728000,7003728000,-0.056751024,0.102137245,-9.830008
7003776000,7003776000,-0.071675815,0.08334259,-9.772304
7003828000,7003828000,-0.11608017,0.1013562,-9.878826
7003876000,7003876000,-0.055848923,0.05984998,-9.794163
7003928000,7003928000,-0.06011647,0.08572846,-9.800452
7003976000,7003976000,-0.08825897,0.18270156,-9.951752
7004028000,7004028000,-0.067310736,0.06714576,-9.832769
7004076000,7004076000,-0.037719097,0.07630541,-9.798252
7004128000,7004128000,-0.08932437,0.057902776,-9.781047
7004176000,7004176000,-0.1109487,0.10592928,-9.955063
7004228000,7004228000,-0.07214324,0.111549094,-9.799826
7004272000,7004272000,-0.096693136,0.10799274,-9.821797
7004328000,7004328000,-0.057412643,0.058395788,-9.388276
7004376000,7004376000,-0.10058383,0.0739713,-9.882765
7004428000,7004428000,-0.059058417,0.17080133,-9.749213
7004476000,7004476000,-0.06433628,0.10411429,-9.814254
7004528000,7004528000,-0.116851,-0.0476201,-9.928892
7004576000,7004576000,-0.10712907,0.13586132,-9.84198
7004628000,7004628000,-0.09997161,0.1560649,-9.807847
7004672000,7004672000,-0.04680236,0.08293281,-9.341957
7004728000,7004728000,-0.14585635,0.11074642,-9.881349
7004776000,7004776000,-0.07890223,0.097275056,-9.774925
7004828000,7004828000,-0.098271795,0.048574816,-10.100424
7004876000,7004876000,-0.06397807,0.055834904,-9.95175
7004928000,7004928000,-0.094261825,0.14038332,-9.768652
7004972000,7004972000,-0.10795006,0.06091452,-9.737846
7005028000,7005028000,-0.11569291,0.1299764,-9.779318
7005076000,7005076000,-0.104948886,0.082885616,-9.8149185
7005128000,7005128000,-0.044743262,0.16881396,-9.817839
7005176000,7005176000,-0.14137673,0.09575004,-10.050164
7005224000,7005224000,-0.0753547,0.05774213,-9.922366
7005276000,7005276000,-0.09424045,0.13237017,-9.778873
7005328000,7005328000,-0.09607233,0.12637821,-9.799839
7005376000,7005376000,-0.15203083,0.16056655,-9.989954
7005428000,7005428000,-0.08089808,0.12773903,-9.784179
7005476000,7005476000,-0.08746837,0.13435139,-9.78792
7005528000,7005528000,-0.10760105,0.2260514,-9.669813
7005576000,7005576000,-0.13238718,0.14408992,-9.884916
7005628000,7005628000,-0.104162745,0.15064439,-9.760855
7005676000,7005676000,-0.12739931,0.10892772,-9.818754
7005728000,7005728000,-0.12684774,0.12163133,-9.98775
7005776000,7005776000,-0.11659075,0.075589575,-9.8161125
7005828000,7005828000,-0.12538786,0.22028494,-9.779141
7005876000,7005876000,-0.04769617,0.11870519,-9.3381405
7005928000,7005928000,-0.08811329,0.076506324,-9.901743
7005976000,7005976000,-0.06396257,0.118598066,-9.831696
7006024000,7006024000,-0.066142984,0.06831923,-9.810736
7006072000,7006072000,-0.12619413,0.038261384,-9.938735
7006128000,7006128000,-0.14521348,0.15231587,-9.808544
7006176000,7006176000,-0.1452057,0.10402131,-9.810901
7006224000,7006224000,-0.08454718,0.02805593,-9.365726
7006276000,7006276000,-0.07084957,0.12895854,-9.876817
7006328000,7006328000,-0.11757431,0.122237794,-9.8568125
7006372000,7006372000,-0.09629277,0.087681524,-9.96132
7006428000,7006428000,-0.09611486,0.0377418,-9.941951
7006476000,7006476000,-0.09523495,0.088916235,-9.844584
7006528000,7006528000,-0.06969905,0.12297257,-9.833205
7006576000,7006576000,-0.1074876,0.18771023,-9.816236
7006628000,7006628000,-0.051601242,0.10886135,-9.829376
7006676000,7006676000,-0.09507955,0.15165453,-9.834861
7006728000,7006728000,-0.086528845,0.21095535,-9.920391
7006776000,7006776000,-0.067735165,0.06100202,-9.917337
7006828000,7006828000,-0.11560398,0.16983348,-9.769079
7006876000,7006876000,-0.11190076,0.095736235,-9.735853
7006928000,7006928000,-0.108540826,0.100211255,-9.9645
7006976000,7006976000,-0.11509242,0.11080706,-9.7991295
7007028000,7007028000,-0.029573223,0.097968295,-9.778561
7007072000,7007072000,-0.079751395,0.16619354,-9.874927
7007128000,7007128000,-0.12494009,0.070628986,-9.911359
7007176000,7007176000,-0.06746509,0.07224092,-9.875282
7007224000,7007224000,-0.122745454,0.10561109,-9.885983
7007276000,7007276000,-0.09568089,0.0597599,-9.982229
7007328000,7007328000,-0.05538472,0.12854874,-9.8188505
7007376000,7007376000,-0.109369144,0.081562534,-9.827143
7007424000,7007424000,-0.055661265,0.11283976,-9.370431
7007476000,7007476000,-0.12075521,0.09667495,-9.927396
7007524000,7007524000,-0.045006488,0.15540183,-9.840569
7007576000,7007576000,-0.0944959,0.11694399,-9.919566
7007628000,7007628000,-0.08812035,0.05652374,-9.984483
7007676000,7007676000,-0.052611884,0.13662654,-9.871089
7007728000,7007728000,-0.033963438,0.11396168,-9.860298
7007776000,7007776000,-0.06600814,0.045089677,-9.608942
7007824000,7007824000,-0.07485562,0.08001441,-9.898561
7007876000,7007876000,-0.07916591,0.111171745,-9.792446
7007928000,7007928000,-0.064146526,0.10528888,-10.089444
7007976000,7007976000,-0.069670096,0.042504672,-9.871939
7008028000,7008028000,-0.058930926,0.12078464,-9.803352
7008076000,7008076000,-0.039969064,0.15690367,-9.793802
7008128000,7008128000,-0.019491956,0.15512046,-9.889187
7008176000,7008176000,-0.096165985,0.07047477,-9.876469
7008228000,7008228000,-0.05135469,0.12262872,-9.82449
7008272000,7008272000,-0.05668998,0.080674954,-10.119446
7008328000,7008328000,-0.055679742,0.11043708,-9.92484
7008376000,7008376000,-0.08751011,0.11480643,-9.838049
7008424000,7008424000,0.0011748417,0.1007081,-9.812653
7008472000,7008472000,-0.04608683,0.15671802,-10.006426
7008524000,7008524000,-0.076315686,0.07388368,-9.9152775
7008576000,7008576000,-0.10480483,0.10735316,-9.860572
7008628000,7008628000,-0.0077587897,0.025631996,-9.382687
7008676000,7008676000,-0.070747204,0.09810616,-9.896464
7008728000,7008728000,-0.07156597,0.075840525,-9.807992
7008776000,7008776000,-0.008646255,0.046748795,-9.862088
7008828000,7008828000,-0.010906039,0.040335853,-10.007927
7008876000,7008876000,-0.09216287,0.08975579,-9.891113
7008928000,7008928000,-0.054428924,0.09677994,-9.803372
7008976000,7008976000,-0.03791284,0.04022615,-9.380162
7009028000,7009028000,-0.06910108,0.09034337,-9.877407
7009076000,7009076000,-0.036545295,0.01992291,-9.760698
7009128000,7009128000,-0.023945423,0.08010444,-9.969092
7009172000,7009172000,-0.11327572,0.011992436,-10.006359
7009228000,7009228000,-0.033916056,0.094248556,-9.8614235
7009272000,7009272000,-0.07574709,0.11640685,-9.755419
7009328000,7009328000,-0.060326133,0.071908996,-9.564955
7009376000,7009376000,-0.073663324,0.10294233,-9.81013
7009428000,7009428000,-0.06272106,0.07019818,-9.8017025
7009476000,7009476000,-0.003081568,0.10601356,-10.04538
7009528000,7009528000,-0.05945764,0.021144813,-9.87376
7009576000,7009576000,-0.02926846,0.09565766,-9.808304
7009628000,7009628000,-0.1174648,0.08492326,-9.752662
7009676000,7009676000,-0.087975584,0.16295998,-9.754206
7009728000,7009728000,-0.06486684,0.1500681,-9.8097
7009772000,7009772000,-0.07579515,0.10406843,-9.775232
7009828000,7009828000,-0.043421127,0.17185053,-9.931163
7009876000,7009876000,-0.07726387,0.068202816,-9.853706
7009928000,7009928000,-0.0640537,0.026603622,-9.786532
7009976000,7009976000,-0.037725203,0.0996426,-9.778707
7010028000,7010028000,-0.073343046,0.18128315,-9.831671
7010072000,7010072000,-0.10596369,0.07047324,-9.887522
7010128000,7010128000,-0.035725597,0.118313864,-9.800344
7010176000,7010176000,-0.052047875,0.0933643,-10.156997
7010228000,7010228000,-0.07105488,0.04477738,-9.909527
7010272000,7010272000,-0.077526465,0.12553912,-9.824259
7010328000,7010328000,-0.050839964,0.05475925,-9.80506
7010372000,7010372000,-0.06404894,0.18796952,-9.795233
7010428000,7010428000,-0.11611229,0.13223918,-9.753621
7010476000,7010476000,-0.07563105,0.11605992,-9.7200165
7010528000,7010528000,-0.09310633,0.17002483,-9.902083
7010576000,7010576000,-0.079341255,0.13108256,-9.835034
7010628000,7010628000,-0.06370469,0.12824272,-9.766739
7010676000,7010676000,-0.070978016,0.14604016,-9.777552
7010728000,7010728000,-0.12092432,0.12681095,-9.998932
7010776000,7010776000,-0.06154987,0.09921839,-9.819088
7010824000,7010824000,-0.102520175,0.08841903,-9.818716
7010876000,7010876000,-0.1077959,0.23337168,-9.648464
7010924000,7010924000,-0.0076524303,0.11825107,-9.855641
7010976000,7010976000,-0.0689021,0.13156274,-9.770679
7011024000,7011024000,-0.068138875,0.12511604,-9.823751
7011076000,7011076000,-0.09503243,0.061511293,-9.975055
7011128000,7011128000,-0.056210466,0.16152534,-9.785204
7011176000,7011176000,-0.12565637,0.12029858,-9.788821
7011224000,7011224000,-0.049723603,0.0716171,-9.349676
7011276000,7011276000,-0.04599908,0.13750769,-9.846264
7011328000,7011328000,-0.054299194,0.15633138,-9.858093
7011376000,7011376000,-0.059780348,0.07380908,-9.9740095
7011428000,7011428000,-0.08186787,0.058086243,-9.979381
7011476000,7011476000,-0.06236134,0.14154257,-9.853238
7011528000,7011528000,-0.07843011,0.09102925,-9.825532
7011576000,7011576000,-0.011405549,0.06438987,-9.544544
7011624000,7011624000,-0.08933606,0.10609272,-9.863594
7011676000,7011676000,-0.044608835,0.06329058,-9.803831
7011728000,7011728000,-0.034169495,0.055738233,-10.083831
7011776000,7011776000,-0.07359902,0.02046674,-9.974569
7011828000,7011828000,-0.11088714,0.11598333,-9.813038
7011876000,7011876000,-0.024276773,0.07214658,-9.848087
7011928000,7011928000,-0.06168634,0.08467559,-9.755485
7011976000,7011976000,-0.09580868,0.073462725,-9.823783
7012028000,7012028000,0.0027600077,0.07940497,-9.818987
7012076000,7012076000,-0.057222378,0.06475848,-10.067718
7012128000,7012128000,-0.06703107,0.113640934,-9.906828
7012176000,7012176000,-0.05044054,0.10459105,-9.819916
7012228000,7012228000,-0.09404805,0.08138967,-9.763382
7012272000,7012272000,-0.059436407,0.12727456,-9.7557
7012328000,7012328000,-0.033235155,0.12506665,-9.754852
7012372000,7012372000,-0.11630819,0.05850237,-9.831961
7012428000,7012428000,-0.007705628,0.051736627,-9.664586
7012476000,7012476000,-0.08019826,0.11039768,-9.830846
7012528000,7012528000,-0.08696227,0.11285232,-9.738606
7012576000,7012576000,-0.039456893,0.14113127,-9.81407
7012628000,7012628000,-0.057392813,0.019783603,-10.008723
7012676000,7012676000,-0.04902006,0.06327027,-9.859521
7012728000,7012728000,-0.097161286,0.090144366,-9.784248
7012776000,7012776000,-0.12819965,0.05024938,-9.302619
7012828000,7012828000,-0.04939678,0.052347798,-9.866086
7012872000,7012872000,-0.061553083,0.05954571,-9.799371
7012928000,7012928000,-0.060042266,0.08596389,-9.884411
7012976000,7012976000,-0.11489394,0.0062788953,-9.972748
7013028000,7013028000,-0.020305432,0.12588494,-9.829608
7013072000,7013072000,-0.06306361,0.069605455,-9.789099
7013128000,7013128000,-0.14335674,-0.073210105,-9.388982
7013176000,7013176000,-0.048534907,0.11239666,-9.511334
7013228000,7013228000,-0.061218675,0.12883627,-9.551725
7013276000,7013276000,-0.02096374,0.09002231,-9.779174
7013328000,7013328000,-0.04658213,0.0049926606,-9.864857
7013376000,7013376000,-0.04982308,0.14498138,-9.740728
7013428000,7013428000,-0.07076548,0.1547005,-9.765611
7013476000,7013476000,-0.043879095,0.09239573,-9.55005
7013528000,7013528000,0.0044532153,0.13337032,-9.842964
7013576000,7013576000,-0.0066750934,0.061140426,-9.8481655
7013628000,7013628000,-0.08423099,0.10908438,-10.127873
7013676000,7013676000,-0.078945614,0.075680345,-10.003296
7013728000,7013728000,-0.051017813,0.2005929,-9.883531
7013776000,7013776000,-0.095854044,0.039203424,-9.856249
7013828000,7013828000,-0.020408137,0.22320482,-10.000515
7013876000,7013876000,-0.050350543,0.10692408,-9.977459
7013928000,7013928000,-0.078773685,0.1251108,-9.891492
7013972000,7013972000,-0.09655908,0.06970418,-10.165988
7014028000,7014028000,-0.052870765,0.038851213,-9.945184
7014072000,7014072000,-0.062415056,0.053874254,-9.846329
7014128000,7014128000,-0.068278305,0.010164179,-9.85224
7014176000,7014176000,-0.08752675,-0.021847775,-10.024904
7014228000,7014228000,-0.06768706,-0.02491865,-9.956386
7014276000,7014276000,-0.0808815,-0.096327595,-9.908583
7014328000,7014328000,-0.19652429,-0.22993493,-9.447742
7014376000,7014376000,-0.13603915,-0.20268156,-10.013219
7014428000,7014428000,-0.19758241,-0.21012694,-9.9019785
7014476000,7014476000,-0.16823581,-0.28919238,-10.128086
7014528000,7014528000,-0.2350616,-0.35323843,-10.033137
7014576000,7014576000,-0.24087688,-0.49660653,-10.002936
7014628000,7014628000,-0.17935857,-0.51212746,-9.989855
7014672000,7014672000,-0.2789521,-0.48926327,-9.745738
7014728000,7014728000,-0.28071406,-0.6578604,-10.048878
7014776000,7014776000,-0.32418466,-0.7602897,-9.982857
7014824000,7014824000,-0.34638768,-0.7195832,-10.154635
7014872000,7014872000,-0.36808243,-0.87513787,-10.09794
7014928000,7014928000,-0.43167654,-0.99238694,-10.010545
7014976000,7014976000,-0.4237307,-1.1488911,-9.968498
7015028000,7015028000,-0.4463269,-1.1486194,-10.1229315
7015076000,7015076000,-0.5037652,-1.2532829,-9.926028
7015128000,7015128000,-0.48222986,-1.3353877,-9.908589
7015172000,7015172000,-0.47574842,-1.4437945,-9.416501
7015228000,7015228000,-0.5176806,-1.5243392,-9.949745
7015276000,7015276000,-0.5902571,-1.516048,-9.846367
7015328000,7015328000,-0.60459185,-1.615397,-9.890644
7015376000,7015376000,-0.55618036,-1.78429,-9.841676
7015428000,7015428000,-0.6862313,-1.8508233,-9.677213
7015476000,7015476000,-0.6760208,-1.8128027,-9.716314
7015528000,7015528000,-0.6673083,-1.9684347,-9.721789
7015576000,7015576000,-0.7383241,-1.9941932,-9.573224
7015628000,7015628000,-0.6906661,-2.0174544,-9.613214
7015676000,7015676000,-0.72811246,-2.0021968,-9.735538
7015724000,7015724000,-0.7677832,-2.266614,-9.634526
7015772000,7015772000,-0.77193516,-2.1573756,-9.48754
7015824000,7015824000,-0.7610645,-2.2818308,-9.431826
7015876000,7015876000,-0.7854609,-2.2621388,-9.5110445
7015928000,7015928000,-0.8234892,-2.3639214,-9.415656
7015976000,7015976000,-0.8074727,-2.458441,-9.375376
7016024000,7016024000,-0.8027007,-2.4273357,-9.668002
7016072000,7016072000,-0.82461864,-2.5150402,-9.434206
7016128000,7016128000,-0.8474387,-2.4945712,-9.2740345
7016172000,7016172000,-0.8254506,-2.5490928,-9.345821
7016224000,7016224000,-0.8088032,-2.629534,-8.903037
7016272000,7016272000,-0.9104186,-2.5436807,-9.395628
7016328000,7016328000,-0.77478075,-2.6395063,-9.258703
7016376000,7016376000,-0.8645946,-2.6744392,-9.304223
7016428000,7016428000,-0.7832566,-2.668194,-9.480666
7016472000,7016472000,-0.87284577,-2.6905582,-9.332181
7016524000,7016524000,-0.86047727,-2.6671658,-9.279582
7016576000,7016576000,-0.7924792,-2.7303367,-9.608922
7016624000,7016624000,-0.8672475,-2.9699872,-9.4774
7016676000,7016676000,-0.83770585,-2.6914933,-9.391526
7016728000,7016728000,-0.85711515,-2.7916427,-9.295593
7016776000,7016776000,-0.85432225,-2.7926779,-9.025308
7016824000,7016824000,-0.757114,-2.7939708,-9.3882675
7016876000,7016876000,-0.86680055,-2.7934554,-9.267649
7016928000,7016928000,-0.8276405,-2.8009455,-9.30045
7016976000,7016976000,-0.80655324,-2.8906317,-9.084756
7017028000,7017028000,-0.79349285,-2.807492,-9.309745
7017072000,7017072000,-0.79556805,-2.7812006,-9.299025
7017128000,7017128000,-0.7891664,-2.8970852,-9.227596
7017176000,7017176000,-0.7997244,-2.8402328,-9.221496
7017224000,7017224000,-0.8109406,-2.916363,-9.292946
7017276000,7017276000,-0.7509735,-2.799893,-9.322847
7017324000,7017324000,-0.7541597,-2.8459783,-9.27918
7017376000,7017376000,-0.78643125,-2.8840744,-9.440971
7017428000,7017428000,-0.77128065,-2.8315644,-9.316694
7017476000,7017476000,-0.69067496,-2.783044,-9.35305
7017528000,7017528000,-0.8039209,-2.8822734,-9.433188
7017576000,7017576000,-0.72709423,-2.967965,-9.45233
7017628000,7017628000,-0.6867055,-2.8229744,-9.331532
7017676000,7017676000,-0.7285986,-2.9174201,-9.368757
7017728000,7017728000,-0.6855782,-2.859071,-9.59042
7017776000,7017776000,-0.699758,-3.021408,-9.385551
7017828000,7017828000,-0.6900664,-2.8185253,-9.30164
7017876000,7017876000,-0.7228038,-2.9236486,-9.298516
7017928000,7017928000,-0.6785322,-2.7697096,-9.42092
7017976000,7017976000,-0.7150263,-2.9123533,-9.323098
7018024000,7018024000,-0.6816413,-2.8327513,-9.308081
7018072000,7018072000,-0.7066958,-2.896147,-9.292999
7018124000,7018124000,-0.754676,-2.7684643,-9.390516
7018176000,7018176000,-0.7118359,-2.9192278,-9.31999
7018228000,7018228000,-0.68758214,-2.8536766,-9.353146
7018276000,7018276000,-0.68827575,-2.910368,-9.3469515
7018328000,7018328000,-0.6678924,-2.9192843,-8.930099
7018372000,7018372000,-0.7128054,-2.9405205,-9.359428
7018428000,7018428000,-0.64930767,-2.846751,-9.312508
7018476000,7018476000,-0.68852526,-2.9194717,-9.313574
7018528000,7018528000,-0.63065034,-2.798808,-9.196915
7018576000,7018576000,-0.5851831,-2.905389,-9.375327
7018624000,7018624000,-0.5904998,-2.8252285,-9.412155
7018676000,7018676000,-0.63545185,-2.9243906,-9.279736
7018728000,7018728000,-0.6461414,-2.7933438,-9.085099
7018772000,7018772000,-0.531354,-2.868314,-9.343974
7018824000,7018824000,-0.6381358,-2.756144,-9.400997
7018876000,7018876000,-0.59903204,-2.9065504,-9.33576
7018928000,7018928000,-0.5792963,-2.8927069,-9.461851
7018972000,7018972000,-0.54821086,-2.824813,-9.388383
7019028000,7019028000,-0.5453501,-2.9041917,-9.405942
7019072000,7019072000,-0.5968479,-2.871248,-9.368796
7019128000,7019128000,-0.57647985,-2.8884008,-9.608717
7019172000,7019172000,-0.5548403,-2.9481459,-9.368318
7019228000,7019228000,-0.4925776,-2.866749,-9.34515
7019272000,7019272000,-0.56039244,-2.916813,-9.316018
7019328000,7019328000,-0.57068706,-2.8365703,-9.521914
7019376000,7019376000,-0.5624237,-2.8048625,-9.347779
7019428000,7019428000,-0.5517421,-2.8607578,-9.348567
7019472000,7019472000,-0.56118315,-2.829254,-9.413781
7019528000,7019528000,-0.5482473,-2.8813934,-9.546466
7019576000,7019576000,-0.58471775,-2.82697,-9.396467
7019628000,7019628000,-0.5291904,-2.8641455,-9.303375
7019676000,7019676000,-0.51995236,-2.817571,-9.296095
7019728000,7019728000,-0.50750333,-2.9539402,-9.5451565
7019776000,7019776000,-0.5632202,-2.891033,-9.37258
7019828000,7019828000,-0.48984176,-2.9196026,-9.312522
7019872000,7019872000,-0.4978748,-2.8210106,-9.423277
7019928000,7019928000,-0.53167164,-2.870383,-9.392212
7019976000,7019976000,-0.48554045,-2.8700674,-9.251067
7020024000,7020024000,-0.47157803,-2.901755,-9.316473
7020072000,7020072000,-0.45942765,-2.822719,-9.545817
7020128000,7020128000,-0.43367437,-2.8795497,-9.2967825
7020176000,7020176000,-0.4711448,-2.8049293,-9.291353
7020228000,7020228000,-0.42520085,-2.8299966,-9.221134
7020276000,7020276000,-0.4537985,-2.7704427,-9.266038
7020328000,7020328000,-0.3633804,-2.6929667,-9.472184
7020376000,7020376000,-0.41895792,-2.7265441,-9.328868
7020428000,7020428000,-0.35961702,-2.6945133,-9.307487
7020476000,7020476000,-0.31708702,-2.580887,-9.379455
7020524000,7020524000,-0.3592113,-2.6576862,-9.172563
7020576000,7020576000,-0.28443065,-2.547298,-9.511815
7020628000,7020628000,-0.34601516,-2.4572833,-9.504017
7020676000,7020676000,-0.32562947,-2.411071,-9.485281
7020728000,7020728000,-0.2993576,-2.3202264,-9.6393175
7020772000,7020772000,-0.26702684,-2.2981555,-9.586591
7020828000,7020828000,-0.28464612,-2.1709418,-9.602162
7020876000,7020876000,-0.32008928,-2.0530396,-9.623289
7020928000,7020928000,-0.28144172,-1.9979453,-9.810509
7020976000,7020976000,-0.23863624,-1.8920093,-9.7932625
7021028000,7021028000,-0.20536818,-1.7788315,-9.76216
7021076000,7021076000,-0.18545938,-1.7004925,-9.811946
7021128000,7021128000,-0.18775699,-1.6077312,-9.876304
7021176000,7021176000,-0.13448112,-1.4615533,-9.828463
7021228000,7021228000,-0.18085615,-1.3871722,-9.871554
7021276000,7021276000,-0.10629765,-1.2989178,-9.888492
7021328000,7021328000,-0.08982238,-1.2120829,-9.628329
7021372000,7021372000,-0.105962515,-1.1499219,-10.034013
7021428000,7021428000,-0.044888444,-1.0981171,-9.890677
7021476000,7021476000,-0.07768145,-0.9901205,-9.887334
7021528000,7021528000,-0.05939686,-0.8696519,-9.887885
7021576000,7021576000,-0.049648624,-0.80152667,-10.109893
7021628000,7021628000,-0.08516108,-0.7248322,-9.997717
7021676000,7021676000,0.011702739,-0.6578011,-9.887585
7021728000,7021728000,-0.061825037,-0.6176006,-9.869742
7021776000,7021776000,-0.03328491,-0.4765702,-10.039495
7021824000,7021824000,0.0011868717,-0.42515114,-9.921098
7021876000,7021876000,-0.013297378,-0.37108025,-9.8242235
7021928000,7021928000,0.016523773,-0.31469563,-10.078807
7021972000,7021972000,-0.04132703,-0.2989962,-9.925074
7022028000,7022028000,-0.052858636,-0.26353785,-9.740266
7022076000,7022076000,-0.05305641,-0.13045049,-9.806995
7022128000,7022128000,-0.050429866,-0.19693875,-9.388636
7022176000,7022176000,-0.028164946,-0.14340389,-9.86675
7022224000,7022224000,-0.013603258,-0.059173122,-9.839563
7022276000,7022276000,0.01057047,0.038007,-9.78074
7022328000,7022328000,0.025374426,-0.06295902,-9.992843
7022372000,7022372000,0.018474493,0.032360654,-9.865224
7022428000,7022428000,0.026146267,0.05741721,-9.782086
7022476000,7022476000,0.009395008,0.10335819,-9.631674
7022528000,7022528000,-0.010841559,0.18156655,-9.912104
7022576000,7022576000,0.0037671095,0.15777251,-9.759835
7022624000,7022624000,-0.053510044,0.11090963,-9.809923
7022676000,7022676000,-0.03296878,0.18975227,-9.950148
7022728000,7022728000,0.026276467,0.17359008,-9.852185
7022776000,7022776000,0.0099376775,0.21798755,-9.833238
7022828000,7022828000,-0.018659445,0.25662708,-9.605718
7022876000,7022876000,-0.048389763,0.20809975,-9.848146
7022928000,7022928000,-0.011446888,0.20589112,-9.792965
7022976000,7022976000,-0.04951346,0.17824268,-9.859013
7023028000,7023028000,-0.020692125,0.16150261,-10.013933
7023072000,7023072000,-0.15652218,0.08661745,-9.819297
7023128000,7023128000,-0.029465467,0.2706431,-9.599015
7023172000,7023172000,0.15691635,0.44226182,-9.438527
7023224000,7023224000,0.0850839,0.30364534,-9.622849
7023276000,7023276000,-0.020586977,0.29176465,-9.72909
7023328000,7023328000,0.06720571,0.30933177,-9.717059
7023376000,7023376000,0.006059817,0.22223064,-10.012399
7023428000,7023428000,-0.0026234435,0.24141276,-9.843686
7023476000,7023476000,-0.039914656,0.3253182,-9.813304
7023528000,7023528000,0.057707097,0.25236362,-9.434019
7023572000,7023572000,0.02843858,0.31436318,-9.933644
7023628000,7023628000,0.01153173,0.31356803,-9.8756695
7023676000,7023676000,0.05104353,0.28530428,-9.777243
7023728000,7023728000,0.026380515,0.27058485,-9.868284
7023776000,7023776000,0.045494597,0.3134049,-9.678015
7023828000,7023828000,0.0008427253,0.20712157,-9.642736
7023872000,7023872000,-0.0045402832,0.3028695,-9.101472
7023928000,7023928000,0.027506964,0.26526183,-9.472077
7023972000,7023972000,-0.032445982,0.27969506,-9.446087
7024028000,7024028000,-0.07376151,0.26843944,-9.68894
7024076000,7024076000,-0.050760888,0.2738398,-9.438517
7024128000,7024128000,-0.088991344,0.28208116,-9.232212
7024176000,7024176000,-0.16258347,0.40080142,-9.315829
7024228000,7024228000,-0.09355673,0.39878625,-9.209258
7024272000,7024272000,-0.1344176,0.3758503,-9.291057
7024328000,7024328000,-0.31430596,0.49938196,-9.291485
7024376000,7024376000,-0.37913767,0.50029886,-9.516152
7024428000,7024428000,-0.3491418,0.4974691,-9.5954895
7024476000,7024476000,-0.4084699,0.5630497,-9.5369215
7024528000,7024528000,-0.51796716,0.66149473,-9.51536
7024576000,7024576000,-0.62299114,0.7362747,-9.694818
7024628000,7024628000,-0.6753598,0.7174637,-9.68177
7024676000,7024676000,-0.75402737,0.7962775,-9.659129
7024728000,7024728000,-0.8275147,0.7835841,-9.66726
7024776000,7024776000,-0.94707686,0.8811185,-9.849152
7024828000,7024828000,-1.0799547,0.80711657,-9.727767
7024876000,7024876000,-1.0914303,0.89881814,-9.756743
7024928000,7024928000,-1.2067336,0.947734,-9.775526
7024976000,7024976000,-1.3366483,0.93417865,-9.766873
7025024000,7025024000,-1.431783,1.0057591,-9.722158
7025076000,7025076000,-1.5492843,1.0815972,-9.7254925
7025124000,7025124000,-1.5718213,0.9431523,-9.18424
7025176000,7025176000,-1.6950407,1.1147293,-9.655544
7025228000,7025228000,-1.7931347,1.0796113,-9.459915
7025276000,7025276000,-1.7631338,1.0855886,-9.755149
7025328000,7025328000,-1.9151531,1.140814,-9.565365
7025376000,7025376000,-2.0055983,1.2284957,-9.452645
7025424000,7025424000,-2.1119282,1.2246007,-9.382495
7025476000,7025476000,-2.120358,1.2713615,-9.396391
7025524000,7025524000,-2.2048876,1.2436368,-9.42262
7025572000,7025572000,-2.296877,1.3149817,-9.353784
7025628000,7025628000,-2.329732,1.3192866,-9.498064
7025676000,7025676000,-2.428971,1.1780766,-9.362807
7025728000,7025728000,-2.4407144,1.3643643,-9.237961
7025776000,7025776000,-2.4875314,1.3519758,-9.288928
7025828000,7025828000,-2.6298037,1.3308172,-9.421306
7025876000,7025876000,-2.6092198,1.3655576,-9.309811
7025928000,7025928000,-2.6867456,1.2962375,-9.26163
7025976000,7025976000,-2.6466382,1.3889823,-8.761435
7026028000,7026028000,-2.8611715,1.3866005,-9.235783
7026072000,7026072000,-2.7932222,1.3327252,-9.210636
7026128000,7026128000,-2.8670275,1.3317004,-9.46497
7026172000,7026172000,-2.924507,1.3171127,-9.275594
7026228000,7026228000,-2.8894758,1.4024999,-9.100611
7026276000,7026276000,-2.9246619,1.4150292,-9.150244
7026328000,7026328000,-3.004983,1.4550081,-9.212676
7026376000,7026376000,-3.0008783,1.4573338,-9.134219
7026428000,7026428000,-3.0429919,1.4024866,-9.07521
7026476000,7026476000,-2.9996374,1.4668304,-8.926423
7026528000,7026528000,-2.9943938,1.442704,-9.08545
7026572000,7026572000,-3.1441138,1.4326617,-9.104911
7026628000,7026628000,-3.1462486,1.4529665,-9.209946
7026672000,7026672000,-3.0611596,1.3994813,-9.294867
7026728000,7026728000,-3.112837,1.4786589,-9.14009
7026776000,7026776000,-3.1815395,1.4309034,-9.077334
7026828000,7026828000,-3.1364326,1.4001862,-9.070002
7026876000,7026876000,-3.1057203,1.4521258,-9.185149
7026928000,7026928000,-3.1714325,1.482443,-9.109817
7026972000,7026972000,-3.2580345,1.429668,-9.382871
7027028000,7027028000,-3.259261,1.4606049,-9.190278
7027076000,7027076000,-3.232661,1.4365125,-9.054648
7027128000,7027128000,-3.2033427,1.4603776,-9.092159
7027176000,7027176000,-3.2422817,1.4279562,-9.345748
7027224000,7027224000,-3.29334,1.4376556,-9.191397
7027276000,7027276000,-3.1950266,1.4773556,-9.193934
7027328000,7027328000,-3.3029978,1.3982549,-8.904385
7027376000,7027376000,-3.241596,1.5178615,-9.139616
7027428000,7027428000,-3.2307892,1.4502524,-9.166575
7027476000,7027476000,-3.2717056,1.4449973,-9.472435
7027528000,7027528000,-3.2423875,1.5272259,-9.215524
7027576000,7027576000,-3.2584214,1.4706395,-9.123328
7027624000,7027624000,-3.2969055,1.4853233,-9.061517
7027672000,7027672000,-3.2581537,1.5577518,-9.172666
7027728000,7027728000,-3.2282054,1.4716787,-9.12607
7027776000,7027776000,-3.2906744,1.4733046,-9.13224
7027828000,7027828000,-3.2629342,1.3963013,-8.719057
7027876000,7027876000,-3.1987302,1.4511743,-9.258523
7027928000,7027928000,-3.2561402,1.4826454,-9.127948
7027972000,7027972000,-3.2943325,1.5088792,-9.268881
7028028000,7028028000,-3.3186657,1.3632112,-9.29827
7028076000,7028076000,-3.2553425,1.5306281,-9.1606045
7028128000,7028128000,-3.3396788,1.4329988,-9.157017
7028172000,7028172000,-3.2993486,1.5511215,-9.104437
7028228000,7028228000,-3.240347,1.4635589,-9.177214
7028276000,7028276000,-3.297864,1.532829,-9.17724
7028328000,7028328000,-3.2161725,1.4127882,-8.7531
7028376000,7028376000,-3.295202,1.4986765,-9.266261
7028428000,7028428000,-3.2167332,1.5443839,-9.210877
7028476000,7028476000,-3.2624378,1.538962,-9.265317
7028528000,7028528000,-3.2428334,1.4866176,-9.304812
7028576000,7028576000,-3.2467399,1.5172101,-9.16094
7028628000,7028628000,-3.2273357,1.5308249,-9.210754
7028676000,7028676000,-3.2533998,1.5484203,-9.153623
7028728000,7028728000,-3.189397,1.5285112,-9.2417
7028776000,7028776000,-3.249284,1.4967961,-9.139565
7028828000,7028828000,-3.2456608,1.7190341,-9.039685
7028876000,7028876000,-3.1791766,1.5246836,-9.209976
7028928000,7028928000,-3.256795,1.5907393,-9.164197
7028976000,7028976000,-3.1702352,1.5320975,-9.124397
7029028000,7029028000,-3.1824749,1.5256242,-9.322817
7029076000,7029076000,-3.1924267,1.4889361,-9.147772
7029128000,7029128000,-3.2066803,1.5326353,-9.200968
7029176000,7029176000,-3.1630325,1.5000519,-8.919043
7029228000,7029228000,-3.219966,1.6002321,-9.248804
7029272000,7029272000,-3.252914,1.5501329,-9.233176
7029324000,7029324000,-3.2090998,1.5624305,-9.555353
7029376000,7029376000,-3.2456362,1.5397018,-9.259169
7029428000,7029428000,-3.2187073,1.5879332,-9.214469
7029476000,7029476000,-3.2409148,1.6015644,-9.200907
7029528000,7029528000,-3.2241695,1.5549707,-9.409543
7029576000,7029576000,-3.1734507,1.4773908,-9.279235
7029628000,7029628000,-3.2138937,1.6049063,-9.206305
7029672000,7029672000,-3.239908,1.5233312,-8.775462
7029728000,7029728000,-3.1231713,1.6031743,-9.262197
7029776000,7029776000,-3.2018049,1.6085703,-9.183397
7029828000,7029828000,-3.2355382,1.6346649,-9.515454
7029876000,7029876000,-3.2477314,1.5404073,-9.2825
7029928000,7029928000,-3.1241152,1.5791599,-9.223816
7029976000,7029976000,-3.0328434,1.5981455,-9.12116
7030024000,7030024000,-3.1418135,1.7348125,-9.265649
7030072000,7030072000,-3.1307273,1.6628133,-9.202501
7030128000,7030128000,-3.0814574,1.6099355,-9.198661
7030176000,7030176000,-3.0859988,1.6343764,-8.774275
7030228000,7030228000,-3.0981026,1.6661143,-9.246905
7030272000,7030272000,-3.1521807,1.7205142,-9.166541
7030324000,7030324000,-3.0939264,1.6018485,-9.376683
7030376000,7030376000,-3.0887804,1.6446278,-9.403551
7030428000,7030428000,-3.137155,1.6690991,-9.24808
7030476000,7030476000,-3.0983515,1.6818389,-9.214349
7030528000,7030528000,-3.0700324,1.6575303,-9.297625
7030576000,7030576000,-3.0607417,1.6791995,-9.271268
7030628000,7030628000,-3.0799167,1.7031246,-9.098359
7030676000,7030676000,-3.122843,1.770161,-9.021271
7030728000,7030728000,-3.1013615,1.6977007,-9.259312
7030772000,7030772000,-3.110193,1.700456,-9.251081
7030828000,7030828000,-3.1092706,1.7263095,-9.272656
7030876000,7030876000,-3.050135,1.666836,-9.33894
7030928000,7030928000,-3.1164691,1.7612375,-9.20776
7030976000,7030976000,-3.0639513,1.6332504,-9.265201
7031028000,7031028000,-3.1049461,1.7253448,-9.198794
7031076000,7031076000,-3.0821512,1.7691803,-9.227162
7031128000,7031128000,-3.0755005,1.676209,-9.226947
7031172000,7031172000,-2.9776356,1.7638398,-9.516351
7031224000,7031224000,-3.0438054,1.7793504,-9.296726
7031276000,7031276000,-3.096361,1.7849901,-9.210625
7031328000,7031328000,-3.0690384,1.7693416,-9.12401
7031372000,7031372000,-3.0101511,1.7058643,-9.248481
7031428000,7031428000,-2.9899573,1.7564076,-9.16077
7031476000,7031476000,-3.0711737,1.79163,-9.162665
7031524000,7031524000,-3.0477097,1.6851481,-8.682524
7031572000,7031572000,-3.0210986,1.8542762,-9.261838
7031624000,7031624000,-2.9641263,1.7589952,-9.205106
7031676000,7031676000,-3.0253124,1.8034799,-9.509006
7031724000,7031724000,-3.086314,1.8082958,-9.225643
7031772000,7031772000,-2.9519346,1.7664262,-9.163873
7031828000,7031828000,-2.993138,1.8081048,-9.114859
7031876000,7031876000,-3.076623,1.8673161,-9.308666
7031928000,7031928000,-2.9903326,1.8575144,-9.235745
7031976000,7031976000,-2.9691758,1.7685213,-9.136274
7032028000,7032028000,-2.9646235,1.7088702,-8.735409
7032076000,7032076000,-2.984122,1.8539919,-9.21657
7032128000,7032128000,-2.9095845,1.7782483,-9.211207
7032176000,7032176000,-2.9969378,1.7820557,-9.49329
7032224000,7032224000,-3.033603,1.8315864,-9.308073
7032276000,7032276000,-2.9676106,1.9180613,-9.110819
7032328000,7032328000,-3.0286744,1.7935513,-9.14532
7032376000,7032376000,-2.9996908,1.9043845,-9.252971
7032428000,7032428000,-2.97686,1.8558878,-9.236025
7032476000,7032476000,-2.9629316,1.8712205,-9.137553
7032528000,7032528000,-2.9155636,1.8704727,-8.656568
7032572000,7032572000,-3.0145051,1.8429383,-9.17012
7032628000,7032628000,-2.9596176,1.8764619,-9.159869
7032676000,7032676000,-3.0077982,1.8547236,-9.216269
7032728000,7032728000,-2.9477875,1.8306012,-9.200893
7032776000,7032776000,-2.961249,1.9414293,-9.188747
7032828000,7032828000,-2.957172,1.8993777,-9.130942
7032876000,7032876000,-2.9714086,1.960725,-9.152376
7032928000,7032928000,-2.9300592,2.0139883,-9.18735
7032976000,7032976000,-2.9520972,1.9672986,-9.149292
7033028000,7033028000,-2.9187148,1.990093,-9.029961
7033076000,7033076000,-2.944393,1.9432511,-9.270713
7033128000,7033128000,-2.9293652,1.9497355,-9.1378
7033176000,7033176000,-2.919638,1.9735978,-9.148862
7033224000,7033224000,-3.006492,1.8938683,-9.378107
7033272000,7033272000,-2.919344,1.9611509,-9.186451
7033324000,7033324000,-2.8929315,2.03691,-9.142332
7033376000,7033376000,-2.970598,1.9161814,-8.894751
7033428000,7033428000,-2.905876,1.9649521,-9.217817
7033476000,7033476000,-2.927081,1.9930519,-9.144068
7033528000,7033528000,-2.968972,2.0493572,-9.262982
7033576000,7033576000,-2.9448926,2.0220108,-9.224904
7033628000,7033628000,-2.9141808,1.9997842,-9.19754
7033676000,7033676000,-2.8926783,2.013635,-9.101759
7033728000,7033728000,-2.9694655,2.002132,-9.310615
7033776000,7033776000,-2.8925898,1.9765581,-9.137043
7033828000,7033828000,-2.8933895,2.0923383,-9.1471815
7033876000,7033876000,-2.8845153,1.9313787,-8.682279
7033928000,7033928000,-2.9644706,2.0891843,-9.197808
7033976000,7033976000,-2.9097261,2.0663142,-9.110783
7034028000,7034028000,-2.9027398,2.085807,-9.255225
7034076000,7034076000,-2.904626,2.071161,-9.199141
7034128000,7034128000,-2.9407067,2.0832202,-9.118504
7034176000,7034176000,-2.803664,1.9866647,-9.170992
7034228000,7034228000,-2.9023526,2.0166771,-9.270821
7034276000,7034276000,-3.0213296,2.0818717,-9.152392
7034328000,7034328000,-2.9014223,2.1343536,-9.155989
7034376000,7034376000,-2.887885,2.0482326,-8.882795
7034428000,7034428000,-2.9368176,2.0907495,-9.249422
7034476000,7034476000,-2.871506,2.0719285,-9.160782
7034528000,7034528000,-2.863264,2.1229124,-9.310569
7034572000,7034572000,-2.8859339,2.1169336,-9.237896
7034628000,7034628000,-2.8656588,2.0694714,-9.134992
7034676000,7034676000,-2.8625255,2.0836284,-9.106324
7034728000,7034728000,-2.8573184,2.0841904,-9.27956
7034772000,7034772000,-2.8770878,2.1139486,-9.166594
7034828000,7034828000,-2.9050856,2.0882034,-9.204798
7034876000,7034876000,-2.852097,2.1035316,-8.89546
7034928000,7034928000,-2.9745748,2.1954186,-9.191799
7034976000,7034976000,-2.8654807,2.1308956,-9.184221
7035028000,7035028000,-2.8729239,2.1698215,-9.316495
7035072000,7035072000,-2.8530858,2.0194004,-9.280678
7035128000,7035128000,-2.8206818,2.1850696,-9.151279
7035176000,7035176000,-2.8553932,2.1286588,-9.139975
7035224000,7035224000,-2.8513992,2.0651076,-9.253988
7035272000,7035272000,-2.8302205,2.1391354,-9.149867
7035328000,7035328000,-2.8597388,2.117108,-9.17561
7035376000,7035376000,-2.870266,2.1715999,-8.946026
7035428000,7035428000,-2.8220704,2.110978,-9.20781
7035476000,7035476000,-2.7893434,2.1253967,-9.142191
7035524000,7035524000,-2.825657,2.1462402,-9.41977
7035576000,7035576000,-2.8267112,2.1361406,-9.233016
7035628000,7035628000,-2.805607,2.1509738,-9.191733
7035676000,7035676000,-2.824155,2.1277957,-9.153932
7035728000,7035728000,-2.863314,2.1593518,-9.302242
7035776000,7035776000,-2.7515235,2.180426,-9.233388
7035828000,7035828000,-2.7478383,2.1198995,-9.2097435
7035872000,7035872000,-2.7689364,2.1771128,-8.696068
7035928000,7035928000,-2.7965007,2.133628,-9.240784
7035976000,7035976000,-2.84739,2.1557188,-9.115191
7036028000,7036028000,-2.724801,2.1537955,-9.416646
7036076000,7036076000,-2.8465164,2.128091,-9.208603
7036128000,7036128000,-2.8188608,2.1480732,-9.166104
7036176000,7036176000,-2.7431493,2.1762068,-9.152232
7036228000,7036228000,-2.808542,2.1849375,-9.296425
7036276000,7036276000,-2.7438283,2.1824543,-9.205859
7036328000,7036328000,-2.7767334,2.1386616,-9.085649
7036372000,7036372000,-2.6959364,2.1258101,-8.672189
7036428000,7036428000,-2.741202,2.1972373,-9.1010065
7036476000,7036476000,-2.7606866,2.1154807,-9.1791525
7036528000,7036528000,-2.8240805,2.2860637,-9.492301
7036576000,7036576000,-2.7882214,2.102368,-9.231866
7036624000,7036624000,-2.630522,2.2151067,-9.114508
7036676000,7036676000,-2.7527869,2.2407193,-9.104178
7036728000,7036728000,-2.7610211,2.1729157,-9.245419
7036776000,7036776000,-2.7326164,2.1907382,-9.216599
7036828000,7036828000,-2.7152104,2.219002,-9.12157
7036876000,7036876000,-2.786798,2.2076988,-8.723144
7036928000,7036928000,-2.6459508,2.2613535,-9.192092
7036976000,7036976000,-2.7052746,2.198592,-9.126315
7037024000,7037024000,-2.6972263,2.2308075,-9.325433
7037072000,7037072000,-2.6757097,2.213709,-9.295568
7037128000,7037128000,-2.7260494,2.3023536,-9.213129
7037172000,7037172000,-2.7128785,2.2577786,-9.221027
7037228000,7037228000,-2.6968727,2.2392385,-9.277985
7037272000,7037272000,-2.68185,2.215194,-9.193315
7037328000,7037328000,-2.6739314,2.3266556,-9.0986595
7037372000,7037372000,-2.6979854,2.337511,-9.291481
7037428000,7037428000,-2.6643198,2.232773,-9.197439
7037476000,7037476000,-2.659596,2.352534,-9.148318
7037528000,7037528000,-2.684856,2.1605093,-9.228595
7037576000,7037576000,-2.6460335,2.2358873,-9.313464
7037628000,7037628000,-2.679248,2.3260603,-9.124037
7037676000,7037676000,-2.6427877,2.231427,-9.056967
7037728000,7037728000,-2.672443,2.3674972,-9.074656
7037776000,7037776000,-2.6037679,2.319296,-9.110264
7037828000,7037828000,-2.666028,2.258194,-9.105376
7037876000,7037876000,-2.6567292,2.370853,-9.207344
7037928000,7037928000,-2.6201236,2.2705245,-9.171225
7037976000,7037976000,-2.567849,2.3066785,-9.05428
7038028000,7038028000,-2.5609713,2.275187,-9.1309595
7038076000,7038076000,-2.5496793,2.2483697,-9.237155
7038128000,7038128000,-2.5031397,2.3336039,-9.078511
7038176000,7038176000,-2.4800527,2.2603118,-9.02904
7038228000,7038228000,-2.4641912,2.2816217,-9.043581
7038276000,7038276000,-2.3450406,2.2540684,-9.08714
7038328000,7038328000,-2.3348613,2.2729104,-9.028208
7038376000,7038376000,-2.2876925,2.4061317,-9.260239
7038428000,7038428000,-2.2333734,2.2416015,-9.187797
7038476000,7038476000,-2.2399588,2.2700584,-9.228793
7038528000,7038528000,-2.1258478,2.2623625,-9.5033045
7038576000,7038576000,-2.105078,2.1490252,-9.615965
7038628000,7038628000,-1.9719802,2.2079754,-9.6068
7038676000,7038676000,-1.9262265,2.1434422,-9.764051
7038728000,7038728000,-1.8740643,2.1626716,-10.010514
7038776000,7038776000,-1.7838675,2.1167808,-10.078984
7038828000,7038828000,-1.7202231,2.0256882,-10.089328
7038876000,7038876000,-1.6047193,1.9928135,-9.79508
7038928000,7038928000,-1.5917505,1.8299732,-10.384923
7038972000,7038972000,-1.4646446,1.7889957,-10.326555
7039024000,7039024000,-1.3679404,1.6926507,-10.665019
7039072000,7039072000,-1.3287991,1.5665321,-10.606805
7039128000,7039128000,-1.156883,1.6304407,-10.518081
7039172000,7039172000,-1.1270452,1.4522989,-10.469495
7039228000,7039228000,-1.0392746,1.3057,-10.589411
7039272000,7039272000,-0.9230983,1.3216105,-10.438726
7039328000,7039328000,-0.9096769,1.2529571,-10.421538
7039376000,7039376000,-0.83290327,1.1378148,-10.617338
7039428000,7039428000,-0.7335266,1.075079,-10.446035
7039476000,7039476000,-0.7300817,1.0085249,-10.357377
7039528000,7039528000,-0.6045932,0.83814937,-10.09692
7039576000,7039576000,-0.5108154,0.8612031,-10.384322
7039628000,7039628000,-0.49805248,0.7788391,-10.319767
7039676000,7039676000,-0.4669693,0.6885169,-10.374752
7039724000,7039724000,-0.4227113,0.62714726,-10.368402
7039772000,7039772000,-0.37463173,0.5798025,-10.205021
7039828000,7039828000,-0.2868594,0.5011879,-10.2887945
7039876000,7039876000,-0.28632265,0.3846775,-10.2564
7039928000,7039928000,-0.255381,0.42978632,-10.0868
7039976000,7039976000,-0.2070611,0.35173422,-10.057406
7040028000,7040028000,-0.17076746,0.31384945,-10.082606
7040076000,7040076000,-0.15503232,0.23836598,-10.108217
7040128000,7040128000,-0.0712905,0.23738821,-10.018133
7040176000,7040176000,-0.13943367,0.25709423,-10.15732
7040228000,7040228000,-0.0793079,0.14005202,-10.021341
7040276000,7040276000,0.061312504,0.12646315,-9.931291
7040328000,7040328000,-0.027750151,0.09166124,-9.882202
7040376000,7040376000,0.017567389,0.0046998016,-10.013665
7040428000,7040428000,-0.004957282,0.07075889,-9.898586
7040476000,7040476000,0.114185855,0.018558199,-9.828057
7040528000,7040528000,0.06805167,-0.034375433,-9.351839
7040576000,7040576000,0.053879485,-0.03625346,-9.912726
7040628000,7040628000,0.09843595,0.026182642,-9.759192
7040676000,7040676000,0.06635938,-0.06428969,-9.82293
7040728000,7040728000,0.08884833,-0.06526092,-9.895435
7040776000,7040776000,0.0036434208,-0.056832846,-9.829244
7040828000,7040828000,0.105981216,-0.027022913,-9.7575035
7040872000,7040872000,0.06861598,-0.15359694,-9.324776
7040928000,7040928000,0.05376044,-0.11575669,-9.855727
7040972000,7040972000,0.055309806,-0.012649151,-9.76141
7041024000,7041024000,0.0043376083,-0.022261618,-9.456764
7041076000,7041076000,0.26840535,-0.21060917,-9.124059
7041128000,7041128000,0.12911476,-0.060923677,-8.713496
7041176000,7041176000,0.110842705,-0.039635625,-8.474811
7041224000,7041224000,0.13894124,-0.14122464,-8.045687
7041276000,7041276000,0.14562531,-0.066223696,-8.035578
7041328000,7041328000,0.10883961,-0.08186055,-7.874155
7041376000,7041376000,0.082845464,-0.07624777,-8.002895
7041428000,7041428000,0.15703824,-0.035839763,-7.7057853
7041476000,7041476000,0.098831214,-0.009824097,-8.090643
7041528000,7041528000,0.09607873,-0.088946834,-8.639164
7041576000,7041576000,0.078198634,-0.015083881,-8.988851
7041628000,7041628000,0.049982034,0.023974162,-9.411509
7041676000,7041676000,0.086098745,0.023160402,-9.695964
7041728000,7041728000,0.05935637,0.009616483,-10.307315
7041776000,7041776000,0.061135463,-0.016752176,-10.27471
7041824000,7041824000,-0.04670886,0.10522808,-10.548355
7041876000,7041876000,0.07751989,0.012491404,-10.433315
7041928000,7041928000,0.23109722,-0.03729576,-10.292076
7041976000,7041976000,0.060950402,0.03134047,-10.202937
7042028000,7042028000,0.00930384,0.072157554,-9.993243
7042076000,7042076000,0.034307785,0.047365114,-10.233289
7042128000,7042128000,0.05855686,0.0449211,-9.924297
7042176000,7042176000,0.005252656,0.07543018,-9.803699
7042228000,7042228000,0.034685668,-0.008985952,-9.755831
7042276000,7042276000,-0.033201594,0.082968034,-9.693026
7042328000,7042328000,0.009858399,0.07483842,-9.803875
7042376000,7042376000,0.04813044,0.04723963,-9.754655
7042424000,7042424000,-0.037689775,0.0056915767,-9.922173
7042476000,7042476000,-0.0059488886,0.06314721,-9.9226265
7042528000,7042528000,-0.007687631,0.12923494,-9.781888
7042576000,7042576000,-0.017824497,0.057681877,-9.652465
7042628000,7042628000,-0.055339735,0.13939263,-9.614817
7042676000,7042676000,0.011501667,0.099688426,-9.731275
7042728000,7042728000,-0.0397113,0.0759025,-9.722912
7042776000,7042776000,-0.04233935,0.06848234,-10.01046
7042828000,7042828000,-0.027642632,0.036959298,-9.825543
7042872000,7042872000,-0.053119607,0.13321248,-9.711574
7042928000,7042928000,-0.079068094,0.08791184,-9.722589
7042976000,7042976000,-0.061038513,0.1289156,-9.747058
7043028000,7043028000,-0.030724503,0.13034755,-9.855895
7043076000,7043076000,-0.025906209,0.09637676,-9.7539625
7043128000,7043128000,-0.0971625,0.13088815,-9.888367
7043176000,7043176000,-0.109538674,0.13050026,-9.905867
7043228000,7043228000,-0.091838695,0.14982118,-9.702231
7043272000,7043272000,-0.0835135,0.098798215,-9.763102
7043328000,7043328000,-0.0414922,0.20745148,-9.896415
7043372000,7043372000,-0.046158288,0.12763986,-9.803203
7043424000,7043424000,-0.004567577,0.11504942,-9.713099
7043476000,7043476000,-0.09557955,0.21776457,-9.863579
7043528000,7043528000,-0.07085255,0.12393242,-9.877592
7043576000,7043576000,0.019561583,0.09484715,-9.750501
7043628000,7043628000,-0.14769776,0.15689008,-9.800924
7043676000,7043676000,-0.02910519,0.16474795,-9.871966
7043728000,7043728000,-0.083003044,0.13529573,-9.8316345
7043776000,7043776000,-0.032190587,0.10335747,-9.777201
7043828000,7043828000,-0.095888756,0.18797937,-9.87401
7043876000,7043876000,-0.08058928,0.082973644,-9.869142
7043928000,7043928000,-0.041665405,0.15248635,-9.807894
7043972000,7043972000,-2.5702949,0.042021442,-48.900154
7044028000,7044028000,0.12360777,0.10969149,-7.7810035
7044076000,7044076000,-0.6230968,1.1231172,-8.755535
7044128000,7044128000,0.10467505,0.009429768,-10.079281
7044176000,7044176000,0.18102267,-0.17549792,-10.095674
7044224000,7044224000,-0.06476565,-0.041244023,-9.787273
7044276000,7044276000,0.02419416,0.059370387,-9.817978
7044328000,7044328000,-0.012866098,0.03663139,-9.873963
7044372000,7044372000,0.041951135,0.0971942,-9.873268
7044424000,7044424000,-0.01833529,0.08820097,-9.846574
7044472000,7044472000,-0.12032635,0.14202599,-9.846553
7044528000,7044528000,-0.05015242,0.01922312,-9.931491
7044572000,7044572000,-0.014259063,0.14061323,-10.08292
7044628000,7044628000,-0.054674063,0.11874641,-9.915457
7044676000,7044676000,-0.006426796,-0.060768858,-9.829534
7044728000,7044728000,-0.012590079,-0.0042756423,-10.063105
7044776000,7044776000,-0.10672085,0.046010345,-9.458588
7044828000,7044828000,-0.03450919,0.12057854,-9.686129
7044876000,7044876000,0.010560636,0.19175978,-10.106978
7044928000,7044928000,0.08117937,0.12637454,-10.155169
7044976000,7044976000,-0.009945566,0.17894757,-10.103285
7045028000,7045028000,-0.02872978,0.06277707,-9.295773
7045072000,7045072000,-0.040311046,0.009703676,-9.677399
7045128000,7045128000,-0.0113047175,0.15597056,-9.970669
7045176000,7045176000,-0.08702815,0.15037665,-9.558974
7045228000,7045228000,-0.046611458,0.10878473,-9.875211
7045276000,7045276000,-0.00856269,0.20867926,-9.718573
7045328000,7045328000,-0.070296146,0.07520108,-9.596345
7045376000,7045376000,0.0012678162,0.112684704,-9.963013
7045428000,7045428000,0.0023428723,0.13988084,-9.937877
7045476000,7045476000,-0.008419836,0.09729758,-9.700348
7045528000,7045528000,0.024352247,0.10757443,-10.014264
7045576000,7045576000,-0.039023172,0.07770144,-9.586304
7045628000,7045628000,-0.026709434,0.10713026,-9.81879
7045676000,7045676000,0.01583053,0.106930256,-9.779391
7045728000,7045728000,-0.009105771,0.08674317,-9.823322
7045776000,7045776000,-0.057609715,0.06260701,-9.648219
7045828000,7045828000,-0.008793507,0.13685128,-10.060112
7045876000,7045876000,0.020753881,0.09448989,-10.088437
7045928000,7045928000,-0.10353402,0.030509708,-9.679869
7045976000,7045976000,-0.06391418,0.09743346,-9.86266
7046028000,7046028000,-0.02527731,0.10352864,-9.808533
7046076000,7046076000,-0.009344936,0.10100203,-9.803569
7046128000,7046128000,-0.06518495,0.06753163,-9.850694
7046176000,7046176000,-0.009933258,0.05404829,-9.771738
7046228000,7046228000,-0.027444784,0.05745141,-9.784984
7046276000,7046276000,-0.057807587,0.071585156,-9.740359
7046324000,7046324000,-0.045861565,0.07683031,-9.73578
7046376000,7046376000,-0.042422578,0.06047013,-9.912894
7046424000,7046424000,-0.0089354655,0.09507114,-9.772874
7046476000,7046476000,-0.00709766,0.011811213,-9.621236
7046528000,7046528000,-0.030255554,0.061489932,-9.900423
7046576000,7046576000,-0.024778202,0.015962541,-9.647037
7046628000,7046628000,-0.04252424,0.06244806,-9.898402
7046676000,7046676000,-0.026653407,0.09075222,-9.830223
7046728000,7046728000,0.031762134,0.08788534,-9.810582
7046776000,7046776000,-0.018401403,0.116867654,-9.925328
7046828000,7046828000,-0.03581226,0.104401916,-9.651217
7046876000,7046876000,0.0091932155,0.061391253,-9.592448
7046928000,7046928000,0.011547807,0.10420961,-9.894521
7046976000,7046976000,-0.040409543,0.04650764,-9.787532
7047028000,7047028000,-0.03821367,0.08117791,-9.756147
7047076000,7047076000,-0.037349243,0.1116985,-9.722496
7047128000,7047128000,-0.053784464,0.093144596,-9.811682
7047176000,7047176000,-0.05153563,0.0910542,-9.764472
7047228000,7047228000,-0.061003715,0.0029971153,-9.947688
7047276000,7047276000,-0.058187466,0.16395283,-9.870399
7047328000,7047328000,-0.022882527,0.08516859,-9.723676
7047376000,7047376000,-0.06244803,0.07208542,-9.596437
7047428000,7047428000,0.0077390294,0.07957239,-9.944312
7047476000,7047476000,0.0037250242,0.0961497,-9.8366585
7047528000,7047528000,-0.05737781,0.0026542353,-9.813222
7047576000,7047576000,-0.052735325,0.08534485,-9.782511
7047628000,7047628000,-0.01551237,0.111824505,-9.722582
7047676000,7047676000,-0.09614623,0.081923485,-9.76297
7047728000,7047728000,-0.020194,0.06791393,-9.814248
7047776000,7047776000,-0.0084909685,0.104795836,-9.800766
7047828000,7047828000,-0.011915461,0.10091231,-9.743836
7047876000,7047876000,-0.043269034,0.10680832,-9.775589
7047928000,7047928000,-0.03607023,0.06871696,-9.998386
7047976000,7047976000,-0.007481045,0.1300129,-9.796208
7048024000,7048024000,-0.09757365,0.15324058,-9.694975
7048076000,7048076000,-0.041914053,0.033117432,-9.814803
7048128000,7048128000,0.012822561,0.08021354,-9.742368
7048176000,7048176000,-0.02253344,0.09175468,-9.74159
7048228000,7048228000,-0.016807988,0.0503362,-9.824157
7048276000,7048276000,-0.047837894,0.099079385,-9.945792
7048328000,7048328000,-0.059000067,0.06183163,-9.683273
7048376000,7048376000,-0.037656747,0.11697003,-9.802272
7048428000,7048428000,-0.06252954,0.047715154,-9.754703
7048476000,7048476000,-0.028045064,0.05899744,-9.77282
7048528000,7048528000,-0.03288,0.048372205,-9.786062
7048576000,7048576000,-0.018357221,0.0784384,-9.554124
7048628000,7048628000,-0.021614285,0.06007468,-9.615805
7048676000,7048676000,-0.03955876,0.059801776,-9.87859
7048728000,7048728000,-0.023956925,0.059752725,-9.731099
7048776000,7048776000,0.0003624162,0.033735994,-9.643378
7048828000,7048828000,-0.06348494,0.049415912,-9.54933
7048876000,7048876000,-0.03521864,0.015003388,-9.668034
7048928000,7048928000,-0.059263494,0.16220418,-9.814103
7048976000,7048976000,-0.037400976,0.12278015,-9.91806
