timestamp,accel_device_id_primary,accel_device_ids[0],accel_device_ids[1],accel_device_ids[2],accel_device_ids[3],accel_inconsistency_m_s_s[0],accel_inconsistency_m_s_s[1],accel_inconsistency_m_s_s[2],accel_inconsistency_m_s_s[3],gyro_device_id_primary,gyro_device_ids[0],gyro_device_ids[1],gyro_device_ids[2],gyro_device_ids[3],gyro_inconsistency_rad_s[0],gyro_inconsistency_rad_s[1],gyro_inconsistency_rad_s[2],gyro_inconsistency_rad_s[3],accel_healthy[0],accel_healthy[1],accel_healthy[2],accel_healthy[3],accel_priority[0],accel_priority[1],accel_priority[2],accel_priority[3],gyro_healthy[0],gyro_healthy[1],gyro_healthy[2],gyro_healthy[3],gyro_priority[0],gyro_priority[1],gyro_priority[2],gyro_priority[3]
6970976000,1310988,1310988,1310996,1311004,0,0.0052858954,0.007871348,0.0067168707,0.0,1310988,1310988,1310996,1311004,0,0.0012673625,0.00014773816,0.0011823353,0.0,1,1,1,0,50,50,50,0,1,1,1,0,1,1,1,0
6970984000,1310988,1310988,1310996,1311004,0,0.0051770867,0.0022644028,0.0057481835,0.0,1310988,1310988,1310996,1311004,0,0.0011678515,0.00027470166,0.00090323115,0.0,1,1,1,0,50,50,50,0,1,1,1,0,1,1,1,0
6971176000,1310988,1310988,1310996,1311004,0,0.025890632,0.0017371956,0.025599677,0.0,1310988,1310988,1310996,1311004,0,0.0008075593,0.00082465215,0.00023218349,0.0,1,1,1,0,50,50,50,0,1,1,1,0,1,1,1,0
6971372000,1310988,1310988,1310996,1311004,0,0.016737599,0.029705815,0.013249589,0.0,1310988,1310988,1310996,1311004,0,0.0007152706,0.001374995,0.0006788443,0.0,1,1,1,0,50,50,50,0,1,1,1,0,1,1,1,0
6971576000,1310988,1310988,1310996,1311004,0,0.007983299,0.0062095216,0.0018664676,0.0,1310988,1310988,1310996,1311004,0,0.0006475158,0.00027277163,0.00039792462,0.0,1,1,1,0,50,50,50,0,1,1,1,0,1,1,1,0
6971772000,1310988,1310988,1310996,1311004,0,0.011216827,0.0055446452,0.014550713,0.0,1310988,1310988,1310996,1311004,0,0.0018766045,0.0010754861,0.00081605074,0.0,1,1,1,0,50,50,50,0,1,1,1,0,1,1,1,0
6971976000,1310988,1310988,1310996,1311004,0,0.016103607,0.007906266,0.008198466,0.0,1310988,1310988,1310996,1311004,0,0.0012326658,0.0007986434,0.00044004968,0.0,1,1,1,0,50,50,50,0,1,1,1,0,1,1,1,0
6972176000,1310988,1310988,1310996,1311004,0,0.023915723,0.018866027,0.0053272806,0.0,1310988,1310988,1310996,1311004,0,0.0017696376,0.0013028278,0.0004724772,0.0,1,1,1,0,50,50,50,0,1,1,1,0,1,1,1,0
6972376000,1310988,1310988,1310996,1311004,0,0.03217461,0.013810578,0.04594801,0.0,1310988,1310988,1310996,1311004,0,0.0009971958,0.00031188488,0.0007679403,0.0,1,1,1,0,50,50,50,0,1,1,1,0,1,1,1,0
6972576000,1310988,1310988,1310996,1311004,0,0.02048047,0.010350887,0.010307206,0.0,1310988,1310988,1310996,1311004,0,0.00022882578,0.00015817754,9.837699e-05,0.0,1,1,1,0,50,50,50,0,1,1,1,0,1,1,1,0
6972776000,1310988,1310988,1310996,1311004,0,0.0057969005,0.0010225679,0.0051241326,0.0,1310988,1310988,1310996,1311004,0,0.0009353131,0.00058280944,0.0004964728,0.0,1,1,1,0,50,50,50,0,1,1,1,0,1,1,1,0
6972972000,1310988,1310988,1310996,1311004,0,0.010065669,0.004382522,0.01144951,0.0,1310988,1310988,1310996,1311004,0,0.00023788295,0.00018685372,0.0001545355,0.0,1,1,1,0,50,50,50,0,1,1,1,0,1,1,1,0
6973172000,1310988,1310988,1310996,1311004,0,0.012076135,0.0058291,0.012242772,0.0,1310988,1310988,1310996,1311004,0,0.00031742465,0.0002254342,0.00044339124,0.0,1,1,1,0,50,50,50,0,1,1,1,0,1,1,1,0
6973372000,1310988,1310988,1310996,1311004,0,0.0058686803,0.00082886836,0.0050956253,0.0,1310988,1310988,1310996,1311004,0,0.00025889697,0.00013409133,0.00013913319,0.0,1,1,1,0,50,50,50,0,1,1,1,0,1,1,1,0
6973576000,1310988,1310988,1310996,1311004,0,0.0061197653,0.004951641,0.009479129,0.0,1310988,1310988,1310996,1311004,0,0.00020366015,0.00035099246,0.0004787867,0.0,1,1,1,0,50,50,50,0,1,1,1,0,1,1,1,0
6973772000,1310988,1310988,1310996,1311004,0,0.0101653505,0.005570504,0.004908147,0.0,1310988,1310988,1310996,1311004,0,0.00041018755,0.00022262719,0.00022803465,0.0,1,1,1,0,50,50,50,0,1,1,1,0,1,1,1,0
6973976000,1310988,1310988,1310996,1311004,0,0.015942885,0.007349844,0.010166968,0.0,1310988,1310988,1310996,1311004,0,0.0016632145,0.0021039005,0.00045645022,0.0,1,1,1,0,50,50,50,0,1,1,1,0,1,1,1,0
6974176000,1310988,1310988,1310996,1311004,0,0.0053492025,0.0028147988,0.0028087292,0.0,1310988,1310988,1310996,1311004,0,0.0005206403,0.00042122666,0.00037039068,0.0,1,1,1,0,50,50,50,0,1,1,1,0,1,1,1,0
6974372000,1310988,1310988,1310996,1311004,0,0.021466784,0.003771004,0.025135452,0.0,1310988,1310988,1310996,1311004,0,0.00072974426,0.0008412341,0.0002699915,0.0,1,1,1,0,50,50,50,0,1,1,1,0,1,1,1,0
6974572000,1310988,1310988,1310996,1311004,0,0.0028819055,0.0019763752,0.0036614041,0.0,1310988,1310988,1310996,1311004,0,0.0002928036,0.0004773828,0.00039124218,0.0,1,1,1,0,50,50,50,0,1,1,1,0,1,1,1,0
6974776000,1310988,1310988,1310996,1311004,0,0.0049847583,0.0036225088,0.0054590665,0.0,1310988,1310988,1310996,1311004,0,0.0012967762,0.0005233461,0.001810884,0.0,1,1,1,0,50,50,50,0,1,1,1,0,1,1,1,0
6974972000,1310988,1310988,1310996,1311004,0,0.012381642,0.006205229,0.0062043318,0.0,1310988,1310988,1310996,1311004,0,0.0006295219,0.00039416717,0.0002354772,0.0,1,1,1,0,50,50,50,0,1,1,1,0,1,1,1,0
6975176000,1310988,1310988,1310996,1311004,0,0.0038170074,0.008271867,0.01129024,0.0,1310988,1310988,1310996,1311004,0,0.0014098549,0.00060219364,0.0009883014,0.0,1,1,1,0,50,50,50,0,1,1,1,0,1,1,1,0
6975376000,1310988,1310988,1310996,1311004,0,0.010580844,0.0062593822,0.0044626584,0.0,1310988,1310988,1310996,1311004,0,0.0001019441,0.0002292163,0.0001782313,0.0,1,1,1,0,50,50,50,0,1,1,1,0,1,1,1,0
6975576000,1310988,1310988,1310996,1311004,0,0.016731808,0.024220034,0.009294674,0.0,1310988,1310988,1310996,1311004,0,0.00015745171,0.00026876168,0.00032172468,0.0,1,1,1,0,50,50,50,0,1,1,1,0,1,1,1,0
6975772000,1310988,1310988,1310996,1311004,0,0.011927976,0.025644967,0.0139492145,0.0,1310988,1310988,1310996,1311004,0,0.0006245656,0.0012391304,0.0017045363,0.0,1,1,1,0,50,50,50,0,1,1,1,0,1,1,1,0
6975976000,1310988,1310988,1310996,1311004,0,0.06988739,0.018094733,0.051854387,0.0,1310988,1310988,1310996,1311004,0,0.0021469952,0.00040957273,0.0017766581,0.0,1,1,1,0,50,50,50,0,1,1,1,0,1,1,1,0
6976172000,1310988,1310988,1310996,1311004,0,0.004223545,0.0067776213,0.0053012706,0.0,1310988,1310988,1310996,1311004,0,0.0005347568,0.00019490396,0.00050772395,0.0,1,1,1,0,50,50,50,0,1,1,1,0,1,1,1,0
6976372000,1310988,1310988,1310996,1311004,0,0.006804109,0.02141617,0.016907586,0.0,1310988,1310988,1310996,1311004,0,0.00081033725,0.0010565855,0.00065043854,0.0,1,1,1,0,50,50,50,0,1,1,1,0,1,1,1,0
6976572000,1310988,1310988,1310996,1311004,0,0.043003146,0.006955409,0.048545346,0.0,1310988,1310988,1310996,1311004,0,0.0018049978,0.0011360184,0.0006896316,0.0,1,1,1,0,50,50,50,0,1,1,1,0,1,1,1,0
6976776000,1310988,1310988,1310996,1311004,0,0.02625759,0.05793644,0.083840765,0.0,1310988,1310988,1310996,1311004,0,0.0018014974,0.0017327046,0.00012598968,0.0,1,1,1,0,50,50,50,0,1,1,1,0,1,1,1,0
6976972000,1310988,1310988,1310996,1311004,0,0.01679784,0.012185538,0.004947432,0.0,1310988,1310988,1310996,1311004,0,0.00046411066,0.00018865035,0.00033599808,0.0,1,1,1,0,50,50,50,0,1,1,1,0,1,1,1,0
6977176000,1310988,1310988,1310996,1311004,0,0.035567176,0.0129451845,0.032841384,0.0,1310988,1310988,1310996,1311004,0,0.0027409368,0.0016775726,0.0012481669,0.0,1,1,1,0,50,50,50,0,1,1,1,0,1,1,1,0
6977376000,1310988,1310988,1310996,1311004,0,0.0052559967,0.0031539074,0.0028832706,0.0,1310988,1310988,1310996,1311004,0,0.0054134685,0.0029038717,0.0025238332,0.0,1,1,1,0,50,50,50,0,1,1,1,0,1,1,1,0
6977576000,1310988,1310988,1310996,1311004,0,0.008756855,0.0072216145,0.014746191,0.0,1310988,1310988,1310996,1311004,0,0.00056800473,0.00019088482,0.0003888934,0.0,1,1,1,0,50,50,50,0,1,1,1,0,1,1,1,0
6977776000,1310988,1310988,1310996,1311004,0,0.004935985,0.004667763,0.00755062,0.0,1310988,1310988,1310996,1311004,0,0.0009240862,0.0005897401,0.0014728785,0.0,1,1,1,0,50,50,50,0,1,1,1,0,1,1,1,0
6977972000,1310988,1310988,1310996,1311004,0,0.005284911,0.0038681575,0.0036982007,0.0,1310988,1310988,1310996,1311004,0,0.00032410768,9.0103174e-05,0.0003658098,0.0,1,1,1,0,50,50,50,0,1,1,1,0,1,1,1,0
6978172000,1310988,1310988,1310996,1311004,0,0.009978193,0.0024704428,0.0077467808,0.0,1310988,1310988,1310996,1311004,0,0.00074796216,0.0006174421,0.00021556733,0.0,1,1,1,0,50,50,50,0,1,1,1,0,1,1,1,0
6978376000,1310988,1310988,1310996,1311004,0,0.0061513255,0.0028859435,0.0032739379,0.0,1310988,1310988,1310996,1311004,0,0.0006578922,0.00031889652,0.0003444574,0.0,1,1,1,0,50,50,50,0,1,1,1,0,1,1,1,0
6978576000,1310988,1310988,1310996,1311004,0,0.0026567162,0.004024623,0.0014732089,0.0,1310988,1310988,1310996,1311004,0,0.0004562595,0.00022632733,0.00024214636,0.0,1,1,1,0,50,50,50,0,1,1,1,0,1,1,1,0
6978776000,1310988,1310988,1310996,1311004,0,0.016395986,0.006669832,0.010242911,0.0,1310988,1310988,1310996,1311004,0,0.0044103726,0.002239618,0.0021922698,0.0,1,1,1,0,50,50,50,0,1,1,1,0,1,1,1,0
6978972000,1310988,1310988,1310996,1311004,0,0.002115434,0.0012316584,0.0009886797,0.0,1310988,1310988,1310996,1311004,0,0.00042242903,0.00021882527,0.00020436542,0.0,1,1,1,0,50,50,50,0,1,1,1,0,1,1,1,0
6979176000,1310988,1310988,1310996,1311004,0,0.0013052206,0.0022277434,0.0018473439,0.0,1310988,1310988,1310996,1311004,0,0.00045524383,0.00047882015,0.00011391699,0.0,1,1,1,0,50,50,50,0,1,1,1,0,1,1,1,0
6979376000,1310988,1310988,1310996,1311004,0,0.022857422,0.014034434,0.00917178,0.0,1310988,1310988,1310996,1311004,0,0.0032706663,0.0019693037,0.0013145925,0.0,1,1,1,0,50,50,50,0,1,1,1,0,1,1,1,0
6979572000,1310988,1310988,1310996,1311004,0,0.003169519,0.0024483947,0.0014589943,0.0,1310988,1310988,1310996,1311004,0,9.877449e-05,0.0001574622,0.00014117794,0.0,1,1,1,0,50,50,50,0,1,1,1,0,1,1,1,0
6979772000,1310988,1310988,1310996,1311004,0,0.007963873,0.024569739,0.01696995,0.0,1310988,1310988,1310996,1311004,0,0.0036521172,0.0014025324,0.0022772104,0.0,1,1,1,0,50,50,50,0,1,1,1,0,1,1,1,0
6979976000,1310988,1310988,1310996,1311004,0,0.016271086,0.005101798,0.011360459,0.0,1310988,1310988,1310996,1311004,0,0.0020173634,0.0019164495,0.00013276307,0.0,1,1,1,0,50,50,50,0,1,1,1,0,1,1,1,0
6980172000,1310988,1310988,1310996,1311004,0,0.0030294096,0.004002046,0.005870666,0.0,1310988,1310988,1310996,1311004,0,0.0020861507,0.0037639032,0.0017517526,0.0,1,1,1,0,50,50,50,0,1,1,1,0,1,1,1,0
6980372000,1310988,1310988,1310996,1311004,0,0.00342853,0.0028370074,0.002738833,0.0,1310988,1310988,1310996,1311004,0,0.0028136405,0.0013353664,0.0014788494,0.0,1,1,1,0,50,50,50,0,1,1,1,0,1,1,1,0
6980572000,1310988,1310988,1310996,1311004,0,0.0079640495,0.0035463138,0.0045594447,0.0,1310988,1310988,1310996,1311004,0,0.00093068345,0.00079076615,0.0011354133,0.0,1,1,1,0,50,50,50,0,1,1,1,0,1,1,1,0
6980772000,1310988,1310988,1310996,1311004,0,0.003922457,0.009378971,0.0054786545,0.0,1310988,1310988,1310996,1311004,0,0.0061545838,0.008073339,0.0019319484,0.0,1,1,1,0,50,50,50,0,1,1,1,0,1,1,1,0
6980972000,1310988,1310988,1310996,1311004,0,0.008876011,0.036917444,0.028399942,0.0,1310988,1310988,1310996,1311004,0,0.003201977,0.0029762564,0.00024267506,0.0,1,1,1,0,50,50,50,0,1,1,1,0,1,1,1,0
6981176000,1310988,1310988,1310996,1311004,0,0.010400834,0.01225587,0.022411969,0.0,1310988,1310988,1310996,1311004,0,0.0037578742,0.0033067914,0.0069542835,0.0,1,1,1,0,50,50,50,0,1,1,1,0,1,1,1,0
6981372000,1310988,1310988,1310996,1311004,0,0.009812378,0.011758392,0.015455087,0.0,1310988,1310988,1310996,1311004,0,0.002750252,0.002088902,0.0006814804,0.0,1,1,1,0,50,50,50,0,1,1,1,0,1,1,1,0
6981576000,1310988,1310988,1310996,1311004,0,0.009394613,0.0072401655,0.0026026051,0.0,1310988,1310988,1310996,1311004,0,0.0009826405,0.002808378,0.0019444223,0.0,1,1,1,0,50,50,50,0,1,1,1,0,1,1,1,0
6981772000,1310988,1310988,1310996,1311004,0,0.006731888,0.0047210027,0.011089735,0.0,1310988,1310988,1310996,1311004,0,0.0012013767,0.00079874095,0.00040815343,0.0,1,1,1,0,50,50,50,0,1,1,1,0,1,1,1,0
6981976000,1310988,1310988,1310996,1311004,0,0.009796595,0.0034743184,0.009566959,0.0,1310988,1310988,1310996,1311004,0,0.008277915,0.0034113165,0.0048719924,0.0,1,1,1,0,50,50,50,0,1,1,1,0,1,1,1,0
6982172000,1310988,1310988,1310996,1311004,0,0.019762479,0.034847025,0.01693042,0.0,1310988,1310988,1310996,1311004,0,0.008982233,0.0051935166,0.0037984503,0.0,1,1,1,0,50,50,50,0,1,1,1,0,1,1,1,0
6982372000,1310988,1310988,1310996,1311004,0,0.030454237,0.017724719,0.047645707,0.0,1310988,1310988,1310996,1311004,0,0.0010538518,0.0027396649,0.0037410741,0.0,1,1,1,0,50,50,50,0,1,1,1,0,1,1,1,0
6982576000,1310988,1310988,1310996,1311004,0,0.007748913,0.009776295,0.0039671073,0.0,1310988,1310988,1310996,1311004,0,0.0009410268,0.0019949067,0.0011030962,0.0,1,1,1,0,50,50,50,0,1,1,1,0,1,1,1,0
6982776000,1310988,1310988,1310996,1311004,0,0.004520009,0.0038063158,0.0023544766,0.0,1310988,1310988,1310996,1311004,0,0.00060941436,0.00045181232,0.00034991605,0.0,1,1,1,0,50,50,50,0,1,1,1,0,1,1,1,0
6982976000,1310988,1310988,1310996,1311004,0,0.0043885377,0.004043223,0.0075403983,0.0,1310988,1310988,1310996,1311004,0,0.0014929143,0.0012004506,0.0026184947,0.0,1,1,1,0,50,50,50,0,1,1,1,0,1,1,1,0
6983176000,1310988,1310988,1310996,1311004,0,0.0050134915,0.004134224,0.0035152084,0.0,1310988,1310988,1310996,1311004,0,0.0013335418,0.0006727725,0.0011481183,0.0,1,1,1,0,50,50,50,0,1,1,1,0,1,1,1,0
6983376000,1310988,1310988,1310996,1311004,0,0.02628249,0.016200857,0.042328503,0.0,1310988,1310988,1310996,1311004,0,0.0006792887,0.0054285163,0.0058517936,0.0,1,1,1,0,50,50,50,0,1,1,1,0,1,1,1,0
6983572000,1310988,1310988,1310996,1311004,0,0.030022027,0.03948043,0.011657663,0.0,1310988,1310988,1310996,1311004,0,0.003055355,0.013279595,0.010287854,0.0,1,1,1,0,50,50,50,0,1,1,1,0,1,1,1,0
6983776000,1310988,1310988,1310996,1311004,0,0.005162987,0.0037780483,0.0024460137,0.0,1310988,1310988,1310996,1311004,0,0.00028348755,0.0009795068,0.00075074186,0.0,1,1,1,0,50,50,50,0,1,1,1,0,1,1,1,0
6983972000,1310988,1310988,1310996,1311004,0,0.0061406977,0.0038235537,0.0025571468,0.0,1310988,1310988,1310996,1311004,0,0.0006710329,0.0004037248,0.00028888602,0.0,1,1,1,0,50,50,50,0,1,1,1,0,1,1,1,0
6984176000,1310988,1310988,1310996,1311004,0,0.016409546,0.0058071665,0.011008382,0.0,1310988,1310988,1310996,1311004,0,0.0031843581,0.0015516281,0.0016610776,0.0,1,1,1,0,50,50,50,0,1,1,1,0,1,1,1,0
6984372000,1310988,1310988,1310996,1311004,0,0.0070042,0.008183234,0.0055346284,0.0,1310988,1310988,1310996,1311004,0,0.0027000923,0.0012807045,0.0014662157,0.0,1,1,1,0,50,50,50,0,1,1,1,0,1,1,1,0
6984576000,1310988,1310988,1310996,1311004,0,0.0023783676,0.0035093755,0.0051015546,0.0,1310988,1310988,1310996,1311004,0,0.0004893669,0.00039349767,0.00054585695,0.0,1,1,1,0,50,50,50,0,1,1,1,0,1,1,1,0
6984772000,1310988,1310988,1310996,1311004,0,0.00421234,0.006521341,0.009549132,0.0,1310988,1310988,1310996,1311004,0,0.0012086524,0.0017832455,0.000606533,0.0,1,1,1,0,50,50,50,0,1,1,1,0,1,1,1,0
6984972000,1310988,1310988,1310996,1311004,0,0.010414326,0.00763249,0.003172867,0.0,1310988,1310988,1310996,1311004,0,0.0028655785,0.0013308671,0.0015704109,0.0,1,1,1,0,50,50,50,0,1,1,1,0,1,1,1,0
6985172000,1310988,1310988,1310996,1311004,0,0.020494493,0.05354382,0.04782128,0.0,1310988,1310988,1310996,1311004,0,0.008685134,0.008824045,0.00044790146,0.0,1,1,1,0,50,50,50,0,1,1,1,0,1,1,1,0
6985376000,1310988,1310988,1310996,1311004,0,0.007274827,0.006796008,0.0033564444,0.0,1310988,1310988,1310996,1311004,0,0.0017202541,0.0010835266,0.0007853594,0.0,1,1,1,0,50,50,50,0,1,1,1,0,1,1,1,0
6985576000,1310988,1310988,1310996,1311004,0,0.0106179295,0.013772393,0.0038117627,0.0,1310988,1310988,1310996,1311004,0,0.0009934352,0.0012373059,0.0019493297,0.0,1,1,1,0,50,50,50,0,1,1,1,0,1,1,1,0
6985772000,1310988,1310988,1310996,1311004,0,0.006517463,0.009291051,0.00888811,0.0,1310988,1310988,1310996,1311004,0,0.00052510964,0.0014353764,0.00093807833,0.0,1,1,1,0,50,50,50,0,1,1,1,0,1,1,1,0
6985976000,1310988,1310988,1310996,1311004,0,0.010622828,0.0076017505,0.0030428967,0.0,1310988,1310988,1310996,1311004,0,0.0004455259,0.00028900808,0.0003187594,0.0,1,1,1,0,50,50,50,0,1,1,1,0,1,1,1,0
6986172000,1310988,1310988,1310996,1311004,0,0.0033873469,0.012485436,0.015398619,0.0,1310988,1310988,1310996,1311004,0,0.00087294244,0.00037774307,0.0010755076,0.0,1,1,1,0,50,50,50,0,1,1,1,0,1,1,1,0
6986376000,1310988,1310988,1310996,1311004,0,0.009823146,0.0051929113,0.0047428855,0.0,1310988,1310988,1310996,1311004,0,0.00065554876,0.00040192026,0.00030517575,0.0,1,1,1,0,50,50,50,0,1,1,1,0,1,1,1,0
6986572000,1310988,1310988,1310996,1311004,0,0.018220784,0.011114404,0.007386153,0.0,1310988,1310988,1310996,1311004,0,0.0012920491,0.00073694956,0.00059624313,0.0,1,1,1,0,50,50,50,0,1,1,1,0,1,1,1,0
6986772000,1310988,1310988,1310996,1311004,0,0.011080573,0.021550931,0.014506991,0.0,1310988,1310988,1310996,1311004,0,0.0023910624,0.0029762585,0.000660778,0.0,1,1,1,0,50,50,50,0,1,1,1,0,1,1,1,0
6986972000,1310988,1310988,1310996,1311004,0,0.026293855,0.011239355,0.015244423,0.0,1310988,1310988,1310996,1311004,0,0.0032345015,0.006537106,0.0033098422,0.0,1,1,1,0,50,50,50,0,1,1,1,0,1,1,1,0
6987176000,1310988,1310988,1310996,1311004,0,0.00953909,0.0054748277,0.0056562894,0.0,1310988,1310988,1310996,1311004,0,0.0019657344,0.0027447555,0.004679951,0.0,1,1,1,0,50,50,50,0,1,1,1,0,1,1,1,0
6987372000,1310988,1310988,1310996,1311004,0,0.0033692764,0.002372334,0.0011236076,0.0,1310988,1310988,1310996,1311004,0,0.00043074862,0.00014534593,0.00038416503,0.0,1,1,1,0,50,50,50,0,1,1,1,0,1,1,1,0
6987576000,1310988,1310988,1310996,1311004,0,0.0064233453,0.003764772,0.0047756233,0.0,1310988,1310988,1310996,1311004,0,0.00058516266,0.0020547162,0.0017015636,0.0,1,1,1,0,50,50,50,0,1,1,1,0,1,1,1,0
6987776000,1310988,1310988,1310996,1311004,0,0.0028428943,0.003578969,0.005574324,0.0,1310988,1310988,1310996,1311004,0,0.0017573653,0.0006407297,0.0011330864,0.0,1,1,1,0,50,50,50,0,1,1,1,0,1,1,1,0
6987976000,1310988,1310988,1310996,1311004,0,0.014745747,0.008656937,0.0069445674,0.0,1310988,1310988,1310996,1311004,0,0.009033634,0.004185233,0.0048483997,0.0,1,1,1,0,50,50,50,0,1,1,1,0,1,1,1,0
6988172000,1310988,1310988,1310996,1311004,0,0.019701853,0.007883562,0.027393352,0.0,1310988,1310988,1310996,1311004,0,0.0017061961,0.008052145,0.009683701,0.0,1,1,1,0,50,50,50,0,1,1,1,0,1,1,1,0
6988376000,1310988,1310988,1310996,1311004,0,0.013995331,0.01639721,0.025544837,0.0,1310988,1310988,1310996,1311004,0,0.0009641912,0.00037255394,0.0012059198,0.0,1,1,1,0,50,50,50,0,1,1,1,0,1,1,1,0
6988576000,1310988,1310988,1310996,1311004,0,0.006643802,0.013678561,0.015847625,0.0,1310988,1310988,1310996,1311004,0,0.0011328408,0.0025722724,0.003576119,0.0,1,1,1,0,50,50,50,0,1,1,1,0,1,1,1,0
6988776000,1310988,1310988,1310996,1311004,0,0.009763942,0.005062234,0.008857406,0.0,1310988,1310988,1310996,1311004,0,0.0018811513,0.0013321139,0.00060005306,0.0,1,1,1,0,50,50,50,0,1,1,1,0,1,1,1,0
6988972000,1310988,1310988,1310996,1311004,0,0.002871306,0.002493525,0.0024428032,0.0,1310988,1310988,1310996,1311004,0,0.0025037352,0.0004038029,0.0021636328,0.0,1,1,1,0,50,50,50,0,1,1,1,0,1,1,1,0
6989172000,1310988,1310988,1310996,1311004,0,0.0053555467,0.006593497,0.0027115683,0.0,1310988,1310988,1310996,1311004,0,0.00070863153,0.0010786566,0.0005597373,0.0,1,1,1,0,50,50,50,0,1,1,1,0,1,1,1,0
6989376000,1310988,1310988,1310996,1311004,0,0.0026222377,0.030994298,0.030476646,0.0,1310988,1310988,1310996,1311004,0,0.0013024829,0.005273546,0.0041359942,0.0,1,1,1,0,50,50,50,0,1,1,1,0,1,1,1,0
6989572000,1310988,1310988,1310996,1311004,0,0.006216685,0.0035226434,0.005680134,0.0,1310988,1310988,1310996,1311004,0,0.00029658346,0.00049299805,0.00059583946,0.0,1,1,1,0,50,50,50,0,1,1,1,0,1,1,1,0
6989772000,1310988,1310988,1310996,1311004,0,0.029421354,0.0180933,0.011799483,0.0,1310988,1310988,1310996,1311004,0,0.00924544,0.0051007145,0.004164856,0.0,1,1,1,0,50,50,50,0,1,1,1,0,1,1,1,0
6989972000,1310988,1310988,1310996,1311004,0,0.015609442,0.0047530425,0.019725675,0.0,1310988,1310988,1310996,1311004,0,0.00033942857,0.0022244966,0.0024012262,0.0,1,1,1,0,50,50,50,0,1,1,1,0,1,1,1,0
6990172000,1310988,1310988,1310996,1311004,0,0.014714359,0.007346867,0.015692005,0.0,1310988,1310988,1310996,1311004,0,0.00041917505,0.0016905001,0.0016381716,0.0,1,1,1,0,50,50,50,0,1,1,1,0,1,1,1,0
6990376000,1310988,1310988,1310996,1311004,0,0.009779237,0.004811522,0.0053957086,0.0,1310988,1310988,1310996,1311004,0,0.0026378834,0.0008185215,0.0021062559,0.0,1,1,1,0,50,50,50,0,1,1,1,0,1,1,1,0
6990576000,1310988,1310988,1310996,1311004,0,0.0044054277,0.0029695267,0.004640329,0.0,1310988,1310988,1310996,1311004,0,0.00077680894,0.0014664617,0.0012451106,0.0,1,1,1,0,50,50,50,0,1,1,1,0,1,1,1,0
6990776000,1310988,1310988,1310996,1311004,0,0.0069168205,0.00489056,0.0021880723,0.0,1310988,1310988,1310996,1311004,0,0.0017705852,0.0009009153,0.00088238425,0.0,1,1,1,0,50,50,50,0,1,1,1,0,1,1,1,0
6990972000,1310988,1310988,1310996,1311004,0,0.0041678264,0.0033890158,0.004424146,0.0,1310988,1310988,1310996,1311004,0,0.0031558846,0.0015659159,0.0016254932,0.0,1,1,1,0,50,50,50,0,1,1,1,0,1,1,1,0
6991172000,1310988,1310988,1310996,1311004,0,0.0051340107,0.0034557057,0.002303854,0.0,1310988,1310988,1310996,1311004,0,0.00028695623,0.00021026806,0.00021724752,0.0,1,1,1,0,50,50,50,0,1,1,1,0,1,1,1,0
6991376000,1310988,1310988,1310996,1311004,0,0.01108262,0.03550696,0.028512655,0.0,1310988,1310988,1310996,1311004,0,0.0013040566,0.006507142,0.0053663156,0.0,1,1,1,0,50,50,50,0,1,1,1,0,1,1,1,0
6991572000,1310988,1310988,1310996,1311004,0,0.007139806,0.004624902,0.0037733305,0.0,1310988,1310988,1310996,1311004,0,0.00026426758,0.00045651873,0.00036300905,0.0,1,1,1,0,50,50,50,0,1,1,1,0,1,1,1,0
6991772000,1310988,1310988,1310996,1311004,0,0.007848961,0.004131414,0.004077737,0.0,1310988,1310988,1310996,1311004,0,0.0011980663,0.00036855787,0.000833575,0.0,1,1,1,0,50,50,50,0,1,1,1,0,1,1,1,0
6991972000,1310988,1310988,1310996,1311004,0,0.00395357,0.010668031,0.011752455,0.0,1310988,1310988,1310996,1311004,0,0.00051629107,0.00024532404,0.0005975743,0.0,1,1,1,0,50,50,50,0,1,1,1,0,1,1,1,0
6992172000,1310988,1310988,1310996,1311004,0,0.0052541625,0.004391188,0.0016316824,0.0,1310988,1310988,1310996,1311004,0,0.0016291051,0.00088046823,0.0007899101,0.0,1,1,1,0,50,50,50,0,1,1,1,0,1,1,1,0
6992372000,1310988,1310988,1310996,1311004,0,0.008812903,0.0043391776,0.004472941,0.0,1310988,1310988,1310996,1311004,0,0.002722137,0.0013546917,0.0013684025,0.0,1,1,1,0,50,50,50,0,1,1,1,0,1,1,1,0
6992572000,1310988,1310988,1310996,1311004,0,0.035576116,0.017542591,0.018037582,0.0,1310988,1310988,1310996,1311004,0,0.00081192126,0.0003857739,0.0004365123,0.0,1,1,1,0,50,50,50,0,1,1,1,0,1,1,1,0
6992772000,1310988,1310988,1310996,1311004,0,0.028091341,0.010660495,0.01820541,0.0,1310988,1310988,1310996,1311004,0,0.0020748493,0.0046004346,0.0066270917,0.0,1,1,1,0,50,50,50,0,1,1,1,0,1,1,1,0
6992976000,1310988,1310988,1310996,1311004,0,0.005443481,0.0035855388,0.0022057602,0.0,1310988,1310988,1310996,1311004,0,0.00040402374,0.0005956873,0.00036413068,0.0,1,1,1,0,50,50,50,0,1,1,1,0,1,1,1,0
6993172000,1310988,1310988,1310996,1311004,0,0.0044724676,0.0012720039,0.0039399005,0.0,1310988,1310988,1310996,1311004,0,0.0002563592,0.00015866186,0.00013539524,0.0,1,1,1,0,50,50,50,0,1,1,1,0,1,1,1,0
6993376000,1310988,1310988,1310996,1311004,0,0.0029953476,0.0017685476,0.0028252942,0.0,1310988,1310988,1310996,1311004,0,0.00047974693,9.080143e-05,0.00039722808,0.0,1,1,1,0,50,50,50,0,1,1,1,0,1,1,1,0
6993576000,1310988,1310988,1310996,1311004,0,0.0042904085,0.0021554893,0.0027392728,0.0,1310988,1310988,1310996,1311004,0,0.0012275726,0.0008683169,0.00037185228,0.0,1,1,1,0,50,50,50,0,1,1,1,0,1,1,1,0
6993772000,1310988,1310988,1310996,1311004,0,0.0074200905,0.005957931,0.004889256,0.0,1310988,1310988,1310996,1311004,0,0.00036189138,0.00052106136,0.00018704671,0.0,1,1,1,0,50,50,50,0,1,1,1,0,1,1,1,0
6993976000,1310988,1310988,1310996,1311004,0,0.0074741472,0.0019443454,0.0059216344,0.0,1310988,1310988,1310996,1311004,0,0.004734584,0.003963007,0.00866479,0.0,1,1,1,0,50,50,50,0,1,1,1,0,1,1,1,0
6994172000,1310988,1310988,1310996,1311004,0,0.00998708,0.030159198,0.020581271,0.0,1310988,1310988,1310996,1311004,0,0.0024193826,0.0006548706,0.001835774,0.0,1,1,1,0,50,50,50,0,1,1,1,0,1,1,1,0
6994372000,1310988,1310988,1310996,1311004,0,0.0062770196,0.0053413953,0.0019515338,0.0,1310988,1310988,1310996,1311004,0,0.002588034,0.0013852189,0.0012052871,0.0,1,1,1,0,50,50,50,0,1,1,1,0,1,1,1,0
6994572000,1310988,1310988,1310996,1311004,0,0.002497114,0.02392929,0.02298248,0.0,1310988,1310988,1310996,1311004,0,0.004117492,0.001130697,0.003001245,0.0,1,1,1,0,50,50,50,0,1,1,1,0,1,1,1,0
6994776000,1310988,1310988,1310996,1311004,0,0.012614704,0.008596413,0.004345301,0.0,1310988,1310988,1310996,1311004,0,0.0007690032,0.00084506324,0.00048968697,0.0,1,1,1,0,50,50,50,0,1,1,1,0,1,1,1,0
6994972000,1310988,1310988,1310996,1311004,0,0.0040256563,0.004930837,0.0014964209,0.0,1310988,1310988,1310996,1311004,0,0.00066772907,0.00041733478,0.00025289232,0.0,1,1,1,0,50,50,50,0,1,1,1,0,1,1,1,0
6995172000,1310988,1310988,1310996,1311004,0,0.004257178,0.0019193077,0.002383193,0.0,1310988,1310988,1310996,1311004,0,0.0010828687,0.00059709063,0.0004866628,0.0,1,1,1,0,50,50,50,0,1,1,1,0,1,1,1,0
6995372000,1310988,1310988,1310996,1311004,0,0.0103404075,0.005528753,0.0049854284,0.0,1310988,1310988,1310996,1311004,0,0.0035012197,0.0017308451,0.0017711583,0.0,1,1,1,0,50,50,50,0,1,1,1,0,1,1,1,0
6995576000,1310988,1310988,1310996,1311004,0,0.0069313874,0.0026877578,0.0046449117,0.0,1310988,1310988,1310996,1311004,0,0.0013885006,0.00080788875,0.0006036384,0.0,1,1,1,0,50,50,50,0,1,1,1,0,1,1,1,0
6995772000,1310988,1310988,1310996,1311004,0,0.019558342,0.00891829,0.027947458,0.0,1310988,1310988,1310996,1311004,0,0.00071025983,0.0028051974,0.002610359,0.0,1,1,1,0,50,50,50,0,1,1,1,0,1,1,1,0
6995972000,1310988,1310988,1310996,1311004,0,0.0023327076,0.002224518,0.0014335257,0.0,1310988,1310988,1310996,1311004,0,0.0006464353,0.00018313661,0.00077341567,0.0,1,1,1,0,50,50,50,0,1,1,1,0,1,1,1,0
6996176000,1310988,1310988,1310996,1311004,0,0.0061119124,0.0045451457,0.0070409495,0.0,1310988,1310988,1310996,1311004,0,0.0006002654,0.00060838665,0.00028861503,0.0,1,1,1,0,50,50,50,0,1,1,1,0,1,1,1,0
6996372000,1310988,1310988,1310996,1311004,0,0.0026138292,0.001883445,0.0029166043,0.0,1310988,1310988,1310996,1311004,0,0.0007231004,0.0004961571,0.0003079056,0.0,1,1,1,0,50,50,50,0,1,1,1,0,1,1,1,0
6996572000,1310988,1310988,1310996,1311004,0,0.008699445,0.004388071,0.0043138927,0.0,1310988,1310988,1310996,1311004,0,0.0013087883,0.0007217687,0.0006515202,0.0,1,1,1,0,50,50,50,0,1,1,1,0,1,1,1,0
6996776000,1310988,1310988,1310996,1311004,0,0.0011965283,0.0016616907,0.0022301753,0.0,1310988,1310988,1310996,1311004,0,0.0004756263,0.00032896796,0.00022616054,0.0,1,1,1,0,50,50,50,0,1,1,1,0,1,1,1,0
6996972000,1310988,1310988,1310996,1311004,0,0.0013033184,0.0005650991,0.00084283843,0.0,1310988,1310988,1310996,1311004,0,0.0006858775,0.00035603688,0.0003304777,0.0,1,1,1,0,50,50,50,0,1,1,1,0,1,1,1,0
6997172000,1310988,1310988,1310996,1311004,0,0.009710126,0.0046727085,0.005059649,0.0,1310988,1310988,1310996,1311004,0,0.00075458764,0.00035138684,0.00040921502,0.0,1,1,1,0,50,50,50,0,1,1,1,0,1,1,1,0
6997376000,1310988,1310988,1310996,1311004,0,0.010340593,0.0056118737,0.0053341393,0.0,1310988,1310988,1310996,1311004,0,0.0031943896,0.0016570255,0.0015434556,0.0,1,1,1,0,50,50,50,0,1,1,1,0,1,1,1,0
6997572000,1310988,1310988,1310996,1311004,0,0.0424361,0.02281377,0.019753356,0.0,1310988,1310988,1310996,1311004,0,0.00095315045,0.00041597785,0.0005564063,0.0,1,1,1,0,50,50,50,0,1,1,1,0,1,1,1,0
6997772000,1310988,1310988,1310996,1311004,0,0.0044993833,0.0025070403,0.0024217346,0.0,1310988,1310988,1310996,1311004,0,0.000490315,0.0002140697,0.0002994497,0.0,1,1,1,0,50,50,50,0,1,1,1,0,1,1,1,0
6997972000,1310988,1310988,1310996,1311004,0,0.0019906813,0.0025147197,0.0026066736,0.0,1310988,1310988,1310996,1311004,0,0.00047613666,0.00036019637,0.00018425469,0.0,1,1,1,0,50,50,50,0,1,1,1,0,1,1,1,0
6998172000,1310988,1310988,1310996,1311004,0,0.0032773558,0.0025733805,0.0026086196,0.0,1310988,1310988,1310996,1311004,0,0.0022045798,0.00086058804,0.0013490228,0.0,1,1,1,0,50,50,50,0,1,1,1,0,1,1,1,0
6998376000,1310988,1310988,1310996,1311004,0,0.0148276035,0.01518079,0.0008898903,0.0,1310988,1310988,1310996,1311004,0,0.0010960642,0.0016018223,0.00054834073,0.0,1,1,1,0,50,50,50,0,1,1,1,0,1,1,1,0
6998572000,1310988,1310988,1310996,1311004,0,0.0011619221,0.00770367,0.008709472,0.0,1310988,1310988,1310996,1311004,0,0.0010651776,0.0021806785,0.001319116,0.0,1,1,1,0,50,50,50,0,1,1,1,0,1,1,1,0
6998772000,1310988,1310988,1310996,1311004,0,0.022603005,0.034655467,0.013569834,0.0,1310988,1310988,1310996,1311004,0,0.007421209,0.0077962363,0.00050412596,0.0,1,1,1,0,50,50,50,0,1,1,1,0,1,1,1,0
6998972000,1310988,1310988,1310996,1311004,0,0.038983576,0.02362856,0.015879892,0.0,1310988,1310988,1310996,1311004,0,0.001393483,0.0010364923,0.00040929115,0.0,1,1,1,0,50,50,50,0,1,1,1,0,1,1,1,0
6999172000,1310988,1310988,1310996,1311004,0,0.0064422744,0.0025229538,0.007881299,0.0,1310988,1310988,1310996,1311004,0,0.003402928,0.0033092862,0.006666527,0.0,1,1,1,0,50,50,50,0,1,1,1,0,1,1,1,0
6999372000,1310988,1310988,1310996,1311004,0,0.009900545,0.038711168,0.03172515,0.0,1310988,1310988,1310996,1311004,0,0.0015304373,0.0015928998,0.00028198416,0.0,1,1,1,0,50,50,50,0,1,1,1,0,1,1,1,0
6999572000,1310988,1310988,1310996,1311004,0,0.008505906,0.0073542143,0.0026121177,0.0,1310988,1310988,1310996,1311004,0,0.00057481474,0.0021299312,0.0016989246,0.0,1,1,1,0,50,50,50,0,1,1,1,0,1,1,1,0
6999776000,1310988,1310988,1310996,1311004,0,0.0009399166,0.005500692,0.0051667076,0.0,1310988,1310988,1310996,1311004,0,0.00038178902,0.00026629106,0.0003035932,0.0,1,1,1,0,50,50,50,0,1,1,1,0,1,1,1,0
6999972000,1310988,1310988,1310996,1311004,0,0.0032778203,0.0017426771,0.0019547795,0.0,1310988,1310988,1310996,1311004,0,0.0022224693,0.0011614253,0.00107891,0.0,1,1,1,0,50,50,50,0,1,1,1,0,1,1,1,0
7000172000,1310988,1310988,1310996,1311004,0,0.00236033,0.0011450625,0.0012766992,0.0,1310988,1310988,1310996,1311004,0,0.0007210481,0.00040790107,0.00031483857,0.0,1,1,1,0,50,50,50,0,1,1,1,0,1,1,1,0
7000372000,1310988,1310988,1310996,1311004,0,0.004263919,0.0076614376,0.003794816,0.0,1310988,1310988,1310996,1311004,0,0.0035767371,0.0069034295,0.003335448,0.0,1,1,1,0,50,50,50,0,1,1,1,0,1,1,1,0
7000572000,1310988,1310988,1310996,1311004,0,0.0032513447,0.0014422011,0.0019921802,0.0,1310988,1310988,1310996,1311004,0,0.0005031671,0.0006300884,0.00016815761,0.0,1,1,1,0,50,50,50,0,1,1,1,0,1,1,1,0
7000776000,1310988,1310988,1310996,1311004,0,0.008637666,0.009024044,0.004550542,0.0,1310988,1310988,1310996,1311004,0,0.0030699898,0.00227941,0.000866748,0.0,1,1,1,0,50,50,50,0,1,1,1,0,1,1,1,0
7000972000,1310988,1310988,1310996,1311004,0,0.0050133043,0.008472617,0.0052267546,0.0,1310988,1310988,1310996,1311004,0,0.00029046668,0.0014145571,0.0016523922,0.0,1,1,1,0,50,50,50,0,1,1,1,0,1,1,1,0
7001172000,1310988,1310988,1310996,1311004,0,0.00404299,0.0016874609,0.0033901618,0.0,1310988,1310988,1310996,1311004,0,0.0016100251,0.00067616324,0.0009520276,0.0,1,1,1,0,50,50,50,0,1,1,1,0,1,1,1,0
7001372000,1310988,1310988,1310996,1311004,0,0.008512374,0.003112699,0.011324557,0.0,1310988,1310988,1310996,1311004,0,0.0064011076,0.004608776,0.011009212,0.0,1,1,1,0,50,50,50,0,1,1,1,0,1,1,1,0
7001572000,1310988,1310988,1310996,1311004,0,0.012164236,0.0767787,0.065120764,0.0,1310988,1310988,1310996,1311004,0,0.0020535777,0.004477513,0.0024280602,0.0,1,1,1,0,50,50,50,0,1,1,1,0,1,1,1,0
7001772000,1310988,1310988,1310996,1311004,0,0.010104355,0.057589356,0.047821384,0.0,1310988,1310988,1310996,1311004,0,0.002702018,0.00010405104,0.0027754188,0.0,1,1,1,0,50,50,50,0,1,1,1,0,1,1,1,0
7001976000,1310988,1310988,1310996,1311004,0,0.01835168,0.004898974,0.01395586,0.0,1310988,1310988,1310996,1311004,0,0.0009710038,0.0004988743,0.0012820538,0.0,1,1,1,0,50,50,50,0,1,1,1,0,1,1,1,0
7002172000,1310988,1310988,1310996,1311004,0,0.0028412077,0.0018148975,0.0045812386,0.0,1310988,1310988,1310996,1311004,0,0.00011853529,0.00014245286,0.0001949681,0.0,1,1,1,0,50,50,50,0,1,1,1,0,1,1,1,0
7002372000,1310988,1310988,1310996,1311004,0,0.010633042,0.006828819,0.004536277,0.0,1310988,1310988,1310996,1311004,0,0.002955145,0.0014196268,0.0015663985,0.0,1,1,1,0,50,50,50,0,1,1,1,0,1,1,1,0
7002572000,1310988,1310988,1310996,1311004,0,0.020338915,0.006108051,0.014465409,0.0,1310988,1310988,1310996,1311004,0,0.002712415,0.0020252375,0.00068794086,0.0,1,1,1,0,50,50,50,0,1,1,1,0,1,1,1,0
7002772000,1310988,1310988,1310996,1311004,0,0.008823718,0.00430577,0.0045464234,0.0,1310988,1310988,1310996,1311004,0,0.001610545,0.0007567146,0.0008541772,0.0,1,1,1,0,50,50,50,0,1,1,1,0,1,1,1,0
7002972000,1310988,1310988,1310996,1311004,0,0.038711727,0.021730565,0.017172432,0.0,1310988,1310988,1310996,1311004,0,0.00793845,0.0035860755,0.0043701795,0.0,1,1,1,0,50,50,50,0,1,1,1,0,1,1,1,0
7003172000,1310988,1310988,1310996,1311004,0,0.0048056934,0.0014609983,0.004569485,0.0,1310988,1310988,1310996,1311004,0,0.00046313647,0.00021263446,0.00027808337,0.0,1,1,1,0,50,50,50,0,1,1,1,0,1,1,1,0
7003376000,1310988,1310988,1310996,1311004,0,0.014661898,0.0072832503,0.009705724,0.0,1310988,1310988,1310996,1311004,0,0.00025695277,0.0010043781,0.0009618406,0.0,1,1,1,0,50,50,50,0,1,1,1,0,1,1,1,0
7003576000,1310988,1310988,1310996,1311004,0,0.003050485,0.0014208187,0.0016657958,0.0,1310988,1310988,1310996,1311004,0,0.0005418405,0.0003044492,0.00024406766,0.0,1,1,1,0,50,50,50,0,1,1,1,0,1,1,1,0
7003772000,1310988,1310988,1310996,1311004,0,0.009278526,0.005077836,0.013122067,0.0,1310988,1310988,1310996,1311004,0,0.0009679425,0.00064379594,0.00037820067,0.0,1,1,1,0,50,50,50,0,1,1,1,0,1,1,1,0
7003976000,1310988,1310988,1310996,1311004,0,0.007701568,0.004080789,0.010896762,0.0,1310988,1310988,1310996,1311004,0,0.0017291735,0.0084525235,0.0067397957,0.0,1,1,1,0,50,50,50,0,1,1,1,0,1,1,1,0
7004172000,1310988,1310988,1310996,1311004,0,0.017965367,0.01615968,0.031855512,0.0,1310988,1310988,1310996,1311004,0,0.0027427776,0.00027862398,0.0029992252,0.0,1,1,1,0,50,50,50,0,1,1,1,0,1,1,1,0
7004372000,1310988,1310988,1310996,1311004,0,0.0244483,0.012890823,0.011768947,0.0,1310988,1310988,1310996,1311004,0,0.003816166,0.0019873779,0.0018523971,0.0,1,1,1,0,50,50,50,0,1,1,1,0,1,1,1,0
7004572000,1310988,1310988,1310996,1311004,0,0.002953489,0.0014505401,0.0015093945,0.0,1310988,1310988,1310996,1311004,0,0.00016359062,7.853486e-05,8.833086e-05,0.0,1,1,1,0,50,50,50,0,1,1,1,0,1,1,1,0
7004776000,1310988,1310988,1310996,1311004,0,0.0056026066,0.002670413,0.0034917868,0.0,1310988,1310988,1310996,1311004,0,0.00039177036,0.00017832685,0.00026720954,0.0,1,1,1,0,50,50,50,0,1,1,1,0,1,1,1,0
7004972000,1310988,1310988,1310996,1311004,0,0.0025335106,0.0018388208,0.0018186036,0.0,1310988,1310988,1310996,1311004,0,0.00021816728,0.00018786531,0.00015382849,0.0,1,1,1,0,50,50,50,0,1,1,1,0,1,1,1,0
7005172000,1310988,1310988,1310996,1311004,0,0.007509057,0.0027782486,0.005303021,0.0,1310988,1310988,1310996,1311004,0,0.0023065524,0.0011893508,0.0011209741,0.0,1,1,1,0,50,50,50,0,1,1,1,0,1,1,1,0
7005372000,1310988,1310988,1310996,1311004,0,0.005856474,0.0055483337,0.0026092157,0.0,1310988,1310988,1310996,1311004,0,0.005165689,0.0090735275,0.0039106505,0.0,1,1,1,0,50,50,50,0,1,1,1,0,1,1,1,0
7005572000,1310988,1310988,1310996,1311004,0,0.024862291,0.012864212,0.012019228,0.0,1310988,1310988,1310996,1311004,0,0.00034916322,0.0006614267,0.0003344924,0.0,1,1,1,0,50,50,50,0,1,1,1,0,1,1,1,0
7005772000,1310988,1310988,1310996,1311004,0,0.0019893693,0.0013162184,0.003035675,0.0,1310988,1310988,1310996,1311004,0,0.00012762591,0.00036551376,0.00031318862,0.0,1,1,1,0,50,50,50,0,1,1,1,0,1,1,1,0
7005972000,1310988,1310988,1310996,1311004,0,0.005062448,0.005752152,0.010615456,0.0,1310988,1310988,1310996,1311004,0,0.0008868891,0.0006243215,0.0014950767,0.0,1,1,1,0,50,50,50,0,1,1,1,0,1,1,1,0
7006172000,1310988,1310988,1310996,1311004,0,0.0059785447,0.010503203,0.015996654,0.0,1310988,1310988,1310996,1311004,0,0.00090030825,0.00030184537,0.0011992273,0.0,1,1,1,0,50,50,50,0,1,1,1,0,1,1,1,0
7006372000,1310988,1310988,1310996,1311004,0,0.016402977,0.008884796,0.0076360637,0.0,1310988,1310988,1310996,1311004,0,0.001584831,0.0008897457,0.00082332257,0.0,1,1,1,0,50,50,50,0,1,1,1,0,1,1,1,0
7006572000,1310988,1310988,1310996,1311004,0,0.017615022,0.021339176,0.009174021,0.0,1310988,1310988,1310996,1311004,0,0.0002705086,0.005030657,0.0047817947,0.0,1,1,1,0,50,50,50,0,1,1,1,0,1,1,1,0
7006776000,1310988,1310988,1310996,1311004,0,0.023826752,0.008115886,0.021149172,0.0,1310988,1310988,1310996,1311004,0,0.0014484631,0.003157679,0.001822937,0.0,1,1,1,0,50,50,50,0,1,1,1,0,1,1,1,0
7006976000,1310988,1310988,1310996,1311004,0,0.011839544,0.0076679774,0.0050180526,0.0,1310988,1310988,1310996,1311004,0,0.00096892065,0.00033988932,0.00064817833,0.0,1,1,1,0,50,50,50,0,1,1,1,0,1,1,1,0
7007172000,1310988,1310988,1310996,1311004,0,0.011367788,0.008393268,0.0052166614,0.0,1310988,1310988,1310996,1311004,0,0.00059858686,0.0022322445,0.0027794016,0.0,1,1,1,0,50,50,50,0,1,1,1,0,1,1,1,0
7007372000,1310988,1310988,1310996,1311004,0,0.0028643406,0.0010708332,0.0021118764,0.0,1310988,1310988,1310996,1311004,0,0.0017263978,0.0008153995,0.0009359505,0.0,1,1,1,0,50,50,50,0,1,1,1,0,1,1,1,0
7007576000,1310988,1310988,1310996,1311004,0,0.021675399,0.010720833,0.011007513,0.0,1310988,1310988,1310996,1311004,0,0.0031117508,0.0015979038,0.0015169323,0.0,1,1,1,0,50,50,50,0,1,1,1,0,1,1,1,0
7007772000,1310988,1310988,1310996,1311004,0,0.0032988691,0.005085308,0.0025104545,0.0,1310988,1310988,1310996,1311004,0,0.0007664689,0.00018768059,0.0008566099,0.0,1,1,1,0,50,50,50,0,1,1,1,0,1,1,1,0
7007976000,1310988,1310988,1310996,1311004,0,0.0035574525,0.001412589,0.0027744616,0.0,1310988,1310988,1310996,1311004,0,0.0004609227,0.00013658481,0.0004234105,0.0,1,1,1,0,50,50,50,0,1,1,1,0,1,1,1,0
7008172000,1310988,1310988,1310996,1311004,0,0.00405896,0.0020771709,0.0019985372,0.0,1310988,1310988,1310996,1311004,0,0.0007526896,0.00036788965,0.00039606562,0.0,1,1,1,0,50,50,50,0,1,1,1,0,1,1,1,0
7008372000,1310988,1310988,1310996,1311004,0,0.015269301,0.0073697427,0.00816398,0.0,1310988,1310988,1310996,1311004,0,0.0004605101,0.0004331169,0.00026906762,0.0,1,1,1,0,50,50,50,0,1,1,1,0,1,1,1,0
7008576000,1310988,1310988,1310996,1311004,0,0.0070888386,0.00949927,0.0032690668,0.0,1310988,1310988,1310996,1311004,0,0.0016207193,0.0009817727,0.00065681955,0.0,1,1,1,0,50,50,50,0,1,1,1,0,1,1,1,0
7008776000,1310988,1310988,1310996,1311004,0,0.005526873,0.0015534551,0.0069599734,0.0,1310988,1310988,1310996,1311004,0,0.0006544992,0.0005037131,0.0011043262,0.0,1,1,1,0,50,50,50,0,1,1,1,0,1,1,1,0
7008972000,1310988,1310988,1310996,1311004,0,0.0068010157,0.0025300141,0.006545527,0.0,1310988,1310988,1310996,1311004,0,0.0009786688,0.0020332201,0.0011925519,0.0,1,1,1,0,50,50,50,0,1,1,1,0,1,1,1,0
7009172000,1310988,1310988,1310996,1311004,0,0.007523036,0.00043683383,0.0072177122,0.0,1310988,1310988,1310996,1311004,0,0.00025600623,0.00022152072,0.00045434953,0.0,1,1,1,0,50,50,50,0,1,1,1,0,1,1,1,0
7009372000,1310988,1310988,1310996,1311004,0,0.016249506,0.024896426,0.008705046,0.0,1310988,1310988,1310996,1311004,0,0.0039772275,0.004558054,0.00065476185,0.0,1,1,1,0,50,50,50,0,1,1,1,0,1,1,1,0
7009572000,1310988,1310988,1310996,1311004,0,0.0015925376,0.002633144,0.001528679,0.0,1310988,1310988,1310996,1311004,0,0.00094264006,0.00045877555,0.0005262516,0.0,1,1,1,0,50,50,50,0,1,1,1,0,1,1,1,0
7009772000,1310988,1310988,1310996,1311004,0,0.0026954398,0.0021875112,0.0039426056,0.0,1310988,1310988,1310996,1311004,0,0.00040362135,0.000300805,0.00018386522,0.0,1,1,1,0,50,50,50,0,1,1,1,0,1,1,1,0
7009972000,1310988,1310988,1310996,1311004,0,0.0074591683,0.005341113,0.012083658,0.0,1310988,1310988,1310996,1311004,0,0.0017642546,0.0012209241,0.0005931872,0.0,1,1,1,0,50,50,50,0,1,1,1,0,1,1,1,0
7010172000,1310988,1310988,1310996,1311004,0,0.007850276,0.0062460867,0.0018302262,0.0,1310988,1310988,1310996,1311004,0,0.0022545953,0.00071243965,0.001545545,0.0,1,1,1,0,50,50,50,0,1,1,1,0,1,1,1,0
7010372000,1310988,1310988,1310996,1311004,0,0.0075462917,0.0008728998,0.0071957097,0.0,1310988,1310988,1310996,1311004,0,0.00054132857,0.0010568196,0.0005889171,0.0,1,1,1,0,50,50,50,0,1,1,1,0,1,1,1,0
7010572000,1310988,1310988,1310996,1311004,0,0.03694556,0.0072145727,0.03647359,0.0,1310988,1310988,1310996,1311004,0,0.0004064138,0.006244798,0.005865391,0.0,1,1,1,0,50,50,50,0,1,1,1,0,1,1,1,0
7010772000,1310988,1310988,1310996,1311004,0,0.002722573,0.004258573,0.0038115126,0.0,1310988,1310988,1310996,1311004,0,0.0048374427,0.0028070996,0.002034824,0.0,1,1,1,0,50,50,50,0,1,1,1,0,1,1,1,0
7010976000,1310988,1310988,1310996,1311004,0,0.003638109,0.0016826682,0.002523477,0.0,1310988,1310988,1310996,1311004,0,0.00052589376,0.00016047055,0.00041340984,0.0,1,1,1,0,50,50,50,0,1,1,1,0,1,1,1,0
7011172000,1310988,1310988,1310996,1311004,0,0.006599614,0.0049702995,0.011073525,0.0,1310988,1310988,1310996,1311004,0,7.1878225e-05,0.00035062144,0.0003908605,0.0,1,1,1,0,50,50,50,0,1,1,1,0,1,1,1,0
7011372000,1310988,1310988,1310996,1311004,0,0.0072083403,0.0035320015,0.0036775703,0.0,1310988,1310988,1310996,1311004,0,0.00025862674,0.00013791116,0.00033869478,0.0,1,1,1,0,50,50,50,0,1,1,1,0,1,1,1,0
7011576000,1310988,1310988,1310996,1311004,0,0.026394146,0.012335496,0.01441258,0.0,1310988,1310988,1310996,1311004,0,0.0054735495,0.0026245285,0.0028601808,0.0,1,1,1,0,50,50,50,0,1,1,1,0,1,1,1,0
7011776000,1310988,1310988,1310996,1311004,0,0.00818571,0.0009771509,0.008174156,0.0,1310988,1310988,1310996,1311004,0,0.00084741396,0.0003776076,0.0008165302,0.0,1,1,1,0,50,50,50,0,1,1,1,0,1,1,1,0
7011976000,1310988,1310988,1310996,1311004,0,0.0024396526,0.028598882,0.027070776,0.0,1310988,1310988,1310996,1311004,0,0.004360673,0.0010450877,0.003327272,0.0,1,1,1,0,50,50,50,0,1,1,1,0,1,1,1,0
7012172000,1310988,1310988,1310996,1311004,0,0.0042985855,0.0029937488,0.004391042,0.0,1310988,1310988,1310996,1311004,0,0.0026352,0.0012048202,0.0014330769,0.0,1,1,1,0,50,50,50,0,1,1,1,0,1,1,1,0
7012372000,1310988,1310988,1310996,1311004,0,0.02015464,0.010987067,0.009899828,0.0,1310988,1310988,1310996,1311004,0,0.0015935624,0.0011387306,0.00047876398,0.0,1,1,1,0,50,50,50,0,1,1,1,0,1,1,1,0
7012576000,1310988,1310988,1310996,1311004,0,0.0019377476,0.0021632398,0.004097956,0.0,1310988,1310988,1310996,1311004,0,0.0016516303,0.0009494368,0.0007133548,0.0,1,1,1,0,50,50,50,0,1,1,1,0,1,1,1,0
7012776000,1310988,1310988,1310996,1311004,0,0.041434903,0.019991113,0.021535663,0.0,1310988,1310988,1310996,1311004,0,0.0060352883,0.0030792074,0.0029881273,0.0,1,1,1,0,50,50,50,0,1,1,1,0,1,1,1,0
7012976000,1310988,1310988,1310996,1311004,0,0.0073306477,0.004168844,0.0037963656,0.0,1310988,1310988,1310996,1311004,0,0.00027021955,0.00019727601,0.00015792357,0.0,1,1,1,0,50,50,50,0,1,1,1,0,1,1,1,0
7013176000,1310988,1310988,1310996,1311004,0,0.009859974,0.007630528,0.016160779,0.0,1310988,1310988,1310996,1311004,0,0.001276436,0.0045581986,0.0057064733,0.0,1,1,1,0,50,50,50,0,1,1,1,0,1,1,1,0
7013372000,1310988,1310988,1310996,1311004,0,0.0052157743,0.002389641,0.0049377508,0.0,1310988,1310988,1310996,1311004,0,0.0005457878,0.00015626183,0.00066972786,0.0,1,1,1,0,50,50,50,0,1,1,1,0,1,1,1,0
7013572000,1310988,1310988,1310996,1311004,0,0.0057475436,0.0039619547,0.0020169227,0.0,1310988,1310988,1310996,1311004,0,0.0003349313,0.00012363236,0.00023087491,0.0,1,1,1,0,50,50,50,0,1,1,1,0,1,1,1,0
7013772000,1310988,1310988,1310996,1311004,0,0.0023452975,0.0017295917,0.0009749729,0.0,1310988,1310988,1310996,1311004,0,0.00064502604,0.00039057323,0.0003036177,0.0,1,1,1,0,50,50,50,0,1,1,1,0,1,1,1,0
7013972000,1310988,1310988,1310996,1311004,0,0.018996136,0.018281477,0.037267767,0.0,1310988,1310988,1310996,1311004,0,0.0077564605,0.0004538196,0.007377003,0.0,1,1,1,0,50,50,50,0,1,1,1,0,1,1,1,0
7014172000,1310988,1310988,1310996,1311004,0,0.002373255,0.009217149,0.008567593,0.0,1310988,1310988,1310996,1311004,0,0.0012887879,0.0013039787,0.0002957994,0.0,1,1,1,0,50,50,50,0,1,1,1,0,1,1,1,0
7014372000,1310988,1310988,1310996,1311004,0,0.026443982,0.013481466,0.012971258,0.0,1310988,1310988,1310996,1311004,0,0.0004981382,0.000278088,0.00024358268,0.0,1,1,1,0,50,50,50,0,1,1,1,0,1,1,1,0
7014576000,1310988,1310988,1310996,1311004,0,0.00793277,0.0030134805,0.0060918964,0.0,1310988,1310988,1310996,1311004,0,0.0024299512,0.0014384914,0.0010154293,0.0,1,1,1,0,50,50,50,0,1,1,1,0,1,1,1,0
7014776000,1310988,1310988,1310996,1311004,0,0.0056448583,0.0006297061,0.005514597,0.0,1310988,1310988,1310996,1311004,0,0.0008099676,0.0005756122,0.0003915487,0.0,1,1,1,0,50,50,50,0,1,1,1,0,1,1,1,0
7014972000,1310988,1310988,1310996,1311004,0,0.004072781,0.01030213,0.009849111,0.0,1310988,1310988,1310996,1311004,0,0.001472019,0.0021986715,0.0008894546,0.0,1,1,1,0,50,50,50,0,1,1,1,0,1,1,1,0
7015172000,1310988,1310988,1310996,1311004,0,0.04289807,0.015194082,0.02785198,0.0,1310988,1310988,1310996,1311004,0,0.0017358244,0.0010255909,0.00076666364,0.0,1,1,1,0,50,50,50,0,1,1,1,0,1,1,1,0
7015372000,1310988,1310988,1310996,1311004,0,0.005533822,0.00189465,0.003736226,0.0,1310988,1310988,1310996,1311004,0,0.0012666682,0.00096789474,0.00056375685,0.0,1,1,1,0,50,50,50,0,1,1,1,0,1,1,1,0
7015572000,1310988,1310988,1310996,1311004,0,0.004941484,0.0031962246,0.002125916,0.0,1310988,1310988,1310996,1311004,0,0.00047636675,0.00022038216,0.000259333,0.0,1,1,1,0,50,50,50,0,1,1,1,0,1,1,1,0
7015772000,1310988,1310988,1310996,1311004,0,0.011588094,0.004372573,0.008123679,0.0,1310988,1310988,1310996,1311004,0,0.0044616447,0.0024202513,0.002043673,0.0,1,1,1,0,50,50,50,0,1,1,1,0,1,1,1,0
7015972000,1310988,1310988,1310996,1311004,0,0.00838675,0.01868799,0.024910316,0.0,1310988,1310988,1310996,1311004,0,0.0012674928,0.0004658829,0.0016600884,0.0,1,1,1,0,50,50,50,0,1,1,1,0,1,1,1,0
7016172000,1310988,1310988,1310996,1311004,0,0.0065214154,0.004326792,0.008626608,0.0,1310988,1310988,1310996,1311004,0,0.0008161622,0.0006169776,0.00045003052,0.0,1,1,1,0,50,50,50,0,1,1,1,0,1,1,1,0
7016372000,1310988,1310988,1310996,1311004,0,0.002245099,0.0008116967,0.0022105032,0.0,1310988,1310988,1310996,1311004,0,0.0007425452,0.0008077355,0.0011977216,0.0,1,1,1,0,50,50,50,0,1,1,1,0,1,1,1,0
7016572000,1310988,1310988,1310996,1311004,0,0.0024439062,0.0286191,0.02753913,0.0,1310988,1310988,1310996,1311004,0,0.00044968727,0.004391679,0.0041353386,0.0,1,1,1,0,50,50,50,0,1,1,1,0,1,1,1,0
7016772000,1310988,1310988,1310996,1311004,0,0.01489939,0.024406966,0.038611546,0.0,1310988,1310988,1310996,1311004,0,0.0037544547,0.0012399427,0.0025202364,0.0,1,1,1,0,50,50,50,0,1,1,1,0,1,1,1,0
7016972000,1310988,1310988,1310996,1311004,0,0.0073196297,0.0014966798,0.006075599,0.0,1310988,1310988,1310996,1311004,0,0.00069972273,0.00042214923,0.00029961532,0.0,1,1,1,0,50,50,50,0,1,1,1,0,1,1,1,0
7017176000,1310988,1310988,1310996,1311004,0,0.0389042,0.023262136,0.019552523,0.0,1310988,1310988,1310996,1311004,0,0.0006444422,0.0010939168,0.0011050381,0.0,1,1,1,0,50,50,50,0,1,1,1,0,1,1,1,0
7017372000,1310988,1310988,1310996,1311004,0,0.030864567,0.015267629,0.017209325,0.0,1310988,1310988,1310996,1311004,0,0.005976043,0.0072534163,0.001303902,0.0,1,1,1,0,50,50,50,0,1,1,1,0,1,1,1,0
7017572000,1310988,1310988,1310996,1311004,0,0.006043404,0.01727205,0.021480536,0.0,1310988,1310988,1310996,1311004,0,0.005364419,0.0064989417,0.0011629106,0.0,1,1,1,0,50,50,50,0,1,1,1,0,1,1,1,0
7017776000,1310988,1310988,1310996,1311004,0,0.0040275143,0.003344681,0.0020572715,0.0,1310988,1310988,1310996,1311004,0,0.00038375714,0.00058073964,0.0003133733,0.0,1,1,1,0,50,50,50,0,1,1,1,0,1,1,1,0
7017976000,1310988,1310988,1310996,1311004,0,0.013114006,0.022747392,0.009730405,0.0,1310988,1310988,1310996,1311004,0,0.0023222486,0.0045733755,0.002338986,0.0,1,1,1,0,50,50,50,0,1,1,1,0,1,1,1,0
7018172000,1310988,1310988,1310996,1311004,0,0.003987903,0.004363595,0.0025168196,0.0,1310988,1310988,1310996,1311004,0,0.00069134386,0.0006420483,0.00020615336,0.0,1,1,1,0,50,50,50,0,1,1,1,0,1,1,1,0
7018372000,1310988,1310988,1310996,1311004,0,0.022282353,0.008859023,0.013510159,0.0,1310988,1310988,1310996,1311004,0,0.0045273486,0.0023454474,0.0021889452,0.0,1,1,1,0,50,50,50,0,1,1,1,0,1,1,1,0
7018572000,1310988,1310988,1310996,1311004,0,0.016843146,0.021112021,0.010431971,0.0,1310988,1310988,1310996,1311004,0,0.0059972918,0.00031431412,0.0060059065,0.0,1,1,1,0,50,50,50,0,1,1,1,0,1,1,1,0
7018772000,1310988,1310988,1310996,1311004,0,0.010627808,0.01021672,0.016155178,0.0,1310988,1310988,1310996,1311004,0,0.0009957309,0.008039495,0.0072759977,0.0,1,1,1,0,50,50,50,0,1,1,1,0,1,1,1,0
7018972000,1310988,1310988,1310996,1311004,0,0.00668675,0.004475329,0.005905355,0.0,1310988,1310988,1310996,1311004,0,0.0005356217,0.0005396904,0.00030841067,0.0,1,1,1,0,50,50,50,0,1,1,1,0,1,1,1,0
7019172000,1310988,1310988,1310996,1311004,0,0.0061042067,0.0059616533,0.0049849926,0.0,1310988,1310988,1310996,1311004,0,0.0014949816,0.0006315026,0.0009639324,0.0,1,1,1,0,50,50,50,0,1,1,1,0,1,1,1,0
7019372000,1310988,1310988,1310996,1311004,0,0.0077684047,0.005999077,0.0041603902,0.0,1310988,1310988,1310996,1311004,0,0.004694669,0.00081764016,0.0038868615,0.0,1,1,1,0,50,50,50,0,1,1,1,0,1,1,1,0
7019576000,1310988,1310988,1310996,1311004,0,0.016773969,0.008761619,0.008034606,0.0,1310988,1310988,1310996,1311004,0,0.0017885406,0.00087431085,0.0009144356,0.0,1,1,1,0,50,50,50,0,1,1,1,0,1,1,1,0
7019776000,1310988,1310988,1310996,1311004,0,0.007344638,0.012883727,0.008663925,0.0,1310988,1310988,1310996,1311004,0,0.0018593695,0.0023101207,0.000571515,0.0,1,1,1,0,50,50,50,0,1,1,1,0,1,1,1,0
7019972000,1310988,1310988,1310996,1311004,0,0.016737828,0.008636832,0.008503997,0.0,1310988,1310988,1310996,1311004,0,0.0022334114,0.0014511877,0.0008476938,0.0,1,1,1,0,50,50,50,0,1,1,1,0,1,1,1,0
7020172000,1310988,1310988,1310996,1311004,0,0.008150435,0.006314237,0.013592484,0.0,1310988,1310988,1310996,1311004,0,0.0011434017,0.0015647531,0.0024313424,0.0,1,1,1,0,50,50,50,0,1,1,1,0,1,1,1,0
7020376000,1310988,1310988,1310996,1311004,0,0.009489824,0.019972704,0.01078145,0.0,1310988,1310988,1310996,1311004,0,0.002382587,0.0021846592,0.0045385673,0.0,1,1,1,0,50,50,50,0,1,1,1,0,1,1,1,0
7020572000,1310988,1310988,1310996,1311004,0,0.016017232,0.0038773743,0.012279664,0.0,1310988,1310988,1310996,1311004,0,0.0044401824,0.0013936409,0.0030530014,0.0,1,1,1,0,50,50,50,0,1,1,1,0,1,1,1,0
7020772000,1310988,1310988,1310996,1311004,0,0.013144976,0.036273472,0.023750152,0.0,1310988,1310988,1310996,1311004,0,0.0034405426,0.0016157884,0.0018358933,0.0,1,1,1,0,50,50,50,0,1,1,1,0,1,1,1,0
7020976000,1310988,1310988,1310996,1311004,0,0.007839847,0.0023179483,0.005803914,0.0,1310988,1310988,1310996,1311004,0,0.003563419,0.0017085877,0.0018717316,0.0,1,1,1,0,50,50,50,0,1,1,1,0,1,1,1,0
7021176000,1310988,1310988,1310996,1311004,0,0.025572916,0.025709203,0.004764608,0.0,1310988,1310988,1310996,1311004,0,0.0042195655,0.00047681437,0.0044414448,0.0,1,1,1,0,50,50,50,0,1,1,1,0,1,1,1,0
7021372000,1310988,1310988,1310996,1311004,0,0.012613564,0.023995861,0.01453606,0.0,1310988,1310988,1310996,1311004,0,0.0005090067,0.0048305844,0.005101417,0.0,1,1,1,0,50,50,50,0,1,1,1,0,1,1,1,0
7021576000,1310988,1310988,1310996,1311004,0,0.030688908,0.011367152,0.019761639,0.0,1310988,1310988,1310996,1311004,0,0.0017185305,0.0003367898,0.0015880303,0.0,1,1,1,0,50,50,50,0,1,1,1,0,1,1,1,0
7021772000,1310988,1310988,1310996,1311004,0,0.006318406,0.007807045,0.0034008813,0.0,1310988,1310988,1310996,1311004,0,0.0025076363,0.0054092295,0.007896494,0.0,1,1,1,0,50,50,50,0,1,1,1,0,1,1,1,0
7021972000,1310988,1310988,1310996,1311004,0,0.023502171,0.011999291,0.012909714,0.0,1310988,1310988,1310996,1311004,0,0.0010377547,0.0047923047,0.0055260565,0.0,1,1,1,0,50,50,50,0,1,1,1,0,1,1,1,0
7022176000,1310988,1310988,1310996,1311004,0,0.013449979,0.007967165,0.021021638,0.0,1310988,1310988,1310996,1311004,0,0.00030154636,0.0009054804,0.0007840712,0.0,1,1,1,0,50,50,50,0,1,1,1,0,1,1,1,0
7022372000,1310988,1310988,1310996,1311004,0,0.006110979,0.0041754525,0.002034165,0.0,1310988,1310988,1310996,1311004,0,0.00048203944,0.0003080069,0.00017442902,0.0,1,1,1,0,50,50,50,0,1,1,1,0,1,1,1,0
7022576000,1310988,1310988,1310996,1311004,0,0.0059392033,0.009218131,0.0071425354,0.0,1310988,1310988,1310996,1311004,0,0.0034872617,0.00038238114,0.0031397569,0.0,1,1,1,0,50,50,50,0,1,1,1,0,1,1,1,0
7022776000,1310988,1310988,1310996,1311004,0,0.001621254,0.0016907234,0.0017437795,0.0,1310988,1310988,1310996,1311004,0,0.0023919353,0.0027746884,0.00046741386,0.0,1,1,1,0,50,50,50,0,1,1,1,0,1,1,1,0
7022976000,1310988,1310988,1310996,1311004,0,0.0022732671,0.0063454444,0.0085258195,0.0,1310988,1310988,1310996,1311004,0,0.0012666811,0.0017935608,0.00073092256,0.0,1,1,1,0,50,50,50,0,1,1,1,0,1,1,1,0
7023172000,1310988,1310988,1310996,1311004,0,0.022803394,0.01246144,0.010709977,0.0,1310988,1310988,1310996,1311004,0,0.0011904548,0.0013256512,0.0011576954,0.0,1,1,1,0,50,50,50,0,1,1,1,0,1,1,1,0
7023372000,1310988,1310988,1310996,1311004,0,0.0050425674,0.0020804454,0.003265698,0.0,1310988,1310988,1310996,1311004,0,0.00091671466,0.0003871726,0.0005314367,0.0,1,1,1,0,50,50,50,0,1,1,1,0,1,1,1,0
7023572000,1310988,1310988,1310996,1311004,0,0.0064775445,0.00450085,0.0021320134,0.0,1310988,1310988,1310996,1311004,0,0.006336078,0.0028239563,0.0035231279,0.0,1,1,1,0,50,50,50,0,1,1,1,0,1,1,1,0
7023772000,1310988,1310988,1310996,1311004,0,0.0068496643,0.013638674,0.0070195124,0.0,1310988,1310988,1310996,1311004,0,0.0012493331,0.00314113,0.0021770252,0.0,1,1,1,0,50,50,50,0,1,1,1,0,1,1,1,0
7023972000,1310988,1310988,1310996,1311004,0,0.0042178878,0.0034894112,0.0018197672,0.0,1310988,1310988,1310996,1311004,0,0.00096813287,0.0004057575,0.000618895,0.0,1,1,1,0,50,50,50,0,1,1,1,0,1,1,1,0
7024176000,1310988,1310988,1310996,1311004,0,0.0036495305,0.0040636384,0.003860396,0.0,1310988,1310988,1310996,1311004,0,0.0008797017,0.0009337968,0.0006461845,0.0,1,1,1,0,50,50,50,0,1,1,1,0,1,1,1,0
7024376000,1310988,1310988,1310996,1311004,0,0.016295759,0.008802764,0.009174656,0.0,1310988,1310988,1310996,1311004,0,0.0025825761,0.0013202198,0.0012970692,0.0,1,1,1,0,50,50,50,0,1,1,1,0,1,1,1,0
7024572000,1310988,1310988,1310996,1311004,0,0.018903147,0.018927371,0.03697435,0.0,1310988,1310988,1310996,1311004,0,0.0008536352,0.006035273,0.0067877793,0.0,1,1,1,0,50,50,50,0,1,1,1,0,1,1,1,0
7024772000,1310988,1310988,1310996,1311004,0,0.0073392764,0.0022163268,0.0061551947,0.0,1310988,1310988,1310996,1311004,0,0.00446757,0.002753471,0.0017158273,0.0,1,1,1,0,50,50,50,0,1,1,1,0,1,1,1,0
7024976000,1310988,1310988,1310996,1311004,0,0.030273957,0.018207649,0.013348459,0.0,1310988,1310988,1310996,1311004,0,0.0040983884,0.0032037322,0.0072643254,0.0,1,1,1,0,50,50,50,0,1,1,1,0,1,1,1,0
7025172000,1310988,1310988,1310996,1311004,0,0.0054175784,0.0032264243,0.0022154409,0.0,1310988,1310988,1310996,1311004,0,0.00594742,0.0033797882,0.0025679318,0.0,1,1,1,0,50,50,50,0,1,1,1,0,1,1,1,0
7025372000,1310988,1310988,1310996,1311004,0,0.009385192,0.026678277,0.017484969,0.0,1310988,1310988,1310996,1311004,0,0.00050469657,0.0027255174,0.0028380828,0.0,1,1,1,0,50,50,50,0,1,1,1,0,1,1,1,0
7025572000,1310988,1310988,1310996,1311004,0,0.0044653323,0.016327122,0.011865589,0.0,1310988,1310988,1310996,1311004,0,0.0015624715,0.0010524706,0.0005214003,0.0,1,1,1,0,50,50,50,0,1,1,1,0,1,1,1,0
7025776000,1310988,1310988,1310996,1311004,0,0.0020074102,0.002786078,0.0032251324,0.0,1310988,1310988,1310996,1311004,0,0.00056877785,0.00049999775,0.000484872,0.0,1,1,1,0,50,50,50,0,1,1,1,0,1,1,1,0
7025972000,1310988,1310988,1310996,1311004,0,0.022440417,0.011730115,0.010761613,0.0,1310988,1310988,1310996,1311004,0,0.00073595863,0.0004351077,0.0003099934,0.0,1,1,1,0,50,50,50,0,1,1,1,0,1,1,1,0
7026172000,1310988,1310988,1310996,1311004,0,0.014601327,0.032908145,0.02075243,0.0,1310988,1310988,1310996,1311004,0,0.00043778264,0.0008439176,0.0011265345,0.0,1,1,1,0,50,50,50,0,1,1,1,0,1,1,1,0
7026376000,1310988,1310988,1310996,1311004,0,0.011153629,0.011548066,0.022226425,0.0,1310988,1310988,1310996,1311004,0,0.0005645205,0.00086994056,0.0012878362,0.0,1,1,1,0,50,50,50,0,1,1,1,0,1,1,1,0
7026572000,1310988,1310988,1310996,1311004,0,0.0063499063,0.013190181,0.0068902457,0.0,1310988,1310988,1310996,1311004,0,0.00096659927,0.0008412502,0.0002872966,0.0,1,1,1,0,50,50,50,0,1,1,1,0,1,1,1,0
7026772000,1310988,1310988,1310996,1311004,0,0.0034311865,0.0022006498,0.0014006648,0.0,1310988,1310988,1310996,1311004,0,0.0019558081,0.0009951814,0.0009606816,0.0,1,1,1,0,50,50,50,0,1,1,1,0,1,1,1,0
7026972000,1310988,1310988,1310996,1311004,0,0.017714376,0.02353129,0.039824657,0.0,1310988,1310988,1310996,1311004,0,0.0041045547,0.002697347,0.0014512817,0.0,1,1,1,0,50,50,50,0,1,1,1,0,1,1,1,0
7027172000,1310988,1310988,1310996,1311004,0,0.0060027237,0.00055071345,0.006128556,0.0,1310988,1310988,1310996,1311004,0,0.00039056668,0.00024965414,0.00042421967,0.0,1,1,1,0,50,50,50,0,1,1,1,0,1,1,1,0
7027372000,1310988,1310988,1310996,1311004,0,0.0008173617,0.0021506166,0.0026768402,0.0,1310988,1310988,1310996,1311004,0,0.003697572,0.002371808,0.0060344147,0.0,1,1,1,0,50,50,50,0,1,1,1,0,1,1,1,0
7027576000,1310988,1310988,1310996,1311004,0,0.016554048,0.00880132,0.008637375,0.0,1310988,1310988,1310996,1311004,0,0.0010949068,0.00092289335,0.00025566743,0.0,1,1,1,0,50,50,50,0,1,1,1,0,1,1,1,0
7027776000,1310988,1310988,1310996,1311004,0,0.015425847,0.0038940995,0.012639608,0.0,1310988,1310988,1310996,1311004,0,0.0010881542,0.0013107478,0.0023830517,0.0,1,1,1,0,50,50,50,0,1,1,1,0,1,1,1,0
7027972000,1310988,1310988,1310996,1311004,0,0.012075612,0.036539804,0.02462297,0.0,1310988,1310988,1310996,1311004,0,0.0010680581,0.00402055,0.005083544,0.0,1,1,1,0,50,50,50,0,1,1,1,0,1,1,1,0
7028172000,1310988,1310988,1310996,1311004,0,0.006311162,0.003518202,0.003051339,0.0,1310988,1310988,1310996,1311004,0,0.00045497477,0.00027494115,0.00020598745,0.0,1,1,1,0,50,50,50,0,1,1,1,0,1,1,1,0
7028372000,1310988,1310988,1310996,1311004,0,0.005133078,0.001577151,0.0042953347,0.0,1310988,1310988,1310996,1311004,0,0.00072136347,0.00028691025,0.0005063798,0.0,1,1,1,0,50,50,50,0,1,1,1,0,1,1,1,0
7028576000,1310988,1310988,1310996,1311004,0,0.0026891718,0.0018697093,0.002132283,0.0,1310988,1310988,1310996,1311004,0,0.0006424897,0.0004627223,0.0007031564,0.0,1,1,1,0,50,50,50,0,1,1,1,0,1,1,1,0
7028776000,1310988,1310988,1310996,1311004,0,0.001833526,0.0065049636,0.006667143,0.0,1310988,1310988,1310996,1311004,0,0.0014535021,0.001767254,0.00046683423,0.0,1,1,1,0,50,50,50,0,1,1,1,0,1,1,1,0
7028976000,1310988,1310988,1310996,1311004,0,0.004047509,0.0016796314,0.0026583595,0.0,1310988,1310988,1310996,1311004,0,0.00081873295,0.0014972433,0.000896012,0.0,1,1,1,0,50,50,50,0,1,1,1,0,1,1,1,0
7029172000,1310988,1310988,1310996,1311004,0,0.04847804,0.02909697,0.01960484,0.0,1310988,1310988,1310996,1311004,0,0.011501213,0.00540147,0.0061054616,0.0,1,1,1,0,50,50,50,0,1,1,1,0,1,1,1,0
7029376000,1310988,1310988,1310996,1311004,0,0.00571988,0.0029304996,0.0032680128,0.0,1310988,1310988,1310996,1311004,0,0.0029079632,0.0015217738,0.001386421,0.0,1,1,1,0,50,50,50,0,1,1,1,0,1,1,1,0
7029572000,1310988,1310988,1310996,1311004,0,0.008412544,0.011374507,0.019286836,0.0,1310988,1310988,1310996,1311004,0,0.0006544072,0.00030679035,0.0005529306,0.0,1,1,1,0,50,50,50,0,1,1,1,0,1,1,1,0
7029772000,1310988,1310988,1310996,1311004,0,0.004535699,0.0050473004,0.0065925163,0.0,1310988,1310988,1310996,1311004,0,0.0012904492,0.0006397716,0.0018587507,0.0,1,1,1,0,50,50,50,0,1,1,1,0,1,1,1,0
7029976000,1310988,1310988,1310996,1311004,0,0.002525908,0.007347956,0.008042923,0.0,1310988,1310988,1310996,1311004,0,0.0006199238,0.00067924446,0.00032496682,0.0,1,1,1,0,50,50,50,0,1,1,1,0,1,1,1,0
7030172000,1310988,1310988,1310996,1311004,0,0.055579606,0.027223041,0.030168667,0.0,1310988,1310988,1310996,1311004,0,0.00036464518,0.008699568,0.008560267,0.0,1,1,1,0,50,50,50,0,1,1,1,0,1,1,1,0
7030376000,1310988,1310988,1310996,1311004,0,0.029309243,0.017734207,0.011879431,0.0,1310988,1310988,1310996,1311004,0,0.003532291,0.003495871,0.0070161517,0.0,1,1,1,0,50,50,50,0,1,1,1,0,1,1,1,0
7030572000,1310988,1310988,1310996,1311004,0,0.009860921,0.0109263975,0.020665085,0.0,1310988,1310988,1310996,1311004,0,0.002126159,0.0027663906,0.004863421,0.0,1,1,1,0,50,50,50,0,1,1,1,0,1,1,1,0
7030772000,1310988,1310988,1310996,1311004,0,0.0032929643,0.0014508143,0.0032947701,0.0,1310988,1310988,1310996,1311004,0,0.00022300558,0.00038222552,0.0002264609,0.0,1,1,1,0,50,50,50,0,1,1,1,0,1,1,1,0
7030972000,1310988,1310988,1310996,1311004,0,0.0033764772,0.005476652,0.0023349405,0.0,1310988,1310988,1310996,1311004,0,0.0006206665,0.000775958,0.0011009086,0.0,1,1,1,0,50,50,50,0,1,1,1,0,1,1,1,0
7031172000,1310988,1310988,1310996,1311004,0,0.004538175,0.004395749,0.005779601,0.0,1310988,1310988,1310996,1311004,0,0.010411807,0.0052977246,0.005114343,0.0,1,1,1,0,50,50,50,0,1,1,1,0,1,1,1,0
7031372000,1310988,1310988,1310996,1311004,0,0.025026781,0.024161687,0.0065639624,0.0,1310988,1310988,1310996,1311004,0,0.0025924123,0.0020924045,0.0046184557,0.0,1,1,1,0,50,50,50,0,1,1,1,0,1,1,1,0
7031572000,1310988,1310988,1310996,1311004,0,0.012219106,0.013093924,0.023712145,0.0,1310988,1310988,1310996,1311004,0,0.0038383624,0.0019601618,0.001879126,0.0,1,1,1,0,50,50,50,0,1,1,1,0,1,1,1,0
7031772000,1310988,1310988,1310996,1311004,0,0.011679405,0.006116861,0.016291752,0.0,1310988,1310988,1310996,1311004,0,0.0005603432,0.00048304102,0.0006233154,0.0,1,1,1,0,50,50,50,0,1,1,1,0,1,1,1,0
7031972000,1310988,1310988,1310996,1311004,0,0.0050458857,0.01059675,0.008278877,0.0,1310988,1310988,1310996,1311004,0,0.00064140954,0.001066615,0.0014450283,0.0,1,1,1,0,50,50,50,0,1,1,1,0,1,1,1,0
7032172000,1310988,1310988,1310996,1311004,0,0.01255154,0.021169579,0.033602875,0.0,1310988,1310988,1310996,1311004,0,0.0015550854,0.0054390687,0.004026172,0.0,1,1,1,0,50,50,50,0,1,1,1,0,1,1,1,0
7032372000,1310988,1310988,1310996,1311004,0,0.005039471,0.007640427,0.011029987,0.0,1310988,1310988,1310996,1311004,0,0.0031805674,0.0032355268,0.006372633,0.0,1,1,1,0,50,50,50,0,1,1,1,0,1,1,1,0
7032572000,1310988,1310988,1310996,1311004,0,0.0062339995,0.003318188,0.007133612,0.0,1310988,1310988,1310996,1311004,0,0.0018093911,0.005975195,0.0041952603,0.0,1,1,1,0,50,50,50,0,1,1,1,0,1,1,1,0
7032772000,1310988,1310988,1310996,1311004,0,0.032664794,0.018464392,0.015701227,0.0,1310988,1310988,1310996,1311004,0,0.00094001484,0.0038137543,0.0029728904,0.0,1,1,1,0,50,50,50,0,1,1,1,0,1,1,1,0
7032972000,1310988,1310988,1310996,1311004,0,0.013182283,0.007777829,0.005572925,0.0,1310988,1310988,1310996,1311004,0,0.0016635802,0.0011769654,0.00049271114,0.0,1,1,1,0,50,50,50,0,1,1,1,0,1,1,1,0
7033176000,1310988,1310988,1310996,1311004,0,0.0019328669,0.0053991685,0.0066527505,0.0,1310988,1310988,1310996,1311004,0,0.00046893835,0.0003253612,0.00051405287,0.0,1,1,1,0,50,50,50,0,1,1,1,0,1,1,1,0
7033372000,1310988,1310988,1310996,1311004,0,0.043061823,0.032989588,0.010727745,0.0,1310988,1310988,1310996,1311004,0,0.0012483627,0.0003464594,0.0009437832,0.0,1,1,1,0,50,50,50,0,1,1,1,0,1,1,1,0
7033576000,1310988,1310988,1310996,1311004,0,0.011529111,0.02356241,0.03346337,0.0,1310988,1310988,1310996,1311004,0,0.005305188,0.00086406217,0.006110451,0.0,1,1,1,0,50,50,50,0,1,1,1,0,1,1,1,0
7033776000,1310988,1310988,1310996,1311004,0,0.0033611392,0.008986948,0.005913033,0.0,1310988,1310988,1310996,1311004,0,0.0020447262,0.004888199,0.0029040745,0.0,1,1,1,0,50,50,50,0,1,1,1,0,1,1,1,0
7033972000,1310988,1310988,1310996,1311004,0,0.002905555,0.0132708885,0.014617788,0.0,1310988,1310988,1310996,1311004,0,0.0011347478,0.00045298992,0.0006979201,0.0,1,1,1,0,50,50,50,0,1,1,1,0,1,1,1,0
7034176000,1310988,1310988,1310996,1311004,0,0.0047429255,0.003957689,0.0021689143,0.0,1310988,1310988,1310996,1311004,0,0.0009252351,0.0008162483,0.0007104937,0.0,1,1,1,0,50,50,50,0,1,1,1,0,1,1,1,0
7034376000,1310988,1310988,1310996,1311004,0,0.0035154251,0.002259195,0.0014937238,0.0,1310988,1310988,1310996,1311004,0,0.00030063515,0.0010997744,0.0011335904,0.0,1,1,1,0,50,50,50,0,1,1,1,0,1,1,1,0
7034572000,1310988,1310988,1310996,1311004,0,0.0017309737,0.0017145384,0.0033093696,0.0,1310988,1310988,1310996,1311004,0,0.00052286865,0.00033103226,0.00020168262,0.0,1,1,1,0,50,50,50,0,1,1,1,0,1,1,1,0
7034772000,1310988,1310988,1310996,1311004,0,0.004486405,0.008378893,0.0074398955,0.0,1310988,1310988,1310996,1311004,0,0.0006538645,0.006151211,0.0055104154,0.0,1,1,1,0,50,50,50,0,1,1,1,0,1,1,1,0
7034972000,1310988,1310988,1310996,1311004,0,0.0024167672,0.0051841685,0.0029180883,0.0,1310988,1310988,1310996,1311004,0,0.0010842178,0.00088657555,0.00064213586,0.0,1,1,1,0,50,50,50,0,1,1,1,0,1,1,1,0
7035172000,1310988,1310988,1310996,1311004,0,0.0064637614,0.00570184,0.0021755272,0.0,1310988,1310988,1310996,1311004,0,0.00035238097,0.00032455602,0.00016384333,0.0,1,1,1,0,50,50,50,0,1,1,1,0,1,1,1,0
7035372000,1310988,1310988,1310996,1311004,0,0.008516588,0.004450981,0.004066396,0.0,1310988,1310988,1310996,1311004,0,0.011730061,0.0058770482,0.005853019,0.0,1,1,1,0,50,50,50,0,1,1,1,0,1,1,1,0
7035572000,1310988,1310988,1310996,1311004,0,0.046746243,0.024880158,0.021879716,0.0,1310988,1310988,1310996,1311004,0,0.002517906,0.0015797731,0.0009954362,0.0,1,1,1,0,50,50,50,0,1,1,1,0,1,1,1,0
7035776000,1310988,1310988,1310996,1311004,0,0.021377297,0.010652258,0.010725037,0.0,1310988,1310988,1310996,1311004,0,0.004294044,0.0022710403,0.0020780235,0.0,1,1,1,0,50,50,50,0,1,1,1,0,1,1,1,0
7035972000,1310988,1310988,1310996,1311004,0,0.0077878465,0.009519762,0.0018721512,0.0,1310988,1310988,1310996,1311004,0,0.00081741443,0.0011987172,0.0007214577,0.0,1,1,1,0,50,50,50,0,1,1,1,0,1,1,1,0
7036176000,1310988,1310988,1310996,1311004,0,0.0051433584,0.004897207,0.0021223354,0.0,1310988,1310988,1310996,1311004,0,0.0014300627,0.00075117993,0.00068864354,0.0,1,1,1,0,50,50,50,0,1,1,1,0,1,1,1,0
7036372000,1310988,1310988,1310996,1311004,0,0.004844017,0.015167178,0.011879458,0.0,1310988,1310988,1310996,1311004,0,0.0057079084,0.0069099474,0.012574829,0.0,1,1,1,0,50,50,50,0,1,1,1,0,1,1,1,0
7036572000,1310988,1310988,1310996,1311004,0,0.018163742,0.02446012,0.0069156406,0.0,1310988,1310988,1310996,1311004,0,0.005989532,0.006244001,0.0007214287,0.0,1,1,1,0,50,50,50,0,1,1,1,0,1,1,1,0
7036772000,1310988,1310988,1310996,1311004,0,0.00261785,0.030363498,0.030997373,0.0,1310988,1310988,1310996,1311004,0,0.00027169992,0.00013059838,0.00032794586,0.0,1,1,1,0,50,50,50,0,1,1,1,0,1,1,1,0
7036976000,1310988,1310988,1310996,1311004,0,0.0006197517,0.0015897605,0.0015175584,0.0,1310988,1310988,1310996,1311004,0,0.0004817301,0.00037836414,0.00022839445,0.0,1,1,1,0,50,50,50,0,1,1,1,0,1,1,1,0
7037172000,1310988,1310988,1310996,1311004,0,0.001812128,0.0013170359,0.0014668856,0.0,1310988,1310988,1310996,1311004,0,0.0005485003,0.0003023786,0.00025375848,0.0,1,1,1,0,50,50,50,0,1,1,1,0,1,1,1,0
7037372000,1310988,1310988,1310996,1311004,0,0.0026934047,0.0008770185,0.0019501108,0.0,1310988,1310988,1310996,1311004,0,0.002801953,0.001456805,0.0013453038,0.0,1,1,1,0,50,50,50,0,1,1,1,0,1,1,1,0
7037576000,1310988,1310988,1310996,1311004,0,0.009478771,0.010049362,0.0013879657,0.0,1310988,1310988,1310996,1311004,0,0.0008406509,0.0024628039,0.0018040307,0.0,1,1,1,0,50,50,50,0,1,1,1,0,1,1,1,0
7037776000,1310988,1310988,1310996,1311004,0,0.0050287447,0.0032672645,0.0020699585,0.0,1310988,1310988,1310996,1311004,0,0.0050132717,0.0025204862,0.0025106182,0.0,1,1,1,0,50,50,50,0,1,1,1,0,1,1,1,0
7037976000,1310988,1310988,1310996,1311004,0,0.003046306,0.001744053,0.0013348691,0.0,1310988,1310988,1310996,1311004,0,0.0005653201,0.0003031582,0.00026283448,0.0,1,1,1,0,50,50,50,0,1,1,1,0,1,1,1,0
7038172000,1310988,1310988,1310996,1311004,0,0.004177339,0.003539223,0.005921378,0.0,1310988,1310988,1310996,1311004,0,0.0014283527,0.001354668,0.00051964825,0.0,1,1,1,0,50,50,50,0,1,1,1,0,1,1,1,0
7038372000,1310988,1310988,1310996,1311004,0,0.0066419807,0.0033501927,0.0033667248,0.0,1310988,1310988,1310996,1311004,0,0.0051875357,0.0025275603,0.0026607807,0.0,1,1,1,0,50,50,50,0,1,1,1,0,1,1,1,0
7038572000,1310988,1310988,1310996,1311004,0,0.015513965,0.021630641,0.03213757,0.0,1310988,1310988,1310996,1311004,0,0.008822861,0.004754662,0.0040684915,0.0,1,1,1,0,50,50,50,0,1,1,1,0,1,1,1,0
7038772000,1310988,1310988,1310996,1311004,0,0.004661732,0.006964998,0.01151249,0.0,1310988,1310988,1310996,1311004,0,0.00062496937,0.0015020182,0.0018902994,0.0,1,1,1,0,50,50,50,0,1,1,1,0,1,1,1,0
7038972000,1310988,1310988,1310996,1311004,0,0.00059126946,0.0025257422,0.0027812978,0.0,1310988,1310988,1310996,1311004,0,0.00077273505,0.00053155137,0.00026197685,0.0,1,1,1,0,50,50,50,0,1,1,1,0,1,1,1,0
7039172000,1310988,1310988,1310996,1311004,0,0.008734788,0.011222913,0.0057050805,0.0,1310988,1310988,1310996,1311004,0,0.0010106274,0.00078253954,0.00050142955,0.0,1,1,1,0,50,50,50,0,1,1,1,0,1,1,1,0
7039372000,1310988,1310988,1310996,1311004,0,0.03406773,0.024350794,0.011686248,0.0,1310988,1310988,1310996,1311004,0,0.003087205,0.0016429959,0.004703984,0.0,1,1,1,0,50,50,50,0,1,1,1,0,1,1,1,0
7039572000,1310988,1310988,1310996,1311004,0,0.003512928,0.0031557097,0.0055424534,0.0,1310988,1310988,1310996,1311004,0,0.0007992386,0.00034470763,0.0007608836,0.0,1,1,1,0,50,50,50,0,1,1,1,0,1,1,1,0
7039772000,1310988,1310988,1310996,1311004,0,0.018383836,0.0042038173,0.019082278,0.0,1310988,1310988,1310996,1311004,0,0.0029000444,0.0017603763,0.0011946441,0.0,1,1,1,0,50,50,50,0,1,1,1,0,1,1,1,0
7039976000,1310988,1310988,1310996,1311004,0,0.003254111,0.0017166471,0.0025387534,0.0,1310988,1310988,1310996,1311004,0,0.00044449038,0.00026053766,0.00040068355,0.0,1,1,1,0,50,50,50,0,1,1,1,0,1,1,1,0
7040172000,1310988,1310988,1310996,1311004,0,0.005878424,0.0028449313,0.003103823,0.0,1310988,1310988,1310996,1311004,0,0.0048934,0.0023864342,0.0025081527,0.0,1,1,1,0,50,50,50,0,1,1,1,0,1,1,1,0
7040372000,1310988,1310988,1310996,1311004,0,0.0030166234,0.004364373,0.007228914,0.0,1310988,1310988,1310996,1311004,0,0.00072421756,0.0003368778,0.00039190653,0.0,1,1,1,0,50,50,50,0,1,1,1,0,1,1,1,0
7040576000,1310988,1310988,1310996,1311004,0,0.008025765,0.008670007,0.015499551,0.0,1310988,1310988,1310996,1311004,0,0.0046011084,0.005037249,0.00047101112,0.0,1,1,1,0,50,50,50,0,1,1,1,0,1,1,1,0
7040776000,1310988,1310988,1310996,1311004,0,0.0023462456,0.00247931,0.0028693576,0.0,1310988,1310988,1310996,1311004,0,0.0025507181,0.0018666291,0.0007210134,0.0,1,1,1,0,50,50,50,0,1,1,1,0,1,1,1,0
7040972000,1310988,1310988,1310996,1311004,0,0.006687168,0.0035860715,0.0033560535,0.0,1310988,1310988,1310996,1311004,0,0.00035130326,0.0002622002,0.00019602783,0.0,1,1,1,0,50,50,50,0,1,1,1,0,1,1,1,0
7041172000,1310988,1310988,1310996,1311004,0,0.0060467357,0.0031666218,0.0029391092,0.0,1310988,1310988,1310996,1311004,0,0.00092584454,0.0007220045,0.00038984674,0.0,1,1,1,0,50,50,50,0,1,1,1,0,1,1,1,0
7041376000,1310988,1310988,1310996,1311004,0,0.0068654744,0.008154319,0.0037579034,0.0,1310988,1310988,1310996,1311004,0,0.004963406,0.0035677308,0.0014105974,0.0,1,1,1,0,50,50,50,0,1,1,1,0,1,1,1,0
7041572000,1310988,1310988,1310996,1311004,0,0.005874961,0.02688375,0.021023512,0.0,1310988,1310988,1310996,1311004,0,0.0017543626,0.003879598,0.0022160292,0.0,1,1,1,0,50,50,50,0,1,1,1,0,1,1,1,0
7041772000,1310988,1310988,1310996,1311004,0,0.029770054,0.013329764,0.016457375,0.0,1310988,1310988,1310996,1311004,0,0.0045678816,0.0024982542,0.0020701815,0.0,1,1,1,0,50,50,50,0,1,1,1,0,1,1,1,0
7041972000,1310988,1310988,1310996,1311004,0,0.020832028,0.008871646,0.0120488675,0.0,1310988,1310988,1310996,1311004,0,0.00088416593,0.0003782418,0.001019991,0.0,1,1,1,0,50,50,50,0,1,1,1,0,1,1,1,0
7042176000,1310988,1310988,1310996,1311004,0,0.008221431,0.0068968725,0.011682264,0.0,1310988,1310988,1310996,1311004,0,0.0032853798,0.0021344847,0.0011784714,0.0,1,1,1,0,50,50,50,0,1,1,1,0,1,1,1,0
7042376000,1310988,1310988,1310996,1311004,0,0.0039257435,0.0072840634,0.010050464,0.0,1310988,1310988,1310996,1311004,0,0.00056041335,0.00024877573,0.00038237413,0.0,1,1,1,0,50,50,50,0,1,1,1,0,1,1,1,0
7042576000,1310988,1310988,1310996,1311004,0,0.010321202,0.012902014,0.00463446,0.0,1310988,1310988,1310996,1311004,0,0.00046130666,0.00015662618,0.00034852314,0.0,1,1,1,0,50,50,50,0,1,1,1,0,1,1,1,0
7042776000,1310988,1310988,1310996,1311004,0,0.0027139918,0.0070692003,0.0048071607,0.0,1310988,1310988,1310996,1311004,0,0.00092406844,0.0038443904,0.002935804,0.0,1,1,1,0,50,50,50,0,1,1,1,0,1,1,1,0
7042976000,1310988,1310988,1310996,1311004,0,0.03787624,0.013720389,0.024867726,0.0,1310988,1310988,1310996,1311004,0,0.0050107646,0.0037990117,0.0087941745,0.0,1,1,1,0,50,50,50,0,1,1,1,0,1,1,1,0
7043176000,1310988,1310988,1310996,1311004,0,0.026889771,0.051483866,0.026214577,0.0,1310988,1310988,1310996,1311004,0,0.0053948225,0.00031964548,0.0055701407,0.0,1,1,1,0,50,50,50,0,1,1,1,0,1,1,1,0
7043372000,1310988,1310988,1310996,1311004,0,0.017721428,0.014470027,0.003853614,0.0,1310988,1310988,1310996,1311004,0,0.0032867114,0.0021562022,0.0011344539,0.0,1,1,1,0,50,50,50,0,1,1,1,0,1,1,1,0
7043572000,1310988,1310988,1310996,1311004,0,0.019551497,0.010139113,0.010122213,0.0,1310988,1310988,1310996,1311004,0,0.00094085373,0.0008123779,0.00022598602,0.0,1,1,1,0,50,50,50,0,1,1,1,0,1,1,1,0
7043776000,1310988,1310988,1310996,1311004,0,0.0022252405,0.0031028222,0.0018976262,0.0,1310988,1310988,1310996,1311004,0,0.00027616834,0.0005930975,0.00035478958,0.0,1,1,1,0,50,50,50,0,1,1,1,0,1,1,1,0
7043972000,1310988,1310988,1310996,1311004,0,0.058154926,0.028154146,0.030618332,0.0,1310988,1310988,1310996,1311004,0,0.0077465484,0.0041629504,0.0035939044,0.0,1,1,1,0,50,50,50,0,1,1,1,0,1,1,1,0
7044172000,1310988,1310988,1310996,1311004,0,0.06416482,0.06622003,0.034093637,0.0,1310988,1310988,1310996,1311004,0,0.0070659914,0.00419511,0.0029503782,0.0,1,1,1,0,50,50,50,0,1,1,1,0,1,1,1,0
7044372000,1310988,1310988,1310996,1311004,0,0.004885683,0.01968693,0.019882202,0.0,1310988,1310988,1310996,1311004,0,0.0012252101,0.0003763767,0.0009476636,0.0,1,1,1,0,50,50,50,0,1,1,1,0,1,1,1,0
7044572000,1310988,1310988,1310996,1311004,0,0.050528754,0.020840416,0.031995535,0.0,1310988,1310988,1310996,1311004,0,0.0012315137,0.00092426647,0.00034426455,0.0,1,1,1,0,50,50,50,0,1,1,1,0,1,1,1,0
7044776000,1310988,1310988,1310996,1311004,0,0.011911934,0.013359431,0.004292527,0.0,1310988,1310988,1310996,1311004,0,0.0006038162,0.00015429658,0.0004657613,0.0,1,1,1,0,50,50,50,0,1,1,1,0,1,1,1,0
7044976000,1310988,1310988,1310996,1311004,0,0.044318102,0.06692084,0.022654857,0.0,1310988,1310988,1310996,1311004,0,0.0015757635,0.0008031307,0.0009232193,0.0,1,1,1,0,50,50,50,0,1,1,1,0,1,1,1,0
7045176000,1310988,1310988,1310996,1311004,0,0.040563177,0.013206727,0.027362421,0.0,1310988,1310988,1310996,1311004,0,0.0007490637,0.0004569293,0.00031024613,0.0,1,1,1,0,50,50,50,0,1,1,1,0,1,1,1,0
7045372000,1310988,1310988,1310996,1311004,0,0.045989163,0.0017794808,0.04747751,0.0,1310988,1310988,1310996,1311004,0,0.0017048754,0.00057707174,0.0022757926,0.0,1,1,1,0,50,50,50,0,1,1,1,0,1,1,1,0
7045576000,1310988,1310988,1310996,1311004,0,0.043869887,0.0119216805,0.03235125,0.0,1310988,1310988,1310996,1311004,0,0.00093512924,0.00022322168,0.0009538241,0.0,1,1,1,0,50,50,50,0,1,1,1,0,1,1,1,0
7045776000,1310988,1310988,1310996,1311004,0,0.0029926798,0.005538932,0.006482318,0.0,1310988,1310988,1310996,1311004,0,0.0019171928,0.0005950598,0.001346624,0.0,1,1,1,0,50,50,50,0,1,1,1,0,1,1,1,0
7045972000,1310988,1310988,1310996,1311004,0,0.040832117,0.020580882,0.020253716,0.0,1310988,1310988,1310996,1311004,0,0.0011020541,0.0006022067,0.0005003386,0.0,1,1,1,0,50,50,50,0,1,1,1,0,1,1,1,0
7046172000,1310988,1310988,1310996,1311004,0,0.03701478,0.05266638,0.016013805,0.0,1310988,1310988,1310996,1311004,0,0.00070910977,0.0013192242,0.0006432926,0.0,1,1,1,0,50,50,50,0,1,1,1,0,1,1,1,0
7046372000,1310988,1310988,1310996,1311004,0,0.010029312,0.00888813,0.0012662071,0.0,1310988,1310988,1310996,1311004,0,0.00020860038,0.00018728047,0.00014946588,0.0,1,1,1,0,50,50,50,0,1,1,1,0,1,1,1,0
7046572000,1310988,1310988,1310996,1311004,0,0.0041079037,0.006858498,0.0028823395,0.0,1310988,1310988,1310996,1311004,0,0.0003465222,0.00016417734,0.00018940872,0.0,1,1,1,0,50,50,50,0,1,1,1,0,1,1,1,0
7046776000,1310988,1310988,1310996,1311004,0,0.0013853584,0.00051744643,0.00094922504,0.0,1310988,1310988,1310996,1311004,0,0.00020345455,0.000100488665,0.000103023485,0.0,1,1,1,0,50,50,50,0,1,1,1,0,1,1,1,0
7046972000,1310988,1310988,1310996,1311004,0,0.0024284527,0.0011323072,0.0018217613,0.0,1310988,1310988,1310996,1311004,0,0.00015871083,8.734326e-05,7.261713e-05,0.0,1,1,1,0,50,50,50,0,1,1,1,0,1,1,1,0
7047176000,1310988,1310988,1310996,1311004,0,0.006288995,0.016212378,0.010072597,0.0,1310988,1310988,1310996,1311004,0,0.00016808358,0.00052759284,0.0003686814,0.0,1,1,1,0,50,50,50,0,1,1,1,0,1,1,1,0
7047372000,1310988,1310988,1310996,1311004,0,0.00980377,0.012571732,0.021000683,0.0,1310988,1310988,1310996,1311004,0,0.00020625725,0.0018376395,0.001824392,0.0,1,1,1,0,50,50,50,0,1,1,1,0,1,1,1,0
7047572000,1310988,1310988,1310996,1311004,0,0.0037015215,0.004102315,0.0031353117,0.0,1310988,1310988,1310996,1311004,0,0.00027408783,0.00024650115,0.00017658633,0.0,1,1,1,0,50,50,50,0,1,1,1,0,1,1,1,0
7047772000,1310988,1310988,1310996,1311004,0,0.0036580903,0.0032853105,0.00402213,0.0,1310988,1310988,1310996,1311004,0,0.00068327755,0.0005271758,0.00021095181,0.0,1,1,1,0,50,50,50,0,1,1,1,0,1,1,1,0
7047972000,1310988,1310988,1310996,1311004,0,0.009454569,0.006514295,0.0036690668,0.0,1310988,1310988,1310996,1311004,0,0.0014701375,0.00020864813,0.0016242876,0.0,1,1,1,0,50,50,50,0,1,1,1,0,1,1,1,0
7048172000,1310988,1310988,1310996,1311004,0,0.007824757,0.0059949383,0.011244736,0.0,1310988,1310988,1310996,1311004,0,0.00082960376,0.0009806107,0.00030747722,0.0,1,1,1,0,50,50,50,0,1,1,1,0,1,1,1,0
7048376000,1310988,1310988,1310996,1311004,0,0.002601684,0.0035155667,0.0037832113,0.0,1310988,1310988,1310996,1311004,0,0.0029463184,0.0014936005,0.001456628,0.0,1,1,1,0,50,50,50,0,1,1,1,0,1,1,1,0
7048576000,1310988,1310988,1310996,1311004,0,0.004907242,0.000683872,0.0051209084,0.0,1310988,1310988,1310996,1311004,0,0.00017273554,0.0006591588,0.00072856137,0.0,1,1,1,0,50,50,50,0,1,1,1,0,1,1,1,0
7048776000,1310988,1310988,1310996,1311004,0,0.012669441,0.0055287364,0.007217849,0.0,1310988,1310988,1310996,1311004,0,0.00026270899,0.0002989101,0.0005517233,0.0,1,1,1,0,50,50,50,0,1,1,1,0,1,1,1,0
7048972000,1310988,1310988,1310996,1311004,0,0.013680227,0.011309921,0.024208354,0.0,1310988,1310988,1310996,1311004,0,0.00014935699,0.0002961341,0.00019580692,0.0,1,1,1,0,50,50,50,0,1,1,1,0,1,1,1,0
