timestamp,timestamp_sample,ref_timestamp,ref_lat,ref_lon,x,y,z,delta_xy[0],delta_xy[1],delta_z,vx,vy,vz,z_deriv,delta_vxy[0],delta_vxy[1],delta_vz,ax,ay,az,heading,delta_heading,ref_alt,dist_bottom,eph,epv,evh,evv,vxy_max,vz_max,hagl_min,hagl_max,xy_valid,z_valid,v_xy_valid,v_z_valid,xy_reset_counter,z_reset_counter,vxy_reset_counter,vz_reset_counter,heading_reset_counter,heading_good_for_control,xy_global,z_global,dist_bottom_valid,dist_bottom_sensor_bitfield
6971392000,6971392000,1032000,41.606704,-86.3556021,-0.6455806,-1.3875036,0.11220735,0.0003608431,0.00019367777,0.0,-0.00063377165,-0.0025669015,0.0014917132,0.00013067525,-0.0005769825,-0.01214426,-0.016767275,0.028455384,-0.03005886,0.3044176,-1.052811,0.01023155,229.39902,0.1,0.08485875,0.10243653,0.009056094,0.006442388,inf,inf,inf,inf,1,1,1,1,2,0,2,1,4,0,1,1,1,0
6971896000,6971896000,1032000,41.606704,-86.3556021,-0.64618653,-1.3869319,0.11044586,0.0003608431,0.00019367777,0.0,-0.0005053295,-0.0012151388,0.00030265134,-0.0008128597,-0.0005769825,-0.01214426,-0.016767275,0.0139286285,0.06421478,-0.066674374,-1.0521202,0.01023155,229.39902,0.10047981,0.08458074,0.10205485,0.016398277,0.011806804,inf,inf,inf,inf,1,1,1,1,2,0,2,1,4,0,1,1,1,0
6972392000,6972392000,1032000,41.606704,-86.3556021,-0.6458492,-1.3863305,0.11064785,0.0003608431,0.00019367777,0.0,0.0007571024,0.00033229523,0.0003659464,0.0001465861,-0.0005769825,-0.01214426,-0.016767275,0.025321022,-0.04246649,-0.048611373,-1.0519586,0.01023155,229.39902,0.10052668,0.08429943,0.10171749,0.0014142136,0.001,inf,inf,inf,inf,1,1,1,1,2,0,2,1,4,0,1,1,1,0
6972896000,6972896000,1032000,41.606704,-86.3556021,-0.6454236,-1.386662,0.11178455,0.0003608431,0.00019367777,0.0,0.0026153394,-0.00032860183,0.002165791,0.0021096864,-0.0005769825,-0.01214426,-0.016767275,0.03126687,0.080287695,0.026230635,-1.0515618,0.01023155,229.39902,0.10013528,0.08402244,0.101341836,0.013492676,0.009664794,inf,inf,inf,inf,1,1,1,1,2,0,2,1,4,0,1,1,1,0
6973392000,6973392000,1032000,41.606704,-86.3556021,-0.6453791,-1.3868142,0.11275362,0.0003608431,0.00019367777,0.0,-0.0018844738,-0.0005432797,0.005078489,0.0039804373,-0.0005769825,-0.01214426,-0.016767275,-0.032136567,-0.025349917,0.23350951,-1.0513579,0.01023155,229.39902,0.1,0.083761804,0.10097628,0.01894846,0.013708052,inf,inf,inf,inf,1,1,1,1,2,0,2,1,4,0,1,1,1,0
6973896000,6973896000,1032000,41.606704,-86.3556021,-0.6460222,-1.3871979,0.11124656,0.0003608431,0.00019367777,0.0,-0.002101608,-0.0030268503,0.001377768,-4.75345e-05,-0.0005769825,-0.01214426,-0.016767275,0.03569501,0.040344212,0.1272335,-1.0514463,0.01023155,229.39902,0.1,0.08333434,0.10064541,0.009918704,0.007064355,inf,inf,inf,inf,1,1,1,1,2,0,2,1,4,0,1,1,1,0
6974392000,6974392000,1032000,41.606704,-86.3556021,-0.6469732,-1.3873878,0.11171301,0.0003608431,0.00019367777,0.0,-0.0016516093,-0.0031607852,0.0062550707,0.0047579454,-0.0005769825,-0.01214426,-0.016767275,-0.032756478,-0.041233744,-0.30801076,-1.0515556,0.01023155,229.39902,0.1,0.083216265,0.10028401,0.016398095,0.011807216,inf,inf,inf,inf,1,1,1,1,2,0,2,1,4,0,1,1,1,0
6974896000,6974896000,1032000,41.606704,-86.3556021,-0.644855,-1.3858483,0.111138314,0.0003608431,0.00019367777,0.0,0.0029512623,0.0027454128,0.0012972013,-0.00042376164,-0.0005769825,-0.01214426,-0.016767275,0.015584459,0.013707182,0.24687585,-1.0512869,0.01023155,229.39902,0.1,0.082807325,0.099964395,0.0042144223,0.0029834488,inf,inf,inf,inf,1,1,1,1,2,0,2,1,4,0,1,1,1,0
6975392000,6975392000,1032000,41.606704,-86.3556021,-0.6453167,-1.3856647,0.11065278,0.0003608431,0.00019367777,0.0,-0.0016897966,0.002703076,0.0005678254,-0.00034553374,-0.0005769825,-0.01214426,-0.016767275,0.0250419,-0.020931814,-0.21918868,-1.0509955,0.01023155,229.39902,0.10029697,0.082546115,0.099608324,0.013496019,0.009664786,inf,inf,inf,inf,1,1,1,1,2,0,2,1,4,0,1,1,1,0
6975896000,6975896000,1032000,41.606704,-86.3556021,-0.6464896,-1.3847305,0.11006176,0.0003608431,0.00019367777,0.0,-0.0007967182,0.007656043,-0.00057664706,-0.00096090557,-0.0005769825,-0.01214426,-0.016767275,-0.07180421,0.02901059,0.3414591,-1.0512414,0.01023155,229.39902,0.10074835,0.08230408,0.09930335,0.019424472,0.014065994,inf,inf,inf,inf,1,1,1,1,2,0,2,1,4,0,1,1,1,0
6976392000,6976392000,1032000,41.606704,-86.3556021,-0.6461114,-1.3857676,0.109109454,0.0003608431,0.00019367777,0.0,-0.0012550742,0.002922531,-0.0015575965,-0.001515681,-0.0005769825,-0.01214426,-0.016767275,-0.09992793,-0.023332661,0.18643953,-1.0510218,0.01023155,229.39902,0.10111194,0.08209386,0.098974794,0.023854336,0.017416747,inf,inf,inf,inf,1,1,1,1,2,0,2,1,4,0,1,1,1,0
6976896000,6976896000,1032000,41.606704,-86.3556021,-0.64744246,-1.3850597,0.109756604,0.0003608431,0.00019367777,0.0,-0.008019065,0.005687322,0.0056064976,0.00591119,-0.0005769825,-0.01214426,-0.016767275,-0.09841236,-0.011957652,-0.01475128,-1.0511,0.01023155,229.39902,0.10046479,0.083919786,0.09965416,0.0457481,0.034515258,inf,inf,inf,inf,1,1,1,1,2,0,2,1,4,0,1,1,1,0
6977392000,6977392000,1032000,41.606704,-86.3556021,-0.65346223,-1.3746488,0.07619083,0.0003608431,0.00019367777,0.0,-0.020021752,0.04384475,-0.34465134,-0.34441566,-0.0005769825,-0.01214426,-0.016767275,-0.09959278,0.13906676,-1.9619026,-1.0576754,0.01023155,229.39902,0.13476914,0.092134714,0.10365782,0.06497122,0.04918861,inf,inf,inf,inf,1,1,1,1,2,0,2,1,4,0,1,1,1,0
6977896000,6977896000,1032000,41.606704,-86.3556021,-0.6594387,-1.3508794,-0.35235125,0.0003608431,0.00019367777,0.0,-0.0073664444,0.028681278,-1.3650606,-1.3631407,-0.0005769825,-0.01214426,-0.016767275,0.02251822,-0.09006177,-2.0103118,-1.0571718,0.01023155,229.39902,0.5633112,0.10994669,0.11373632,0.084438205,0.06250596,inf,inf,inf,inf,1,1,1,1,2,0,2,1,4,0,1,1,1,0
6978392000,6978392000,1032000,41.606704,-86.3556021,-0.6575803,-1.3447673,-1.0700358,0.0003608431,0.00019367777,0.0,0.0058218134,-0.0011625888,-1.2149681,-1.2135704,-0.0005769825,-0.01214426,-0.016767275,0.016579764,0.00619845,1.1972476,-1.0563333,0.01023155,229.39902,1.2809958,0.14019085,0.1317955,0.10251555,0.075643614,inf,inf,inf,inf,1,1,1,1,2,0,2,1,4,0,1,1,1,0
6978896000,6978896000,1032000,41.606704,-86.3556021,-0.6528326,-1.34806,-1.548288,0.0003608431,0.00019367777,0.0,0.0048889276,-0.007335064,-0.7159417,-0.7174963,-0.0005769825,-0.01214426,-0.016767275,0.03344648,-0.015150698,0.62821144,-1.0478685,0.0064195,229.39902,1.759248,0.17036572,0.15540162,0.10561199,0.08554603,inf,inf,inf,inf,1,1,1,1,2,0,2,1,5,0,1,1,1,0
6979392000,6979392000,1032000,41.606704,-86.3556021,-0.6498766,-1.3543987,-1.8307412,0.0003608431,0.00019367777,0.0,0.004736307,-0.008570258,-0.4390581,-0.4412651,-0.0005769825,-0.01214426,-0.016767275,-0.14601542,-0.029334469,1.160723,-1.048361,0.0064195,229.39902,2.041701,0.20861617,0.18678823,0.11508645,0.09686396,inf,inf,inf,inf,1,1,1,1,2,0,2,1,5,0,1,1,1,0
6979896000,6979896000,1032000,41.606704,-86.3556021,-0.647379,-1.3585567,-2.007985,0.0003608431,0.00019367777,0.0,0.0019809383,-0.002883318,-0.28203702,-0.28353068,-0.0005769825,-0.01214426,-0.016767275,-0.082889006,-0.018167617,-0.22009206,-1.0474038,0.0064195,229.39902,2.218945,0.23146635,0.21524468,0.121178046,0.102126256,inf,inf,inf,inf,1,1,1,1,2,0,2,1,5,1,1,1,1,0
6980392000,6980392000,1032000,41.606704,-86.3556021,-0.64522356,-1.3613546,-2.1183972,0.0003608431,0.00019367777,0.0,0.00010167872,0.0044681127,-0.17573752,-0.17555158,-0.0005769825,-0.01214426,-0.016767275,-0.032429427,0.07335235,0.8617825,-1.0469509,0.0064195,229.39902,2.3293571,0.25838307,0.24592762,0.13395163,0.10775825,inf,inf,inf,inf,1,1,1,1,2,0,2,1,5,1,1,1,1,0
6980896000,6980896000,1032000,41.606704,-86.3556021,-0.6484369,-1.3608133,-2.0901842,0.0003608431,0.00019367777,0.0,-7.3358133e-06,0.020377947,0.0681257,0.073933646,-0.0005769825,-0.01214426,-0.016767275,-0.022119572,0.07768602,-0.3023744,-1.0470153,0.0064195,229.39902,2.3011441,0.2834983,0.27646378,0.1445704,0.11213451,inf,inf,inf,inf,1,1,1,1,2,0,2,1,5,1,1,1,1,0
6981392000,6981392000,1032000,41.606704,-86.3556021,-0.64870685,-1.3414989,-2.1048918,0.0003608431,0.00019367777,0.0,0.0003667604,0.14962454,-0.2072412,-0.19328389,-0.0005769825,-0.01214426,-0.016767275,0.033289522,0.5701483,-0.67818165,-1.0490708,0.0064195,229.39902,2.3158517,0.3048641,0.3037858,0.15339887,0.11491197,inf,inf,inf,inf,1,1,1,1,2,0,2,1,5,1,1,1,0,0
6981896000,6981896000,1032000,41.606704,-86.3556021,-0.6477533,-1.1682189,-2.2799094,0.0003608431,0.00019367777,0.0,-0.0018838258,0.68981594,-0.5044437,-0.49031115,-0.0005769825,-0.01214426,-0.016767275,0.050541546,1.5164769,-0.5252734,-1.0481133,0.0064195,229.39902,2.4908693,0.3251819,0.32789344,0.16187525,0.11663687,inf,inf,inf,inf,1,1,1,1,2,0,2,1,5,1,1,1,0,0
6982392000,6982392000,1032000,41.606704,-86.3556021,-0.6442311,-0.66684115,-2.5681431,0.0003608431,0.00019367777,0.0,0.00068958587,1.4448873,-0.65332824,-0.64257133,-0.0005769825,-0.01214426,-0.016767275,0.007534455,1.4176203,-0.21924083,-1.0517735,0.0064195,229.39902,2.779103,0.33981434,0.3470008,0.16644098,0.116852686,inf,inf,inf,inf,1,1,1,1,2,0,2,1,5,1,1,1,0,0
6982896000,6982896000,1032000,41.606704,-86.3556021,-0.6259835,0.20191993,-2.915386,0.0003608431,0.00019367777,0.0,-0.0010473921,2.0269396,-0.7060971,-0.70081794,-0.0005769825,-0.01214426,-0.016767275,9.324946e-06,0.88724136,-0.070189185,-1.0627482,0.0064195,229.39902,3.1263459,0.33361655,0.35710073,0.1560755,0.11370305,inf,inf,inf,inf,1,1,1,1,2,0,2,1,5,1,1,1,0,0
6983392000,6983392000,1032000,41.606704,-86.3556021,-0.60465485,1.2887672,-3.2743995,0.0003608431,0.00019367777,0.0,-0.016421815,2.3293192,-0.6924507,-0.6957914,-0.0005769825,-0.01214426,-0.016767275,-0.034066644,0.42739087,-0.086919464,-1.0725213,0.0064195,229.39902,3.4853594,0.36580044,0.37868264,0.16843952,0.11725602,inf,inf,inf,inf,1,1,1,1,2,0,2,1,5,1,1,1,0,0
6983896000,6983896000,1032000,41.606704,-86.3556021,-0.5904548,2.5043793,-3.6403248,0.0003608431,0.00019367777,0.0,-0.026750289,2.4564338,-0.6692933,-0.6871384,-0.0005769825,-0.01214426,-0.016767275,-0.028252736,0.21172494,0.14106551,-1.0772544,0.0064195,229.39902,3.8512847,0.3519003,0.383115,0.15141748,0.11373099,inf,inf,inf,inf,1,1,1,1,2,0,2,1,5,1,1,1,0,0
6984392000,6984392000,1032000,41.606704,-86.3556021,-0.5990981,3.7473454,-3.9952056,0.0003608431,0.00019367777,0.0,-0.040401507,2.50345,-0.64947194,-0.6814834,-0.0005769825,-0.01214426,-0.016767275,-0.028914634,-0.011612556,0.045348827,-1.0847883,0.0064195,229.39902,4.206166,0.35920602,0.39118746,0.14951919,0.11364517,inf,inf,inf,inf,1,1,1,1,2,0,2,1,5,1,1,1,0,0
6984896000,6984896000,1032000,41.606704,-86.3556021,-0.6179828,5.031749,-4.3465734,0.0003608431,0.00019367777,0.0,-0.032328002,2.5206134,-0.6471309,-0.6862792,-0.0005769825,-0.01214426,-0.016767275,0.060890023,0.033401847,-0.022157157,-1.0916595,0.0064195,229.39902,4.5575333,0.36434114,0.40021715,0.14727636,0.11398711,inf,inf,inf,inf,1,1,1,1,2,0,2,1,5,1,1,1,0,0
6985392000,6985392000,1032000,41.606704,-86.3556021,-0.6382927,6.302468,-4.696091,0.0003608431,0.00019367777,0.0,-0.020637784,2.518221,-0.6325179,-0.6800422,-0.0005769825,-0.01214426,-0.016767275,0.015269968,-0.057975627,-0.00071345625,-1.1028675,0.0064195,229.39902,4.907051,0.3688917,0.40460545,0.14673674,0.11404745,inf,inf,inf,inf,1,1,1,1,2,0,2,1,5,1,1,1,0,0
6985896000,6985896000,1032000,41.606704,-86.3556021,-0.65976065,7.576502,-5.0501723,0.0003608431,0.00019367777,0.0,-0.0036989283,2.487864,-0.62646985,-0.68046063,-0.0005769825,-0.01214426,-0.016767275,0.06401542,-0.15330091,-0.09672536,-1.1097281,0.0064195,229.39902,5.2611322,0.37446806,0.41122034,0.14808139,0.11504469,inf,inf,inf,inf,1,1,1,1,2,0,2,1,5,1,1,1,0,0
6986392000,6986392000,1032000,41.606704,-86.3556021,-0.6750031,8.820721,-5.3931375,0.0003608431,0.00019367777,0.0,0.007371079,2.4851618,-0.64318347,-0.69722664,-0.0005769825,-0.01214426,-0.016767275,0.16558143,0.046925675,0.174337,-1.1193036,0.0064195,229.39902,5.6040974,0.37691253,0.41291854,0.14791147,0.11514507,inf,inf,inf,inf,1,1,1,1,2,0,2,1,5,1,1,1,0,0
6986896000,6986896000,1032000,41.606704,-86.3556021,-0.68489724,10.083617,-5.7537665,0.0003608431,0.00019367777,0.0,0.022519134,2.4744012,-0.6459381,-0.7072228,-0.0005769825,-0.01214426,-0.016767275,0.04568401,0.01700876,-0.013800399,-1.1295483,0.0064195,229.39902,5.9647264,0.36024022,0.4107882,0.13948764,0.11256452,inf,inf,inf,inf,1,1,1,1,2,0,2,1,5,1,1,1,0,0
6987392000,6987392000,1032000,41.606704,-86.3556021,-0.6853825,11.317898,-6.110205,0.0003608431,0.00019367777,0.0,0.029606257,2.4748337,-0.64071083,-0.70563745,-0.0005769825,-0.01214426,-0.016767275,0.030901983,-0.02764431,0.020343745,-1.1382484,0.0064195,229.39902,6.321165,0.383292,0.42087007,0.14994594,0.11693434,inf,inf,inf,inf,1,1,1,1,2,0,2,1,5,1,1,1,0,0
6987896000,6987896000,1032000,41.606704,-86.3556021,-0.69000965,12.581119,-6.475997,0.0003608431,0.00019367777,0.0,0.025127407,2.4778688,-0.6358843,-0.7078407,-0.0005769825,-0.01214426,-0.016767275,0.030718295,0.00082379766,-0.020699639,-1.1498647,0.0064195,229.39902,6.686957,0.36477417,0.4147164,0.1407887,0.11372029,inf,inf,inf,inf,1,1,1,1,2,0,2,1,5,1,1,1,0,0
6988392000,6988392000,1032000,41.606704,-86.3556021,-0.6947924,13.816335,-6.8263535,0.0003608431,0.00019367777,0.0,0.02617991,2.4653118,-0.6330332,-0.7037591,-0.0005769825,-0.01214426,-0.016767275,0.025676299,-0.04154411,0.025250884,-1.156649,0.0064195,229.39902,7.0373135,0.36781022,0.41453615,0.1427158,0.11435101,inf,inf,inf,inf,1,1,1,1,2,0,2,1,5,1,1,1,0,0
6988896000,6988896000,1032000,41.606704,-86.3556021,-0.69040245,15.066054,-7.179381,0.0003608431,0.00019367777,0.0,0.033651333,2.4760628,-0.64526016,-0.7111814,-0.0005769825,-0.01214426,-0.016767275,0.02627718,0.055547602,-0.11673669,-1.1677781,0.0064195,229.39902,7.390341,0.36995083,0.41739738,0.14348398,0.1151703,inf,inf,inf,inf,1,1,1,1,2,0,2,1,5,1,1,1,0,0
6989392000,6989392000,1032000,41.606704,-86.3556021,-0.6877247,16.300627,-7.5329285,0.0003608431,0.00019367777,0.0,0.03115953,2.4751701,-0.644502,-0.7098507,-0.0005769825,-0.01214426,-0.016767275,-0.099248074,-0.20994101,0.72921246,-1.1746459,0.0064195,229.39902,7.7438884,0.37232548,0.41667837,0.1448996,0.115627915,inf,inf,inf,inf,1,1,1,1,2,0,2,1,5,1,1,1,0,0
6989896000,6989896000,1032000,41.606704,-86.3556021,-0.6834131,17.552593,-7.8889847,0.0003608431,0.00019367777,0.0,0.029871045,2.4862447,-0.64579934,-0.70760584,-0.0005769825,-0.01214426,-0.016767275,0.073173046,0.009512884,0.0033294149,-1.1854641,0.0064195,229.39902,8.099945,0.37503108,0.41943955,0.1462193,0.1165296,inf,inf,inf,inf,1,1,1,1,2,0,2,1,5,1,1,1,0,0
6990392000,6990392000,1032000,41.606704,-86.3556021,-0.68080425,18.787037,-8.23684,0.0003608431,0.00019367777,0.0,0.024308192,2.4878209,-0.64650565,-0.7033173,-0.0005769825,-0.01214426,-0.016767275,0.013337126,-0.09517021,-0.03319426,-1.1888666,0.0064195,229.39902,8.447801,0.37665498,0.42134452,0.14695588,0.11709038,inf,inf,inf,inf,1,1,1,1,2,0,2,1,5,1,1,1,0,0
6990896000,6990896000,1032000,41.606704,-86.3556021,-0.6816931,20.04612,-8.59037,0.0003608431,0.00019367777,0.0,0.025931654,2.4869902,-0.6585504,-0.7116004,-0.0005769825,-0.01214426,-0.016767275,0.03143585,-0.030730082,0.08530349,-1.1988049,0.0064195,229.39902,8.801331,0.36000273,0.41504154,0.13931358,0.113879055,inf,inf,inf,inf,1,1,1,1,2,0,2,1,5,1,1,1,0,0
6991392000,6991392000,1032000,41.606704,-86.3556021,-0.6753611,21.287834,-8.943147,0.0003608431,0.00019367777,0.0,0.023973953,2.5073519,-0.6732138,-0.7223486,-0.0005769825,-0.01214426,-0.016767275,-0.04762309,0.19093446,7.38738e-06,-1.2058337,0.0064195,229.39902,9.154107,0.38232005,0.41984853,0.15021981,0.117870286,inf,inf,inf,inf,1,1,1,1,2,0,2,1,5,1,1,1,0,0
6991896000,6991896000,1032000,41.606704,-86.3556021,-0.6735258,22.547215,-9.313638,0.0003608431,0.00019367777,0.0,0.018111618,2.5075562,-0.66196704,-0.7171911,-0.0005769825,-0.01214426,-0.016767275,0.030636989,-0.01601381,0.08420267,-1.215341,0.0064195,229.39902,9.524598,0.3641703,0.41362408,0.14134009,0.114445746,inf,inf,inf,inf,1,1,1,1,2,0,2,1,5,1,1,1,0,0
6992392000,6992392000,1032000,41.606704,-86.3556021,-0.66991955,23.78422,-9.661551,0.0003608431,0.00019367777,0.0,0.01791227,2.4992678,-0.6593726,-0.70834,-0.0005769825,-0.01214426,-0.016767275,0.035129897,0.038996078,-0.21843244,-1.2187867,0.0064195,229.39902,9.872512,0.38819584,0.42160887,0.15319924,0.11892088,inf,inf,inf,inf,1,1,1,1,2,0,2,1,5,1,1,1,0,0
6992896000,6992896000,1032000,41.606704,-86.3556021,-0.67188686,25.035286,-10.026571,0.0003608431,0.00019367777,0.0,0.018960338,2.50301,-0.66638964,-0.71954983,-0.0005769825,-0.01214426,-0.016767275,-0.030692847,0.1266705,-0.4363321,-1.226886,0.0064195,229.39902,10.237532,0.36836848,0.41799602,0.14322816,0.11552727,inf,inf,inf,inf,1,1,1,1,2,0,2,1,5,1,1,1,0,0
6993392000,6993392000,1032000,41.606704,-86.3556021,-0.6754203,26.268055,-10.382852,0.0003608431,0.00019367777,0.0,0.014797067,2.50862,-0.6618666,-0.71518904,-0.0005769825,-0.01214426,-0.016767275,0.017263228,0.01735789,0.054841794,-1.2322874,0.0064195,229.39902,10.593812,0.37088275,0.41697174,0.14466715,0.115734786,inf,inf,inf,inf,1,1,1,1,2,0,2,1,5,1,1,1,0,0
6993896000,6993896000,1032000,41.606704,-86.3556021,-0.67609143,27.52645,-10.734784,0.0003608431,0.00019367777,0.0,0.01875343,2.521431,-0.66835564,-0.71343184,-0.0005769825,-0.01214426,-0.016767275,0.017775292,0.003238335,0.084269725,-1.2379934,0.0064195,229.39902,10.9457445,0.37374216,0.41945863,0.14598116,0.1163611,inf,inf,inf,inf,1,1,1,1,2,0,2,1,5,1,1,1,0,0
6994392000,6994392000,1032000,41.606704,-86.3556021,-0.6760061,28.76729,-11.084752,0.0003608431,0.00019367777,0.0,0.019376652,2.518435,-0.67163354,-0.7136597,-0.0005769825,-0.01214426,-0.016767275,-0.0030950322,0.079958655,-0.050950855,-1.2463164,0.0064195,229.39902,11.295712,0.37565202,0.41833335,0.14675409,0.11639536,inf,inf,inf,inf,1,1,1,1,2,0,2,1,5,1,1,1,0,0
6994896000,6994896000,1032000,41.606704,-86.3556021,-0.6781061,30.018915,-11.451347,0.0003608431,0.00019367777,0.0,0.01743578,2.501501,-0.65758383,-0.7054226,-0.0005769825,-0.01214426,-0.016767275,0.0011157932,-0.13424593,0.0027473383,-1.2539041,0.0064195,229.39902,11.662308,0.37930447,0.4179355,0.14863086,0.11678366,inf,inf,inf,inf,1,1,1,1,2,0,2,1,5,1,1,1,0,0
6995392000,6995392000,1032000,41.606704,-86.3556021,-0.67889446,31.21942,-11.791317,0.0003608431,0.00019367777,0.0,0.02162422,2.3312545,-0.63003606,-0.6724844,-0.0005769825,-0.01214426,-0.016767275,0.027611945,-0.8121204,-0.040239714,-1.2613437,0.0064195,229.39902,12.002277,0.3804405,0.4197404,0.14853969,0.117026895,inf,inf,inf,inf,1,1,1,1,2,0,2,1,5,1,1,1,0,0
6995896000,6995896000,1032000,41.606704,-86.3556021,-0.6795939,32.253067,-12.100133,0.0003608431,0.00019367777,0.0,0.02317023,1.7404745,-0.47894737,-0.51890075,-0.0005769825,-0.01214426,-0.016767275,0.022640102,-1.5062094,0.5346517,-1.2668225,0.0064195,229.39902,12.311093,0.3627358,0.41362536,0.13996282,0.11361921,inf,inf,inf,inf,1,1,1,1,2,0,2,1,5,1,1,1,0,0
6996392000,6996392000,1032000,41.606704,-86.3556021,-0.6857741,32.920456,-12.295534,0.0003608431,0.00019367777,0.0,0.023577793,0.98551637,-0.26985386,-0.30453765,-0.0005769825,-0.01214426,-0.016767275,0.11442327,-1.347316,0.30847538,-1.2669182,0.0064195,229.39902,12.5064945,0.38672292,0.42160445,0.15227644,0.11806151,inf,inf,inf,inf,1,1,1,1,2,0,2,1,5,1,1,1,0,0
6996896000,6996896000,1032000,41.606704,-86.3556021,-0.7091398,33.253384,-12.419557,0.0003608431,0.00019367777,0.0,0.022692693,0.42946938,-0.1473556,-0.18440774,-0.0005769825,-0.01214426,-0.016767275,0.025238942,-0.8279919,0.08287367,-1.2728286,0.0064195,229.39902,12.630517,0.36725196,0.41523138,0.14288414,0.11455348,inf,inf,inf,inf,1,1,1,1,2,0,2,1,5,1,1,1,0,0
6997392000,6997392000,1032000,41.606704,-86.3556021,-0.7436446,33.35816,-12.480015,0.0003608431,0.00019367777,0.0,0.03983102,0.13001224,-0.080297455,-0.10617857,-0.0005769825,-0.01214426,-0.016767275,-0.0182901,-0.33741722,0.6560496,-1.2748225,0.0064195,229.39902,12.690975,0.36994568,0.41719896,0.14415932,0.11541048,inf,inf,inf,inf,1,1,1,1,2,0,2,1,5,1,1,1,0,0
6997896000,6997896000,1032000,41.606704,-86.3556021,-0.752854,33.36233,-12.515596,0.0003608431,0.00019367777,0.0,0.06408002,0.020402426,-0.056522343,-0.074490614,-0.0005769825,-0.01214426,-0.016767275,0.009912445,-0.030404178,-0.47093913,-1.2785124,0.0064195,229.39902,12.726557,0.37174782,0.41659904,0.14387475,0.115866125,inf,inf,inf,inf,1,1,1,1,2,0,2,1,5,1,1,1,0,0
6998392000,6998392000,1032000,41.606704,-86.3556021,-0.75974786,33.332073,-12.520702,0.0003608431,0.00019367777,0.0,0.030402567,-0.021139683,0.03831917,0.027797103,-0.0005769825,-0.01214426,-0.016767275,-0.1304693,-0.090011306,0.070707805,-1.2795881,0.0064195,229.39902,12.731663,0.37380967,0.4185534,0.14419189,0.11675132,inf,inf,inf,inf,1,1,1,1,2,0,2,1,5,1,1,1,0,0
6998896000,6998896000,1032000,41.606704,-86.3556021,-0.7769785,33.291477,-12.502512,0.0003608431,0.00019367777,0.0,0.0018158626,-0.019268122,0.019728068,0.013739993,-0.0005769825,-0.01214426,-0.016767275,-0.022955375,0.07938376,0.009920385,-1.2796903,0.0064195,229.39902,12.713472,0.37760812,0.41829538,0.14634554,0.11769072,inf,inf,inf,inf,1,1,1,1,2,0,2,1,5,1,1,1,0,0
6999392000,6999392000,1032000,41.606704,-86.3556021,-0.784785,33.262745,-12.497352,0.0003608431,0.00019367777,0.0,0.007844094,0.007778059,0.0013271477,-0.0037672822,-0.0005769825,-0.01214426,-0.016767275,0.122318186,0.12786546,0.049283665,-1.2791908,0.0064195,229.39902,12.708312,0.3789347,0.42013928,0.1468016,0.1183791,inf,inf,inf,inf,1,1,1,1,2,0,2,1,5,1,1,1,0,0
6999896000,6999896000,1032000,41.606704,-86.3556021,-0.7886928,33.25393,-12.486864,0.0003608431,0.00019367777,0.0,0.015956841,0.038850818,-0.013144413,-0.0076852376,-0.0005769825,-0.01214426,-0.016767275,0.028148146,0.047728304,-0.016196694,-1.2795855,0.0064195,229.39902,12.6978245,0.3617214,0.41388258,0.13904579,0.115178406,inf,inf,inf,inf,1,1,1,1,2,0,2,1,5,1,1,1,0,0
7000392000,7000392000,1032000,41.606704,-86.3556021,-0.7843859,33.265022,-12.48712,0.0003608431,0.00019367777,0.0,0.019341737,0.05478581,-0.021247761,-0.012751135,-0.0005769825,-0.01214426,-0.016767275,-0.0036590984,0.060786102,-0.03861642,-1.2795614,0.0064195,229.39902,12.69808,0.3841372,0.4214768,0.14985615,0.1197396,inf,inf,inf,inf,1,1,1,1,2,0,2,1,5,1,1,1,0,0
7000896000,7000896000,1032000,41.606704,-86.3556021,-0.76961005,33.27908,-12.482393,0.0003608431,0.00019367777,0.0,0.012725748,0.053256806,-0.026056278,-0.010051065,-0.0005769825,-0.01214426,-0.016767275,-0.15222366,-0.013616581,-0.112016745,-1.2802173,0.0064195,229.39902,12.693354,0.36545223,0.41500142,0.14096846,0.11620563,inf,inf,inf,inf,1,1,1,1,2,0,2,1,5,1,1,1,0,0
7001392000,7001392000,1032000,41.606704,-86.3556021,-0.7519623,33.29233,-12.479262,0.0003608431,0.00019367777,0.0,0.0019343911,0.04759714,-0.033467088,-0.010921965,-0.0005769825,-0.01214426,-0.016767275,-0.16403846,-0.07593387,-0.095229656,-1.2808498,0.0064195,229.39902,12.690223,0.3682899,0.4170511,0.14284873,0.11707377,inf,inf,inf,inf,1,1,1,1,2,0,2,1,5,1,1,1,0,0
7001896000,7001896000,1032000,41.606704,-86.3556021,-0.7340326,33.314186,-12.483493,0.0003608431,0.00019367777,0.0,-0.009171136,0.045138404,-0.027041743,-0.004660241,-0.0005769825,-0.01214426,-0.016767275,-0.058151063,-0.04886484,-0.154662,-1.281791,0.0064195,229.39902,12.694453,0.37030897,0.4166234,0.14343587,0.117421284,inf,inf,inf,inf,1,1,1,1,2,0,2,1,5,1,1,1,0,0
7002392000,7002392000,1032000,41.606704,-86.3556021,-0.71816236,33.341755,-12.4797945,0.0003608431,0.00019367777,0.0,-0.025463603,0.02821546,-0.037420902,-0.009013883,-0.0005769825,-0.01214426,-0.016767275,0.023553543,-0.034856774,0.011930179,-1.2819374,0.0064195,229.39902,12.690755,0.3726337,0.41871038,0.1446244,0.11812195,inf,inf,inf,inf,1,1,1,1,2,0,2,1,5,1,1,1,0,0
7002896000,7002896000,1032000,41.606704,-86.3556021,-0.71507376,33.361317,-12.4793,0.0003608431,0.00019367777,0.0,-0.040379576,0.009342285,-0.03514461,-0.0040513333,-0.0005769825,-0.01214426,-0.016767275,-0.04415055,-0.0537398,0.040403504,-1.2815833,0.0064195,229.39902,12.69026,0.37531444,0.4183777,0.14566118,0.11855406,inf,inf,inf,inf,1,1,1,1,2,0,2,1,5,1,1,1,0,0
7003392000,7003392000,1032000,41.606704,-86.3556021,-0.7113436,33.368214,-12.471717,0.0003608431,0.00019367777,0.0,-0.03964132,-0.007882868,-0.042000543,-0.0033065449,-0.0005769825,-0.01214426,-0.016767275,-0.035527,-0.011671578,-0.02444076,-1.2818574,0.0064195,229.39902,12.682677,0.3769886,0.4203194,0.14616825,0.119047806,inf,inf,inf,inf,1,1,1,1,2,0,2,1,5,1,1,1,0,0
7003896000,7003896000,1032000,41.606704,-86.3556021,-0.70778054,33.37178,-12.476541,0.0003608431,0.00019367777,0.0,-0.044049438,-0.012161223,-0.04550921,-0.009164249,-0.0005769825,-0.01214426,-0.016767275,-0.017169703,-0.026328733,-0.005515355,-1.2818925,0.0064195,229.39902,12.687501,0.36028236,0.41407424,0.13833998,0.115625374,inf,inf,inf,inf,1,1,1,1,2,0,2,1,5,1,1,1,0,0
7004392000,7004392000,1032000,41.606704,-86.3556021,-0.7110412,33.377377,-12.48107,0.0003608431,0.00019367777,0.0,-0.04749224,-0.011656925,-0.044447158,-0.009668152,-0.0005769825,-0.01214426,-0.016767275,-0.008408309,0.011969864,0.018725106,-1.2819952,0.0064195,229.39902,12.69203,0.38265228,0.42183408,0.14877686,0.12011291,inf,inf,inf,inf,1,1,1,1,2,0,2,1,5,1,1,1,0,0
7004896000,7004896000,1032000,41.606704,-86.3556021,-0.7076958,33.38349,-12.484345,0.0003608431,0.00019367777,0.0,-0.039714254,-0.014354742,-0.04014979,-0.006860155,-0.0005769825,-0.01214426,-0.016767275,-0.07386472,0.039578203,-0.023939708,-1.2816676,0.0064195,229.39902,12.695306,0.36439696,0.41536936,0.13990016,0.11646025,inf,inf,inf,inf,1,1,1,1,2,0,2,1,5,1,1,1,0,0
7005392000,7005392000,1032000,41.606704,-86.3556021,-0.70856816,33.38274,-12.486473,0.0003608431,0.00019367777,0.0,-0.044617835,-0.017362637,-0.03711343,-0.0049207527,-0.0005769825,-0.01214426,-0.016767275,-0.0081300605,0.0033986832,-0.15241657,-1.2811892,0.0064195,229.39902,12.697433,0.38838938,0.42043257,0.15126508,0.12080222,inf,inf,inf,inf,1,1,1,1,2,0,2,1,5,1,1,1,0,0
7005896000,7005896000,1032000,41.606704,-86.3556021,-0.71373904,33.381577,-12.485485,0.0003608431,0.00019367777,0.0,-0.038332418,-0.017640935,-0.030766543,0.0033743342,-0.0005769825,-0.01214426,-0.016767275,-0.08231952,-0.017502943,-0.18608016,-1.2810969,0.0064195,229.39902,12.696445,0.36838967,0.41693497,0.14133799,0.11730435,inf,inf,inf,inf,1,1,1,1,2,0,2,1,5,1,1,1,0,0
7006392000,7006392000,1032000,41.606704,-86.3556021,-0.72157776,33.374786,-12.477843,0.0003608431,0.00019367777,0.0,-0.03676821,-0.02028255,-0.036663875,0.0044650165,-0.0005769825,-0.01214426,-0.016767275,-0.12397637,-0.017726205,0.5677882,-1.281218,0.0064195,229.39902,12.688804,0.37086225,0.4160542,0.14273515,0.11762898,inf,inf,inf,inf,1,1,1,1,2,0,2,1,5,1,1,1,0,0
7006896000,7006896000,1032000,41.606704,-86.3556021,-0.7359556,33.37361,-12.480338,0.0003608431,0.00019367777,0.0,-0.030832518,-0.013660765,-0.045461908,-0.00614982,-0.0005769825,-0.01214426,-0.016767275,0.17651351,0.045833487,0.2734856,-1.2809602,0.0064195,229.39902,12.6912985,0.37367466,0.41874018,0.14400546,0.11840435,inf,inf,inf,inf,1,1,1,1,2,0,2,1,5,1,1,1,0,0
7007392000,7007392000,1032000,41.606704,-86.3556021,-0.74026924,33.37325,-12.475673,0.0003608431,0.00019367777,0.0,-0.01604497,-0.015841931,-0.041912444,0.0013014089,-0.0005769825,-0.01214426,-0.016767275,0.02958342,-0.00078931876,0.053846214,-1.2807875,0.0064195,229.39902,12.686633,0.37553748,0.4177348,0.14473046,0.118556134,inf,inf,inf,inf,1,1,1,1,2,0,2,1,5,1,1,1,0,0
7007896000,7007896000,1032000,41.606704,-86.3556021,-0.7408241,33.37061,-12.463943,0.0003608431,0.00019367777,0.0,-0.010549488,-0.01584604,-0.058112737,-0.0049783853,-0.0005769825,-0.01214426,-0.016767275,0.005438506,-0.038819518,-0.050163887,-1.28119,0.0064195,229.39902,12.674903,0.37912795,0.42038912,0.14669867,0.11943371,inf,inf,inf,inf,1,1,1,1,2,0,2,1,5,1,1,1,0,0
7008392000,7008392000,1032000,41.606704,-86.3556021,-0.7528481,33.365234,-12.459885,0.0003608431,0.00019367777,0.0,-0.008601308,-0.010240166,-0.05990116,-0.0026560496,-0.0005769825,-0.01214426,-0.016767275,-0.0017007532,-0.026020616,-0.048199728,-1.2808661,0.0064195,229.39902,12.670845,0.38023344,0.41920647,0.14672329,0.119400196,inf,inf,inf,inf,1,1,1,1,2,0,2,1,5,1,1,1,0,0
7008896000,7008896000,1032000,41.606704,-86.3556021,-0.7629348,33.369213,-12.446864,0.0003608431,0.00019367777,0.0,-0.0006619402,-0.004937143,-0.07211033,-0.0032253093,-0.0005769825,-0.01214426,-0.016767275,0.024674922,0.016961737,-0.061334174,-1.2805518,0.0064195,229.39902,12.6578245,0.36266002,0.4158226,0.13854536,0.11617684,inf,inf,inf,inf,1,1,1,1,2,0,2,1,5,1,1,1,0,0
7009392000,7009392000,1032000,41.606704,-86.3556021,-0.76812047,33.373135,-12.453445,0.0003608431,0.00019367777,0.0,0.009183368,-0.009248556,-0.074708335,-0.011635163,-0.0005769825,-0.01214426,-0.016767275,0.084100075,-0.011942033,0.09485699,-1.2805508,0.0064195,229.39902,12.664406,0.3864377,0.4238322,0.14995767,0.12087528,inf,inf,inf,inf,1,1,1,1,2,0,2,1,5,1,1,1,0,0
7009896000,7009896000,1032000,41.606704,-86.3556021,-0.77180415,33.384907,-12.46063,0.0003608431,0.00019367777,0.0,0.015867544,-0.010037629,-0.062960684,-0.004241728,-0.0005769825,-0.01214426,-0.016767275,0.008756375,-0.11726298,-0.08835091,-1.2805597,0.0064195,229.39902,12.671591,0.3671032,0.41704243,0.14048287,0.11702361,inf,inf,inf,inf,1,1,1,1,2,0,2,1,5,1,1,1,0,0
7010392000,7010392000,1032000,41.606704,-86.3556021,-0.7726307,33.39285,-12.463245,0.0003608431,0.00019367777,0.0,0.019525824,-0.018424688,-0.062258597,-0.0062401835,-0.0005769825,-0.01214426,-0.016767275,-0.1002878,-0.021734662,-0.15260842,-1.2804794,0.0064195,229.39902,12.674206,0.36978012,0.4160326,0.14201005,0.117376976,inf,inf,inf,inf,1,1,1,1,2,0,2,1,5,1,1,1,0,0
7010896000,7010896000,1032000,41.606704,-86.3556021,-0.7745849,33.390907,-12.476141,0.0003608431,0.00019367777,0.0,0.016275158,-0.023488024,-0.047335543,-0.002111603,-0.0005769825,-0.01214426,-0.016767275,0.0011577008,0.031541232,-0.08945732,-1.2802135,0.0064195,229.39902,12.687101,0.37156254,0.41847762,0.1423373,0.117921114,inf,inf,inf,inf,1,1,1,1,2,0,2,1,5,1,1,1,0,0
7011392000,7011392000,1032000,41.606704,-86.3556021,-0.7847455,33.387505,-12.473182,0.0003608431,0.00019367777,0.0,0.019939294,-0.022256613,-0.042514086,0.0059819343,-0.0005769825,-0.01214426,-0.016767275,-0.16094539,-0.052203227,0.71384096,-1.280554,0.0064195,229.39902,12.684142,0.37367803,0.41748047,0.14338692,0.11815564,inf,inf,inf,inf,1,1,1,1,2,0,2,1,5,1,1,1,0,0
7011896000,7011896000,1032000,41.606704,-86.3556021,-0.7955189,33.382973,-12.467261,0.0003608431,0.00019367777,0.0,0.029467411,-0.020693438,-0.055766482,-0.0032293834,-0.0005769825,-0.01214426,-0.016767275,-0.043449037,0.018770814,-0.6198045,-1.2805396,0.0064195,229.39902,12.678222,0.37740144,0.42029586,0.14553237,0.119132794,inf,inf,inf,inf,1,1,1,1,2,0,2,1,5,1,1,1,0,0
7012392000,7012392000,1032000,41.606704,-86.3556021,-0.7984993,33.37731,-12.475887,0.0003608431,0.00019367777,0.0,0.0364994,-0.020645149,-0.049527287,-0.004062447,-0.0005769825,-0.01214426,-0.016767275,-0.00765914,-0.019077156,0.074787,-1.2806339,0.0064195,229.39902,12.686848,0.37874132,0.41918287,0.14577912,0.119174115,inf,inf,inf,inf,1,1,1,1,2,0,2,1,5,1,1,1,0,0
7012896000,7012896000,1032000,41.606704,-86.3556021,-0.8073517,33.375896,-12.477858,0.0003608431,0.00019367777,0.0,0.041726157,-0.014209369,-0.046849333,-0.00288435,-0.0005769825,-0.01214426,-0.016767275,0.141532,-0.07370586,0.05490978,-1.2809435,0.0064195,229.39902,12.688818,0.3615946,0.41581973,0.13784993,0.11601056,inf,inf,inf,inf,1,1,1,1,2,0,2,1,5,1,1,1,0,0
7013392000,7013392000,1032000,41.606704,-86.3556021,-0.79946065,33.37645,-12.478545,0.0003608431,0.00019367777,0.0,0.030069984,-0.0038435138,0.000412535,0.037694186,-0.0005769825,-0.01214426,-0.016767275,0.01148393,0.028392963,-0.030474799,-1.2810065,0.0064195,229.39902,12.689506,0.38385117,0.4205442,0.14788345,0.12007227,inf,inf,inf,inf,1,1,1,1,2,0,2,1,5,1,1,1,0,0
7013896000,7013896000,1032000,41.606704,-86.3556021,-0.81051695,33.38494,-12.454647,0.0003608431,0.00019367777,0.0,0.021027373,0.0076913815,-0.02144057,0.02213944,-0.0005769825,-0.01214426,-0.016767275,0.122733556,-0.047968775,-0.084956236,-1.281498,0.0064195,229.39902,12.665607,0.36527708,0.41696188,0.13919802,0.116703086,inf,inf,inf,inf,1,1,1,1,2,0,2,1,5,1,1,1,0,0
7014392000,7014392000,1032000,41.606704,-86.3556021,-0.78320247,33.387737,-12.446832,0.0003608431,0.00019367777,0.0,0.23776875,0.007352671,-0.06019967,-0.012806628,-0.0005769825,-0.01214426,-0.016767275,0.86593384,0.02188299,-0.10271376,-1.282593,0.0064195,229.39902,12.657792,0.36815864,0.41599217,0.14120527,0.11711112,inf,inf,inf,inf,1,1,1,1,2,0,2,1,5,1,1,1,0,0
7014896000,7014896000,1032000,41.606704,-86.3556021,-0.5510517,33.385056,-12.463454,0.0003608431,0.00019367777,0.0,0.8676706,0.0066247466,-0.119363174,-0.0688659,-0.0005769825,-0.01214426,-0.016767275,1.6561898,0.030064294,-0.18337746,-1.2864485,0.0064195,229.39902,12.674415,0.37015945,0.4184835,0.14239417,0.117607474,inf,inf,inf,inf,1,1,1,1,2,0,2,1,5,1,1,1,0,0
7015392000,7015392000,1032000,41.606704,-86.3556021,0.02518916,33.371735,-12.499238,0.0003608431,0.00019367777,0.0,1.6173156,0.007640581,-0.15629397,-0.09838479,-0.0005769825,-0.01214426,-0.016767275,1.3420612,0.015908701,-0.00096118805,-1.2884681,0.0064195,229.39902,12.710198,0.37247607,0.41745734,0.14480092,0.117608346,inf,inf,inf,inf,1,1,1,1,2,0,2,1,5,1,1,1,0,0
7015896000,7015896000,1032000,41.606704,-86.3556021,0.94910425,33.3559,-12.544379,0.0003608431,0.00019367777,0.0,2.141178,0.027018754,-0.12974706,-0.07410625,-0.0005769825,-0.01214426,-0.016767275,0.85181594,0.05433887,0.012013067,-1.2866752,0.0064195,229.39902,12.75534,0.3751288,0.41700095,0.14641507,0.11769858,inf,inf,inf,inf,1,1,1,1,2,0,2,1,5,1,1,1,0,0
7016392000,7016392000,1032000,41.606704,-86.3556021,2.0677814,33.33777,-12.571208,0.0003608431,0.00019367777,0.0,2.4088268,0.04036964,-0.07856164,-0.026636375,-0.0005769825,-0.01214426,-0.016767275,0.46431443,0.08704052,0.30166927,-1.29027,0.0064195,229.39902,12.782168,0.3768058,0.4189179,0.14653032,0.1179917,inf,inf,inf,inf,1,1,1,1,2,0,2,1,5,1,1,1,0,0
7016896000,7016896000,1032000,41.606704,-86.3556021,3.2959805,33.31627,-12.579222,0.0003608431,0.00019367777,0.0,2.5080228,0.053167257,-0.04167701,0.004983774,-0.0005769825,-0.01214426,-0.016767275,0.1532707,0.045847844,0.05311885,-1.2944787,0.0064195,229.39902,12.790182,0.36015725,0.41565016,0.13802357,0.11489442,inf,inf,inf,inf,1,1,1,1,2,0,2,1,5,1,1,1,0,0
7017392000,7017392000,1032000,41.606704,-86.3556021,4.547873,33.314373,-12.5833845,0.0003608431,0.00019367777,0.0,2.5424113,0.07526437,-0.013516229,0.021512408,-0.0005769825,-0.01214426,-0.016767275,0.071722984,0.060064662,0.04142982,-1.3047371,0.0064195,229.39902,12.794345,0.38243017,0.42025393,0.14788689,0.11891627,inf,inf,inf,inf,1,1,1,1,2,0,2,1,5,1,1,1,0,0
7017896000,7017896000,1032000,41.606704,-86.3556021,5.8265715,33.320095,-12.581723,0.0003608431,0.00019367777,0.0,2.5605278,0.0724751,-0.0026380846,0.022615613,-0.0005769825,-0.01214426,-0.016767275,-0.060495973,-0.016340137,0.0041042753,-1.3177223,0.0064195,229.39902,12.792684,0.36425558,0.41671228,0.13902591,0.115685515,inf,inf,inf,inf,1,1,1,1,2,0,2,1,5,1,1,1,0,0
7018392000,7018392000,1032000,41.606704,-86.3556021,7.096776,33.336784,-12.580627,0.0003608431,0.00019367777,0.0,2.5628893,0.07593237,0.004615599,0.020392245,-0.0005769825,-0.01214426,-0.016767275,0.05697323,-0.0014063787,0.016376311,-1.3246261,0.0064195,229.39902,12.791588,0.3880614,0.42161715,0.15030526,0.11999705,inf,inf,inf,inf,1,1,1,1,2,0,2,1,5,1,1,1,0,0
7018896000,7018896000,1032000,41.606704,-86.3556021,8.367526,33.35397,-12.579673,0.0003608431,0.00019367777,0.0,2.5452504,0.061626386,0.0088183535,0.015867813,-0.0005769825,-0.01214426,-0.016767275,-0.005709615,-0.014822788,0.21965143,-1.344902,0.0064195,229.39902,12.790633,0.368192,0.41511112,0.14071827,0.11623307,inf,inf,inf,inf,1,1,1,1,2,0,2,1,5,1,1,1,0,0
7019392000,7019392000,1032000,41.606704,-86.3556021,9.608744,33.36965,-12.575197,0.0003608431,0.00019367777,0.0,2.547555,0.044093866,0.0034965181,0.009658965,-0.0005769825,-0.01214426,-0.016767275,-0.020138254,0.025825815,-0.052040502,-1.3561306,0.0064195,229.39902,12.786158,0.37068257,0.41708094,0.14244209,0.11691898,inf,inf,inf,inf,1,1,1,1,2,0,2,1,5,1,1,1,0,0
7019896000,7019896000,1032000,41.606704,-86.3556021,10.873365,33.382664,-12.581937,0.0003608431,0.00019367777,0.0,2.5468664,0.036364462,0.005465848,0.0038178805,-0.0005769825,-0.01214426,-0.016767275,0.04919363,0.019097611,-0.04466722,-1.3646051,0.0064195,229.39902,12.792897,0.3734655,0.41660836,0.14400804,0.11730646,inf,inf,inf,inf,1,1,1,1,2,0,2,1,5,1,1,1,0,0
7020392000,7020392000,1032000,41.606704,-86.3556021,12.079371,33.407333,-12.580828,0.0003608431,0.00019367777,0.0,2.368914,0.02798377,0.049662896,0.04102043,-0.0005769825,-0.01214426,-0.016767275,-0.70576656,-0.09906149,0.14315818,-1.387665,0.0064195,229.39902,12.791788,0.37531552,0.4184466,0.14506473,0.11778951,inf,inf,inf,inf,1,1,1,1,2,0,2,1,5,1,1,1,0,0
7020896000,7020896000,1032000,41.606704,-86.3556021,13.119973,33.43113,-12.562006,0.0003608431,0.00019367777,0.0,1.7873504,0.008903542,0.07852195,0.06080708,-0.0005769825,-0.01214426,-0.016767275,-1.6666995,-0.108695604,0.26322523,-1.3982846,0.0064195,229.39902,12.772966,0.37889233,0.42098245,0.1483051,0.11863152,inf,inf,inf,inf,1,1,1,1,2,0,2,1,5,1,1,1,0,0
7021392000,7021392000,1032000,41.606704,-86.3556021,13.807276,33.45125,-12.545377,0.0003608431,0.00019367777,0.0,1.0342872,-0.00073009334,0.05691297,0.0318587,-0.0005769825,-0.01214426,-0.016767275,-1.4203829,-0.07019013,-0.11098577,-1.4038419,0.0064195,229.39902,12.756337,0.3799743,0.4195621,0.15048152,0.11842842,inf,inf,inf,inf,1,1,1,1,2,0,2,1,5,1,1,1,0,0
7021896000,7021896000,1032000,41.606704,-86.3556021,14.151189,33.48767,-12.548824,0.0003608431,0.00019367777,0.0,0.46327758,-0.013567813,0.019819498,-0.01157745,-0.0005769825,-0.01214426,-0.016767275,-0.77501565,-0.090546735,0.012529951,-1.427222,0.0064195,229.39902,12.759785,0.3624231,0.41601372,0.14287621,0.11508459,inf,inf,inf,inf,1,1,1,1,2,0,2,1,5,1,1,1,0,0
7022392000,7022392000,1032000,41.606704,-86.3556021,14.270256,33.50647,-12.555009,0.0003608431,0.00019367777,0.0,0.15324585,-0.044784565,0.012274296,-0.01601783,-0.0005769825,-0.01214426,-0.016767275,-0.30229887,-0.17259662,-0.026971163,-1.4418052,0.0064195,229.39902,12.765969,0.38487473,0.42348927,0.15334399,0.1192702,inf,inf,inf,inf,1,1,1,1,2,0,2,1,5,1,1,1,0,0
7022896000,7022896000,1032000,41.606704,-86.3556021,14.256918,33.522495,-12.553163,0.0003608431,0.00019367777,0.0,0.030822378,-0.060962755,0.0042779217,-0.013183856,-0.0005769825,-0.01214426,-0.016767275,-0.050822053,0.03045244,0.01327594,-1.4542662,0.0064195,229.39902,12.764123,0.36586535,0.41672552,0.14246151,0.11559623,inf,inf,inf,inf,1,1,1,1,2,0,2,1,5,1,1,1,0,0
7023392000,7023392000,1032000,41.606704,-86.3556021,14.209663,33.531162,-12.534161,0.0003608431,0.00019367777,0.0,-0.033014815,-0.028545344,0.04372935,0.041312017,-0.0005769825,-0.01214426,-0.016767275,-0.15599209,0.113833055,-0.061623815,-1.4596666,0.0064195,229.39902,12.745121,0.36863545,0.41847774,0.14296466,0.116381906,inf,inf,inf,inf,1,1,1,1,2,0,2,1,5,1,1,1,0,0
7023896000,7023896000,1032000,41.606704,-86.3556021,14.147031,33.549786,-12.509299,0.0003608431,0.00019367777,0.0,-0.06194763,-0.013931197,0.057105396,0.05902578,-0.0005769825,-0.01214426,-0.016767275,0.036101848,-0.155387,0.092470944,-1.4584419,0.0064195,229.39902,12.72026,0.37057656,0.41767737,0.14278953,0.116711475,inf,inf,inf,inf,1,1,1,1,2,0,2,1,5,1,1,1,0,0
7024392000,7024392000,1032000,41.606704,-86.3556021,14.057773,33.53397,-12.426464,0.0003608431,0.00019367777,0.0,-0.18454048,-0.21365552,0.28417823,0.2864513,-0.0005769825,-0.01214426,-0.016767275,-0.47237006,-0.8023961,1.2095485,-1.4632435,0.0064195,229.39902,12.637424,0.37278706,0.41946077,0.14298332,0.117427886,inf,inf,inf,inf,1,1,1,1,2,0,2,1,5,1,1,1,0,0
7024896000,7024896000,1032000,41.606704,-86.3556021,13.870642,33.310547,-12.241039,0.0003608431,0.00019367777,0.0,-0.4640446,-0.81941813,0.3947033,0.40210575,-0.0005769825,-0.01214426,-0.016767275,-0.49402854,-1.4758186,0.034502644,-1.462444,0.0064195,229.39902,12.452,0.37526947,0.41884348,0.1441697,0.11771655,inf,inf,inf,inf,1,1,1,1,2,0,2,1,5,1,1,1,0,0
7025392000,7025392000,1032000,41.606704,-86.3556021,13.544804,32.752567,-12.009251,0.0003608431,0.00019367777,0.0,-0.6960069,-1.5186108,0.45875055,0.48197392,-0.0005769825,-0.01214426,-0.016767275,-0.30846795,-1.2805882,0.121409,-1.4695387,0.0064195,229.39902,12.220211,0.37679255,0.41766107,0.14569184,0.11760736,inf,inf,inf,inf,1,1,1,1,2,0,2,1,5,1,1,1,0,0
7025896000,7025896000,1032000,41.606704,-86.3556021,13.119213,31.871,-11.709152,0.0003608431,0.00019367777,0.0,-0.82528734,-2.0245478,0.54781204,0.59661615,-0.0005769825,-0.01214426,-0.016767275,-0.123810045,-0.7000166,0.11495028,-1.4783528,0.0064195,229.39902,11.920113,0.36003637,0.41439784,0.13821895,0.11440414,inf,inf,inf,inf,1,1,1,1,2,0,2,1,5,1,1,1,0,0
7026392000,7026392000,1032000,41.606704,-86.3556021,12.665696,30.796608,-11.382027,0.0003608431,0.00019367777,0.0,-0.88814783,-2.3132272,0.6226215,0.6779348,-0.0005769825,-0.01214426,-0.016767275,-0.13034171,-0.45759854,0.14161871,-1.4801975,0.0064195,229.39902,11.592987,0.38215253,0.42184514,0.14853854,0.11863501,inf,inf,inf,inf,1,1,1,1,2,0,2,1,5,1,1,1,0,0
7026896000,7026896000,1032000,41.606704,-86.3556021,12.166067,29.586306,-11.008121,0.0003608431,0.00019367777,0.0,-0.92882574,-2.4554965,0.67767686,0.74341804,-0.0005769825,-0.01214426,-0.016767275,0.051952776,-0.107453294,-0.008129577,-1.4849583,0.0064195,229.39902,11.219081,0.36405018,0.41520882,0.13957965,0.11503718,inf,inf,inf,inf,1,1,1,1,2,0,2,1,5,1,1,1,0,0
7027392000,7027392000,1032000,41.606704,-86.3556021,11.668915,28.34268,-10.617744,0.0003608431,0.00019367777,0.0,-0.94071895,-2.500857,0.68946165,0.764591,-0.0005769825,-0.01214426,-0.016767275,-0.017360937,-0.12378717,-0.091362804,-1.4733814,0.0064195,229.39902,10.828705,0.38780347,0.4228607,0.15098286,0.1196652,inf,inf,inf,inf,1,1,1,1,2,0,2,1,5,1,1,1,0,0
7027896000,7027896000,1032000,41.606704,-86.3556021,11.166044,27.051752,-10.21714,0.0003608431,0.00019367777,0.0,-0.9574115,-2.525954,0.70360607,0.7852333,-0.0005769825,-0.01214426,-0.016767275,-0.0051067406,0.038982023,-0.0147158895,-1.4742253,0.0064195,229.39902,10.428101,0.36800775,0.41616508,0.14138098,0.115948975,inf,inf,inf,inf,1,1,1,1,2,0,2,1,5,1,1,1,0,0
7028392000,7028392000,1032000,41.606704,-86.3556021,10.670755,25.783096,-9.818511,0.0003608431,0.00019367777,0.0,-0.97826463,-2.5294785,0.6934756,0.7817163,-0.0005769825,-0.01214426,-0.016767275,-0.007524592,0.0593648,-0.036587067,-1.4648705,0.0064195,229.39902,10.029471,0.37047136,0.41793972,0.14322184,0.116668634,inf,inf,inf,inf,1,1,1,1,2,0,2,1,5,1,1,1,0,0
7028896000,7028896000,1032000,41.606704,-86.3556021,10.164696,24.492819,-9.417893,0.0003608431,0.00019367777,0.0,-0.99191535,-2.5211887,0.68397814,0.776252,-0.0005769825,-0.01214426,-0.016767275,-0.044787575,0.071880125,-0.10760414,-1.4455072,0.0064195,229.39902,9.628854,0.3732949,0.41730294,0.14499646,0.11712757,inf,inf,inf,inf,1,1,1,1,2,0,2,1,5,1,1,1,0,0
7029392000,7029392000,1032000,41.606704,-86.3556021,9.667655,23.227663,-9.018236,0.0003608431,0.00019367777,0.0,-1.007577,-2.5176082,0.6734056,0.7766378,-0.0005769825,-0.01214426,-0.016767275,-0.061919115,-0.06017906,-0.053642377,-1.4449735,0.0064195,229.39902,9.229197,0.37519816,0.41910297,0.14622639,0.11767787,inf,inf,inf,inf,1,1,1,1,2,0,2,1,5,1,1,1,0,0
7029896000,7029896000,1032000,41.606704,-86.3556021,9.16339,21.946663,-8.623886,0.0003608431,0.00019367777,0.0,-1.021455,-2.5103476,0.64712375,0.7544249,-0.0005769825,-0.01214426,-0.016767275,0.02752617,0.030282322,-0.12447597,-1.4307337,0.0064195,229.39902,8.8348465,0.37885112,0.41871688,0.14862595,0.11823489,inf,inf,inf,inf,1,1,1,1,2,0,2,1,5,1,1,1,0,0
7030392000,7030392000,1032000,41.606704,-86.3556021,8.666321,20.691994,-8.243385,0.0003608431,0.00019367777,0.0,-1.023304,-2.4971266,0.6424141,0.75302124,-0.0005769825,-0.01214426,-0.016767275,-0.04601413,0.04851417,-0.10103459,-1.4136069,0.0064195,229.39902,8.454346,0.37996462,0.4204225,0.14886686,0.11852467,inf,inf,inf,inf,1,1,1,1,2,0,2,1,5,1,1,1,0,0
7030896000,7030896000,1032000,41.606704,-86.3556021,8.166854,19.4205,-7.855536,0.0003608431,0.00019367777,0.0,-1.033727,-2.4934015,0.63622564,0.75298274,-0.0005769825,-0.01214426,-0.016767275,-0.081689015,0.009997189,-0.1067585,-1.4101392,0.0064195,229.39902,8.066496,0.36241588,0.41415894,0.14051574,0.11497065,inf,inf,inf,inf,1,1,1,1,2,0,2,1,5,1,1,1,0,0
7031392000,7031392000,1032000,41.606704,-86.3556021,7.6626863,18.175179,-7.490257,0.0003608431,0.00019367777,0.0,-1.0526062,-2.4913487,0.6240968,0.7334799,-0.0005769825,-0.01214426,-0.016767275,-0.026305549,-0.037262835,-0.05691132,-1.3918248,0.0064195,229.39902,7.7012167,0.38631648,0.4220857,0.15244201,0.11950186,inf,inf,inf,inf,1,1,1,1,2,0,2,1,5,1,1,1,0,0
7031896000,7031896000,1032000,41.606704,-86.3556021,7.1402173,16.917038,-7.1224265,0.0003608431,0.00019367777,0.0,-1.0474058,-2.4787195,0.6364457,0.74033797,-0.0005769825,-0.01214426,-0.016767275,0.024432663,-0.07579183,-0.055973478,-1.3763839,0.0064195,229.39902,7.3333864,0.36699298,0.4156151,0.14263721,0.11567236,inf,inf,inf,inf,1,1,1,1,2,0,2,1,5,1,1,1,0,0
7032392000,7032392000,1032000,41.606704,-86.3556021,6.627524,15.674641,-6.7564707,0.0003608431,0.00019367777,0.0,-1.0464914,-2.4913657,0.6372009,0.73762697,-0.0005769825,-0.01214426,-0.016767275,-0.008250157,0.019200768,-0.09163568,-1.3705848,0.0064195,229.39902,6.9674306,0.36974642,0.41482854,0.14420544,0.11591047,inf,inf,inf,inf,1,1,1,1,2,0,2,1,5,1,1,1,0,0
7032896000,7032896000,1032000,41.606704,-86.3556021,6.105649,14.41311,-6.3915405,0.0003608431,0.00019367777,0.0,-1.0409814,-2.4916809,0.65363365,0.74602646,-0.0005769825,-0.01214426,-0.016767275,-0.052655056,-0.0006173597,-0.15172088,-1.3497761,0.0064195,229.39902,6.6025004,0.3715301,0.4172721,0.14442617,0.1162438,inf,inf,inf,inf,1,1,1,1,2,0,2,1,5,1,1,1,0,0
7033392000,7033392000,1032000,41.606704,-86.3556021,5.5877705,13.179553,-6.026328,0.0003608431,0.00019367777,0.0,-1.0358157,-2.4892378,0.65292513,0.7410771,-0.0005769825,-0.01214426,-0.016767275,-0.031458654,-0.08623358,-0.17945659,-1.3360255,0.0064195,229.39902,6.237288,0.37371817,0.41916886,0.14548968,0.11658162,inf,inf,inf,inf,1,1,1,1,2,0,2,1,5,1,1,1,0,0
7033896000,7033896000,1032000,41.606704,-86.3556021,5.0602856,11.920761,-5.6581345,0.0003608431,0.00019367777,0.0,-1.0213912,-2.4915917,0.65763646,0.74016035,-0.0005769825,-0.01214426,-0.016767275,-0.10637659,-0.044659376,-0.13155961,-1.3231428,0.0064195,229.39902,5.8690944,0.37765467,0.41872802,0.14768937,0.11690007,inf,inf,inf,inf,1,1,1,1,2,0,2,1,5,1,1,1,0,0
7034392000,7034392000,1032000,41.606704,-86.3556021,4.5391245,10.679959,-5.2918797,0.0003608431,0.00019367777,0.0,-1.0188892,-2.5002108,0.66840327,0.74949706,-0.0005769825,-0.01214426,-0.016767275,-0.10816361,-0.058591932,-0.15536422,-1.3010426,0.0064195,229.39902,5.5028396,0.3790168,0.42037043,0.14777678,0.11700286,inf,inf,inf,inf,1,1,1,1,2,0,2,1,5,1,1,1,0,0
7034896000,7034896000,1032000,41.606704,-86.3556021,3.9944477,9.404191,-4.9077835,0.0003608431,0.00019367777,0.0,-1.0158535,-2.5106888,0.6687644,0.7552895,-0.0005769825,-0.01214426,-0.016767275,0.02578007,-0.060549047,-0.0764514,-1.291826,0.0064195,229.39902,5.1187434,0.36176315,0.4139636,0.13952202,0.11340892,inf,inf,inf,inf,1,1,1,1,2,0,2,1,5,1,1,1,0,0
7035392000,7035392000,1032000,41.606704,-86.3556021,3.4705892,8.149104,-4.5400643,0.0003608431,0.00019367777,0.0,-0.9909256,-2.4903386,0.6613601,0.7441577,-0.0005769825,-0.01214426,-0.016767275,0.015124433,0.003921316,-0.0837064,-1.2746149,0.0064195,229.39902,4.7510242,0.3842027,0.42135823,0.15003332,0.11731267,inf,inf,inf,inf,1,1,1,1,2,0,2,1,5,1,1,1,0,0
7035896000,7035896000,1032000,41.606704,-86.3556021,2.9501684,6.879094,-4.1629176,0.0003608431,0.00019367777,0.0,-0.9795908,-2.485725,0.66366357,0.7467857,-0.0005769825,-0.01214426,-0.016767275,-0.062646806,-0.027351702,-0.15676026,-1.2572864,0.0064195,229.39902,4.3738775,0.36542827,0.41765133,0.14085592,0.113896236,inf,inf,inf,inf,1,1,1,1,2,0,2,1,5,1,1,1,0,0
7036392000,7036392000,1032000,41.606704,-86.3556021,2.4375706,5.6313205,-3.79585,0.0003608431,0.00019367777,0.0,-0.9834761,-2.4849002,0.6678329,0.7473535,-0.0005769825,-0.01214426,-0.016767275,-0.08589074,-0.005075477,-0.07803837,-1.2508968,0.0064195,229.39902,4.00681,0.36828315,0.4163613,0.14258544,0.113989875,inf,inf,inf,inf,1,1,1,1,2,0,2,1,5,1,1,1,0,0
7036896000,7036896000,1032000,41.606704,-86.3556021,1.9169475,4.360999,-3.4255862,0.0003608431,0.00019367777,0.0,-0.98724884,-2.4943855,0.6782954,0.7515357,-0.0005769825,-0.01214426,-0.016767275,-0.04573322,-0.03600241,-0.07160759,-1.2306861,0.0064195,229.39902,3.6365461,0.37030447,0.41561815,0.14305136,0.11398013,inf,inf,inf,inf,1,1,1,1,2,0,2,1,5,1,1,1,0,0
7037392000,7037392000,1032000,41.606704,-86.3556021,1.4065089,3.1116936,-3.0597672,0.0003608431,0.00019367777,0.0,-0.97679746,-2.4849417,0.68025297,0.7477577,-0.0005769825,-0.01214426,-0.016767275,0.01910893,0.04727597,-0.065914415,-1.2076032,0.0064195,229.39902,3.2707272,0.3726232,0.41738054,0.14425686,0.114354044,inf,inf,inf,inf,1,1,1,1,2,0,2,1,5,1,1,1,0,0
7037896000,7037896000,1032000,41.606704,-86.3556021,0.89816177,1.8598522,-2.694341,0.0003608431,0.00019367777,0.0,-0.9785036,-2.453167,0.7001031,0.7561908,-0.0005769825,-0.01214426,-0.016767275,0.07406529,0.19187324,-0.07556292,-1.1982381,0.0064195,229.39902,2.9053009,0.37522367,0.41969946,0.14524566,0.11481281,inf,inf,inf,inf,1,1,1,1,2,0,2,1,5,1,1,1,0,0
7038392000,7038392000,1032000,41.606704,-86.3556021,0.39472443,0.67671883,-2.3249648,0.0003608431,0.00019367777,0.0,-0.9714351,-2.2289462,0.7700303,0.8111304,-0.0005769825,-0.01214426,-0.016767275,0.16473456,0.8782996,-0.01573569,-1.1853025,0.0064195,229.39902,2.5359247,0.3768219,0.41830406,0.14572056,0.114701055,inf,inf,inf,inf,1,1,1,1,2,0,2,1,5,1,1,1,0,0
7038896000,7038896000,1032000,41.606704,-86.3556021,-0.08324717,-0.32438788,-1.9341059,0.0003608431,0.00019367777,0.0,-0.81610274,-1.5993127,0.6570039,0.69429475,-0.0005769825,-0.01214426,-0.016767275,0.4671064,1.482124,-0.7251436,-1.1593102,0.0064195,229.39902,2.1450658,0.36010918,0.41506207,0.13891585,0.11182584,inf,inf,inf,inf,1,1,1,1,2,0,2,1,5,1,1,1,0,0
7039392000,7039392000,1032000,41.606704,-86.3556021,-0.42518285,-0.95081353,-1.678405,0.0003608431,0.00019367777,0.0,-0.5067498,-0.8554438,0.32213458,0.35642123,-0.0005769825,-0.01214426,-0.016767275,0.64856726,1.3904624,-0.6780392,-1.14305,0.0064195,229.39902,1.889365,0.38259652,0.41934073,0.15206584,0.11550124,inf,inf,inf,inf,1,1,1,1,2,0,2,1,5,1,1,1,0,0
7039896000,7039896000,1032000,41.606704,-86.3556021,-0.6092966,-1.2565871,-1.569368,0.0003608431,0.00019367777,0.0,-0.21937072,-0.29341903,0.101730086,0.13066874,-0.0005769825,-0.01214426,-0.016767275,0.48235676,0.824854,-0.26495108,-1.1205959,0.0064195,229.39902,1.780328,0.36426827,0.41591367,0.14378366,0.11265868,inf,inf,inf,inf,1,1,1,1,2,0,2,1,5,1,1,1,0,0
7040392000,7040392000,1032000,41.606704,-86.3556021,-0.6634621,-1.3274634,-1.5407902,0.0003608431,0.00019367777,0.0,-0.045877628,0.008863875,0.01460771,0.036236584,-0.0005769825,-0.01214426,-0.016767275,0.17454818,0.42268133,-0.15975633,-1.097016,0.0064195,229.39902,1.7517502,0.38860643,0.42041433,0.15544242,0.11688428,inf,inf,inf,inf,1,1,1,1,2,0,2,1,5,1,1,1,0,0
7040896000,7040896000,1032000,41.606704,-86.3556021,-0.64890313,-1.2911555,-1.549275,0.0003608431,0.00019367777,0.0,0.019155815,0.10897694,0.0077388003,0.011921463,-0.0005769825,-0.01214426,-0.016767275,0.080334626,0.04062165,-0.07677177,-1.0981162,0.0064195,229.39902,1.7602351,0.3685002,0.41682976,0.14355366,0.11415956,inf,inf,inf,inf,1,1,1,1,2,0,2,1,5,1,1,1,0,0
7041392000,7041392000,1032000,41.606704,-86.3556021,-0.61810094,-1.2287906,-1.4871943,0.0003608431,0.00019367777,0.0,0.03341606,0.12753095,0.5456824,0.528549,-0.0005769825,-0.01214426,-0.016767275,0.02289194,-0.114527166,2.0981667,-1.1005096,0.0064195,229.39902,1.6981542,0.3710343,0.41568553,0.1425938,0.11498622,inf,inf,inf,inf,1,1,1,1,2,0,2,1,5,1,1,1,0,0
7041896000,7041896000,1032000,41.606704,-86.3556021,-0.59285724,-1.1828291,-1.1280668,0.0003608431,0.00019367777,0.0,-0.00062722433,0.050796468,0.74426407,0.71037793,-0.0005769825,-0.01214426,-0.016767275,-0.15989058,-0.26535913,-1.0330044,-1.0999395,0.0064195,229.39902,1.3390267,0.37369087,0.41815603,0.14207815,0.11626255,inf,inf,inf,inf,1,1,1,1,2,0,2,1,5,1,1,1,0,0
7042392000,7042392000,1032000,41.606704,-86.3556021,-0.58614683,-1.1632026,-0.81478477,0.0003608431,0.00019367777,0.0,-0.025911262,0.012185612,0.6854955,0.6418958,-0.0005769825,-0.01214426,-0.016767275,-0.038779985,-0.050506882,0.054363098,-1.0982037,0.0064195,229.39902,1.0257447,0.37543166,0.41711503,0.14336234,0.116896845,inf,inf,inf,inf,1,1,1,1,2,0,2,1,5,1,1,1,0,0
7042896000,7042896000,1032000,41.606704,-86.3556021,-0.5907962,-1.164835,-0.5048648,0.0003608431,0.00019367777,0.0,-0.037404425,-0.03281436,0.71094066,0.6565931,-0.0005769825,-0.01214426,-0.016767275,0.03577267,-0.056801915,0.0897757,-1.097267,0.0064195,229.39902,0.7158248,0.37887597,0.41976473,0.14547911,0.11816825,inf,inf,inf,inf,1,1,1,1,2,0,2,1,5,1,1,1,0,0
7043392000,7043392000,1032000,41.606704,-86.3556021,-0.5979676,-1.1855744,-0.17964427,0.0003608431,0.00019367777,0.0,-0.034693327,-0.0493163,0.7107798,0.6584973,-0.0005769825,-0.01214426,-0.016767275,0.035585247,-0.017749628,0.14038564,-1.0967814,0.0064195,229.39902,0.39060426,0.37985006,0.41850892,0.14585562,0.11841762,inf,inf,inf,inf,1,1,1,1,2,0,2,1,5,1,1,1,0,0
7043896000,7043896000,1032000,41.606704,-86.3556021,-0.60217077,-1.2089114,0.14424898,0.0003608431,0.00019367777,0.0,-0.038448215,-0.05419282,0.71186113,0.6548505,-0.0005769825,-0.01214426,-0.016767275,0.05524742,-0.026684707,0.06938626,-1.0969689,0.0064195,229.39902,0.1,0.3623642,0.41515994,0.13815336,0.11546542,inf,inf,inf,inf,1,1,1,1,2,0,2,1,5,1,1,1,0,0
7044392000,7044392000,1032000,41.606704,-86.3556021,-0.61532885,-1.22663,0.2819097,0.0003608431,0.00019367777,0.0,-0.029738959,0.00013139452,0.12351273,0.12926169,-0.0005769825,-0.01214426,-0.016767275,-0.012996928,0.00956152,0.47410363,-1.0991918,0.0064195,229.39902,0.11016005,0.38603488,0.4225151,0.15237519,0.11367821,inf,inf,inf,inf,1,1,1,1,2,0,2,1,5,1,1,1,0,0
7044896000,7044896000,1032000,41.606704,-86.3556021,-0.61861223,-1.23643,0.3137756,0.0003608431,0.00019367777,0.0,-0.03057438,-0.00048331713,0.13402165,0.105622984,-0.0005769825,-0.01214426,-0.016767275,-0.044886608,0.04094213,0.29417863,-1.097978,0.0064195,229.39902,0.1,0.3668254,0.41574755,0.14509733,0.10417481,inf,inf,inf,inf,1,1,1,1,2,0,2,1,5,1,1,1,0,0
7045392000,7045392000,1032000,41.606704,-86.3556021,-0.6181157,-1.2405092,0.31041998,0.0003608431,0.00019367777,0.0,-0.021867596,-0.0031558692,0.12996015,0.05905722,-0.0005769825,-0.01214426,-0.016767275,0.0037551194,0.07737361,0.41254136,-1.0975822,0.0064195,229.39902,0.1,0.36958748,0.41365325,0.15070298,0.10088183,inf,inf,inf,inf,1,1,1,1,2,0,2,1,5,1,1,1,0,0
7045896000,7045896000,1032000,41.606704,-86.3556021,-0.61974096,-1.2410488,0.32064378,0.0003608431,0.00019367777,0.0,-0.012523289,-0.004387602,0.13412632,0.04820118,-0.0005769825,-0.01214426,-0.016767275,0.09875312,-0.02668971,-0.85836,-1.0977677,0.0064195,229.39902,0.1,0.3715143,0.41461304,0.15439515,0.09997775,inf,inf,inf,inf,1,1,1,1,2,0,2,1,5,1,1,1,0,0
7046392000,7046392000,1032000,41.606704,-86.3556021,-0.6163706,-1.2402177,0.31993458,0.0003608431,0.00019367777,0.0,-0.00941843,-0.005020431,0.12873259,0.026834454,-0.0005769825,-0.01214426,-0.016767275,-0.0034285968,0.0011023085,-0.07773197,-1.0975547,0.0064195,229.39902,0.1,0.37395862,0.4119821,0.15801547,0.10043787,inf,inf,inf,inf,1,1,1,1,2,0,2,1,5,0,1,1,1,0
7046896000,7046896000,1032000,41.606704,-86.3556021,-0.6096405,-1.2401506,0.20364676,0.0003608431,0.00019367777,0.0,-0.0019581649,-0.0033663241,0.075180106,-0.14255577,-0.0005769825,-0.01214426,-0.016767275,-0.023558022,-0.035922237,0.020314874,-1.0973868,0.0064195,229.39902,0.1,0.30210692,0.3221094,0.015023376,0.010966364,inf,inf,inf,inf,1,1,1,1,2,0,2,1,5,0,1,1,1,0
7047392000,7047392000,1032000,41.606704,-86.3556021,-0.6000489,-1.2401544,0.006890197,0.0003608431,0.00019367777,0.0,0.0032217272,0.0011940609,0.0016625,-0.2721584,-0.0005769825,-0.01214426,-0.016767275,0.055941496,0.074459516,0.03879604,-1.0972482,0.0064195,229.39902,0.1111429,0.2838088,0.30819663,0.020373723,0.0144223645,inf,inf,inf,inf,1,1,1,1,2,0,2,1,5,0,1,1,1,0
7047896000,7047896000,1032000,41.606704,-86.3556021,-0.5966138,-1.23478,-0.0080651855,0.0003608431,0.00019367777,0.0,0.006463208,0.0042573423,-0.0061782016,-0.16806234,-0.0005769825,-0.01214426,-0.016767275,-0.038071804,-0.042150244,-0.028787242,-1.0972157,0.0064195,229.39902,0.14477415,0.26495302,0.29560694,0.011523121,0.008185807,inf,inf,inf,inf,1,1,1,1,2,0,2,1,5,0,1,1,1,0
7048392000,7048392000,1032000,41.606704,-86.3556021,-0.5905462,-1.2311492,0.008706858,0.0003608431,0.00019367777,0.0,0.007873697,0.0005458587,-0.0056385947,-0.083369285,-0.0005769825,-0.01214426,-0.016767275,0.01899279,-0.029564587,0.3458214,-1.0968908,0.0064195,229.39902,0.13893874,0.2593267,0.28585005,0.017583335,0.012590287,inf,inf,inf,inf,1,1,1,1,2,0,2,1,5,0,1,1,1,0
7048896000,7048896000,1032000,41.606704,-86.3556021,-0.59025013,-1.2316763,0.027302247,0.0003608431,0.00019367777,0.0,-0.0010186167,0.0006177812,-0.0056201247,-0.036331482,-0.0005769825,-0.01214426,-0.016767275,-0.029529866,-0.054486,0.17624155,-1.0967296,0.0064195,229.39902,0.13082314,0.246442,0.27809253,0.0070506902,0.0050002947,inf,inf,inf,inf,1,1,1,1,2,0,2,1,5,0,1,1,1,0
