timestamp,allocated_torque[0],allocated_torque[1],allocated_torque[2],unallocated_torque[0],unallocated_torque[1],unallocated_torque[2],allocated_thrust[0],allocated_thrust[1],allocated_thrust[2],unallocated_thrust[0],unallocated_thrust[1],unallocated_thrust[2],torque_setpoint_achieved,thrust_setpoint_achieved,actuator_saturation[0],actuator_saturation[1],actuator_saturation[2],actuator_saturation[3],actuator_saturation[4],actuator_saturation[5],actuator_saturation[6],actuator_saturation[7],actuator_saturation[8],actuator_saturation[9],actuator_saturation[10],actuator_saturation[11],actuator_saturation[12],actuator_saturation[13],actuator_saturation[14],actuator_saturation[15]
6970976000,0.0,0.0,0.0,1.0,1.0,1.0,0.0,0.0,0.0,0.0,0.0,1.0,0,0,0,0,0,0,0,0,0,0,0,0,0,0,0,0,0,0
6970980000,0.0,0.0,0.0,1.0,1.0,1.0,0.0,0.0,0.0,0.0,0.0,1.0,0,0,0,0,0,0,0,0,0,0,0,0,0,0,0,0,0,0
6971176000,0.0,0.0,0.0,1.0,1.0,1.0,0.0,0.0,0.0,0.0,0.0,1.0,0,0,0,0,0,0,0,0,0,0,0,0,0,0,0,0,0,0
6971376000,0.0,0.0,0.0,1.0,1.0,1.0,0.0,0.0,0.0,0.0,0.0,1.0,0,0,0,0,0,0,0,0,0,0,0,0,0,0,0,0,0,0
6971572000,0.0,0.0,0.0,1.0,1.0,1.0,0.0,0.0,0.0,0.0,0.0,1.0,0,0,0,0,0,0,0,0,0,0,0,0,0,0,0,0,0,0
6971776000,0.0,0.0,0.0,1.0,1.0,1.0,0.0,0.0,0.0,0.0,0.0,1.0,0,0,0,0,0,0,0,0,0,0,0,0,0,0,0,0,0,0
6971976000,0.0,0.0,0.0,1.0,1.0,1.0,0.0,0.0,0.0,0.0,0.0,1.0,0,0,0,0,0,0,0,0,0,0,0,0,0,0,0,0,0,0
6972176000,0.0,0.0,0.0,1.0,1.0,1.0,0.0,0.0,0.0,0.0,0.0,1.0,0,0,0,0,0,0,0,0,0,0,0,0,0,0,0,0,0,0
6972376000,0.0,0.0,0.0,1.0,1.0,1.0,0.0,0.0,0.0,0.0,0.0,1.0,0,0,0,0,0,0,0,0,0,0,0,0,0,0,0,0,0,0
6972576000,0.0,0.0,0.0,1.0,1.0,1.0,0.0,0.0,0.0,0.0,0.0,1.0,0,0,0,0,0,0,0,0,0,0,0,0,0,0,0,0,0,0
6972776000,0.0,0.0,0.0,1.0,1.0,1.0,0.0,0.0,0.0,0.0,0.0,1.0,0,0,0,0,0,0,0,0,0,0,0,0,0,0,0,0,0,0
6972976000,0.0,0.0,0.0,1.0,1.0,1.0,0.0,0.0,0.0,0.0,0.0,1.0,0,0,0,0,0,0,0,0,0,0,0,0,0,0,0,0,0,0
6973176000,0.0,0.0,0.0,1.0,1.0,1.0,0.0,0.0,0.0,0.0,0.0,1.0,0,0,0,0,0,0,0,0,0,0,0,0,0,0,0,0,0,0
6973376000,0.0,0.0,0.0,1.0,1.0,1.0,0.0,0.0,0.0,0.0,0.0,1.0,0,0,0,0,0,0,0,0,0,0,0,0,0,0,0,0,0,0
6973576000,0.0,0.0,0.0,1.0,1.0,1.0,0.0,0.0,0.0,0.0,0.0,1.0,0,0,0,0,0,0,0,0,0,0,0,0,0,0,0,0,0,0
6973776000,0.0,0.0,0.0,1.0,1.0,1.0,0.0,0.0,0.0,0.0,0.0,1.0,0,0,0,0,0,0,0,0,0,0,0,0,0,0,0,0,0,0
6973976000,0.0,0.0,0.0,1.0,1.0,1.0,0.0,0.0,0.0,0.0,0.0,1.0,0,0,0,0,0,0,0,0,0,0,0,0,0,0,0,0,0,0
6974176000,0.0,0.0,0.0,1.0,1.0,1.0,0.0,0.0,0.0,0.0,0.0,1.0,0,0,0,0,0,0,0,0,0,0,0,0,0,0,0,0,0,0
6974372000,0.0,0.0,0.0,1.0,1.0,1.0,0.0,0.0,0.0,0.0,0.0,1.0,0,0,0,0,0,0,0,0,0,0,0,0,0,0,0,0,0,0
6974572000,0.0,0.0,0.0,1.0,1.0,1.0,0.0,0.0,0.0,0.0,0.0,1.0,0,0,0,0,0,0,0,0,0,0,0,0,0,0,0,0,0,0
6974776000,0.0,0.0,0.0,1.0,1.0,1.0,0.0,0.0,0.0,0.0,0.0,1.0,0,0,0,0,0,0,0,0,0,0,0,0,0,0,0,0,0,0
6974972000,0.0,0.0,0.0,1.0,1.0,1.0,0.0,0.0,0.0,0.0,0.0,1.0,0,0,0,0,0,0,0,0,0,0,0,0,0,0,0,0,0,0
6975176000,0.0,0.0,0.0,1.0,1.0,1.0,0.0,0.0,0.0,0.0,0.0,1.0,0,0,0,0,0,0,0,0,0,0,0,0,0,0,0,0,0,0
6975376000,0.0,0.0,0.0,1.0,1.0,1.0,0.0,0.0,0.0,0.0,0.0,1.0,0,0,0,0,0,0,0,0,0,0,0,0,0,0,0,0,0,0
6975576000,0.0,0.0,0.0,1.0,1.0,1.0,0.0,0.0,0.0,0.0,0.0,1.0,0,0,0,0,0,0,0,0,0,0,0,0,0,0,0,0,0,0
6975776000,0.0,0.0,0.0,0.0,0.0,0.0,0.0,0.0,0.0,0.0,0.0,0.0,1,1,0,0,0,0,0,0,0,0,0,0,0,0,0,0,0,0
6975976000,0.0,0.0,0.0,0.0,0.0,0.0,0.0,0.0,0.0,0.0,0.0,0.0,1,1,0,0,0,0,0,0,0,0,0,0,0,0,0,0,0,0
6976176000,0.0,0.0,0.0,0.0,0.0,0.0,0.0,0.0,0.0,0.0,0.0,0.0,1,1,0,0,0,0,0,0,0,0,0,0,0,0,0,0,0,0
6976376000,0.0,0.0,0.0,0.0,0.0,0.0,0.0,0.0,0.0,0.0,0.0,0.0,1,1,0,0,0,0,0,0,0,0,0,0,0,0,0,0,0,0
6976576000,0.0,0.0,0.0,0.0,0.0,0.0,0.0,0.0,0.0,0.0,0.0,0.0,1,1,0,0,0,0,0,0,0,0,0,0,0,0,0,0,0,0
6976772000,0.0,0.0,0.0,0.0,0.0,0.0,0.0,0.0,0.0,0.0,0.0,0.0,1,1,0,0,0,0,0,0,0,0,0,0,0,0,0,0,0,0
6976976000,0.0,0.0,0.0,0.0,0.0,0.0,0.0,0.0,0.0,0.0,0.0,0.0,1,1,0,0,0,0,0,0,0,0,0,0,0,0,0,0,0,0
6977176000,0.0,0.0,0.0,0.0,0.0,0.0,0.0,0.0,0.0,0.0,0.0,0.0,1,1,0,0,0,0,0,0,0,0,0,0,0,0,0,0,0,0
6977376000,0.0,0.0,0.0,0.0,0.0,0.0,0.0,0.0,0.0,0.0,0.0,0.0,1,1,0,0,0,0,0,0,0,0,0,0,0,0,0,0,0,0
6977576000,0.0,0.0,0.0,0.0,0.0,0.0,0.0,0.0,0.0,0.0,0.0,0.0,1,1,0,0,0,0,0,0,0,0,0,0,0,0,0,0,0,0
6977776000,0.0,0.0,0.0,0.0,0.0,0.0,0.0,0.0,0.0,0.0,0.0,0.0,1,1,0,0,0,0,0,0,0,0,0,0,0,0,0,0,0,0
6977976000,0.0,0.0,0.0,0.0,0.0,0.0,0.0,0.0,0.0,0.0,0.0,0.0,1,1,0,0,0,0,0,0,0,0,0,0,0,0,0,0,0,0
6978176000,0.0,0.0,0.0,0.0,0.0,0.0,0.0,0.0,0.0,0.0,0.0,0.0,1,1,0,0,0,0,0,0,0,0,0,0,0,0,0,0,0,0
6978372000,0.0,0.0,0.0,0.0,0.0,0.0,0.0,0.0,0.0,0.0,0.0,0.0,1,1,0,0,0,0,0,0,0,0,0,0,0,0,0,0,0,0
6978576000,0.0,0.0,0.0,0.0,0.0,0.0,0.0,0.0,0.0,0.0,0.0,0.0,1,1,0,0,0,0,0,0,0,0,0,0,0,0,0,0,0,0
6978776000,0.0,0.0,0.0,0.0,0.0,0.0,0.0,0.0,0.0,0.0,0.0,0.0,1,1,0,0,0,0,0,0,0,0,0,0,0,0,0,0,0,0
6978976000,0.0,0.0,0.0,0.0,0.0,0.0,0.0,0.0,0.0,0.0,0.0,0.0,1,1,0,0,0,0,0,0,0,0,0,0,0,0,0,0,0,0
6979176000,0.0,0.0,0.0,0.0,0.0,0.0,0.0,0.0,0.0,0.0,0.0,0.0,1,1,0,0,0,0,0,0,0,0,0,0,0,0,0,0,0,0
6979376000,0.0,0.0,0.0,0.0,0.0,0.0,0.0,0.0,0.0,0.0,0.0,0.0,1,1,0,0,0,0,0,0,0,0,0,0,0,0,0,0,0,0
6979572000,0.0,0.0,0.0,0.0,0.0,0.0,0.0,0.0,0.0,0.0,0.0,0.0,1,1,0,0,0,0,0,0,0,0,0,0,0,0,0,0,0,0
6979776000,0.0,0.0,0.0,0.0,0.0,0.0,0.0,0.0,0.0,0.0,0.0,0.0,1,1,0,0,0,0,0,0,0,0,0,0,0,0,0,0,0,0
6979976000,0.0,0.0,0.0,0.0,0.0,0.0,0.0,0.0,0.0,0.0,0.0,0.0,1,1,0,0,0,0,0,0,0,0,0,0,0,0,0,0,0,0
6980172000,0.0,0.0,0.0,0.0,0.0,0.0,0.0,0.0,0.0,0.0,0.0,0.0,1,1,0,0,0,0,0,0,0,0,0,0,0,0,0,0,0,0
6980372000,0.0,0.0,0.0,0.0,0.0,0.0,0.0,0.0,0.0,0.0,0.0,0.0,1,1,0,0,0,0,0,0,0,0,0,0,0,0,0,0,0,0
6980572000,0.0,0.0,0.0,0.0,0.0,0.0,0.0,0.0,0.0,0.0,0.0,0.0,1,1,0,0,0,0,0,0,0,0,0,0,0,0,0,0,0,0
6980776000,0.0,0.0,0.0,0.0,0.0,0.0,0.0,0.0,0.0,0.0,0.0,0.0,1,1,0,0,0,0,0,0,0,0,0,0,0,0,0,0,0,0
6980976000,0.0,0.0,0.0,0.0,0.0,0.0,0.0,0.0,0.0,0.0,0.0,0.0,1,1,0,0,0,0,0,0,0,0,0,0,0,0,0,0,0,0
6981176000,0.0,0.0,0.0,0.0,0.0,0.0,0.0,0.0,0.0,0.0,0.0,0.0,1,1,0,0,0,0,0,0,0,0,0,0,0,0,0,0,0,0
6981376000,0.0,0.0,0.0,0.0,0.0,0.0,0.0,0.0,0.0,0.0,0.0,0.0,1,1,0,0,0,0,0,0,0,0,0,0,0,0,0,0,0,0
6981576000,0.0,0.0,0.0,0.0,0.0,0.0,0.0,0.0,0.0,0.0,0.0,0.0,1,1,0,0,0,0,0,0,0,0,0,0,0,0,0,0,0,0
6981772000,0.0,0.0,0.0,0.0,0.0,0.0,0.0,0.0,0.0,0.0,0.0,0.0,1,1,0,0,0,0,0,0,0,0,0,0,0,0,0,0,0,0
6981976000,0.0,0.0,0.0,0.0,0.0,0.0,0.0,0.0,0.0,0.0,0.0,0.0,1,1,0,0,0,0,0,0,0,0,0,0,0,0,0,0,0,0
6982172000,0.0,0.0,0.0,0.0,0.0,0.0,0.0,0.0,0.0,0.0,0.0,0.0,1,1,0,0,0,0,0,0,0,0,0,0,0,0,0,0,0,0
6982376000,0.0,0.0,0.0,0.0,0.0,0.0,0.0,0.0,0.0,0.0,0.0,0.0,1,1,0,0,0,0,0,0,0,0,0,0,0,0,0,0,0,0
6982572000,0.0,0.0,0.0,0.0,0.0,0.0,0.0,0.0,0.0,0.0,0.0,0.0,1,1,0,0,0,0,0,0,0,0,0,0,0,0,0,0,0,0
6982776000,0.0,0.0,0.0,0.0,0.0,0.0,0.0,0.0,0.0,0.0,0.0,0.0,1,1,0,0,0,0,0,0,0,0,0,0,0,0,0,0,0,0
6982976000,0.0,0.0,0.0,0.0,0.0,0.0,0.0,0.0,0.0,0.0,0.0,0.0,1,1,0,0,0,0,0,0,0,0,0,0,0,0,0,0,0,0
6983176000,0.0,0.0,0.0,0.0,0.0,0.0,0.0,0.0,0.0,0.0,0.0,0.0,1,1,0,0,0,0,0,0,0,0,0,0,0,0,0,0,0,0
6983376000,0.0,0.0,0.0,0.0,0.0,0.0,0.0,0.0,0.0,0.0,0.0,0.0,1,1,0,0,0,0,0,0,0,0,0,0,0,0,0,0,0,0
6983576000,0.0,0.0,0.0,0.0,0.0,0.0,0.0,0.0,0.0,0.0,0.0,0.0,1,1,0,0,0,0,0,0,0,0,0,0,0,0,0,0,0,0
6983776000,0.0,0.0,0.0,0.0,0.0,0.0,0.0,0.0,0.0,0.0,0.0,0.0,1,1,0,0,0,0,0,0,0,0,0,0,0,0,0,0,0,0
6983976000,0.0,0.0,0.0,0.0,0.0,0.0,0.0,0.0,0.0,0.0,0.0,0.0,1,1,0,0,0,0,0,0,0,0,0,0,0,0,0,0,0,0
6984176000,0.0,0.0,0.0,0.0,0.0,0.0,0.0,0.0,0.0,0.0,0.0,0.0,1,1,0,0,0,0,0,0,0,0,0,0,0,0,0,0,0,0
6984376000,0.0,0.0,0.0,0.0,0.0,0.0,0.0,0.0,0.0,0.0,0.0,0.0,1,1,0,0,0,0,0,0,0,0,0,0,0,0,0,0,0,0
6984576000,0.0,0.0,0.0,0.0,0.0,0.0,0.0,0.0,0.0,0.0,0.0,0.0,1,1,0,0,0,0,0,0,0,0,0,0,0,0,0,0,0,0
6984776000,0.0,0.0,0.0,0.0,0.0,0.0,0.0,0.0,0.0,0.0,0.0,0.0,1,1,0,0,0,0,0,0,0,0,0,0,0,0,0,0,0,0
6984976000,0.0,0.0,0.0,0.0,0.0,0.0,0.0,0.0,0.0,0.0,0.0,0.0,1,1,0,0,0,0,0,0,0,0,0,0,0,0,0,0,0,0
6985176000,0.0,0.0,0.0,0.0,0.0,0.0,0.0,0.0,0.0,0.0,0.0,0.0,1,1,0,0,0,0,0,0,0,0,0,0,0,0,0,0,0,0
6985376000,0.0,0.0,0.0,0.0,0.0,0.0,0.0,0.0,0.0,0.0,0.0,0.0,1,1,0,0,0,0,0,0,0,0,0,0,0,0,0,0,0,0
6985576000,0.0,0.0,0.0,0.0,0.0,0.0,0.0,0.0,0.0,0.0,0.0,0.0,1,1,0,0,0,0,0,0,0,0,0,0,0,0,0,0,0,0
6985776000,0.0,0.0,0.0,0.0,0.0,0.0,0.0,0.0,0.0,0.0,0.0,0.0,1,1,0,0,0,0,0,0,0,0,0,0,0,0,0,0,0,0
6985976000,0.0,0.0,0.0,0.0,0.0,0.0,0.0,0.0,0.0,0.0,0.0,0.0,1,1,0,0,0,0,0,0,0,0,0,0,0,0,0,0,0,0
6986176000,0.0,0.0,0.0,0.0,0.0,0.0,0.0,0.0,0.0,0.0,0.0,0.0,1,1,0,0,0,0,0,0,0,0,0,0,0,0,0,0,0,0
6986376000,0.0,0.0,0.0,0.0,0.0,0.0,0.0,0.0,0.0,0.0,0.0,0.0,1,1,0,0,0,0,0,0,0,0,0,0,0,0,0,0,0,0
6986576000,0.0,0.0,0.0,0.0,0.0,0.0,0.0,0.0,0.0,0.0,0.0,0.0,1,1,0,0,0,0,0,0,0,0,0,0,0,0,0,0,0,0
6986776000,0.0,0.0,0.0,0.0,0.0,0.0,0.0,0.0,0.0,0.0,0.0,0.0,1,1,0,0,0,0,0,0,0,0,0,0,0,0,0,0,0,0
6986976000,0.0,0.0,0.0,0.0,0.0,0.0,0.0,0.0,0.0,0.0,0.0,0.0,1,1,0,0,0,0,0,0,0,0,0,0,0,0,0,0,0,0
6987176000,0.0,0.0,0.0,0.0,0.0,0.0,0.0,0.0,0.0,0.0,0.0,0.0,1,1,0,0,0,0,0,0,0,0,0,0,0,0,0,0,0,0
6987376000,0.0,0.0,0.0,0.0,0.0,0.0,0.0,0.0,0.0,0.0,0.0,0.0,1,1,0,0,0,0,0,0,0,0,0,0,0,0,0,0,0,0
6987576000,0.0,0.0,0.0,0.0,0.0,0.0,0.0,0.0,0.0,0.0,0.0,0.0,1,1,0,0,0,0,0,0,0,0,0,0,0,0,0,0,0,0
6987776000,0.0,0.0,0.0,0.0,0.0,0.0,0.0,0.0,0.0,0.0,0.0,0.0,1,1,0,0,0,0,0,0,0,0,0,0,0,0,0,0,0,0
6987976000,0.0,0.0,0.0,0.0,0.0,0.0,0.0,0.0,0.0,0.0,0.0,0.0,1,1,0,0,0,0,0,0,0,0,0,0,0,0,0,0,0,0
6988172000,0.0,0.0,0.0,0.0,0.0,0.0,0.0,0.0,0.0,0.0,0.0,0.0,1,1,0,0,0,0,0,0,0,0,0,0,0,0,0,0,0,0
6988376000,0.0,0.0,0.0,0.0,0.0,0.0,0.0,0.0,0.0,0.0,0.0,0.0,1,1,0,0,0,0,0,0,0,0,0,0,0,0,0,0,0,0
6988576000,0.0,0.0,0.0,0.0,0.0,0.0,0.0,0.0,0.0,0.0,0.0,0.0,1,1,0,0,0,0,0,0,0,0,0,0,0,0,0,0,0,0
6988776000,0.0,0.0,0.0,0.0,0.0,0.0,0.0,0.0,0.0,0.0,0.0,0.0,1,1,0,0,0,0,0,0,0,0,0,0,0,0,0,0,0,0
6988976000,0.0,0.0,0.0,0.0,0.0,0.0,0.0,0.0,0.0,0.0,0.0,0.0,1,1,0,0,0,0,0,0,0,0,0,0,0,0,0,0,0,0
6989176000,0.0,0.0,0.0,0.0,0.0,0.0,0.0,0.0,0.0,0.0,0.0,0.0,1,1,0,0,0,0,0,0,0,0,0,0,0,0,0,0,0,0
6989376000,0.0,0.0,0.0,0.0,0.0,0.0,0.0,0.0,0.0,0.0,0.0,0.0,1,1,0,0,0,0,0,0,0,0,0,0,0,0,0,0,0,0
6989576000,0.0,0.0,0.0,0.0,0.0,0.0,0.0,0.0,0.0,0.0,0.0,0.0,1,1,0,0,0,0,0,0,0,0,0,0,0,0,0,0,0,0
6989776000,0.0,0.0,0.0,0.0,0.0,0.0,0.0,0.0,0.0,0.0,0.0,0.0,1,1,0,0,0,0,0,0,0,0,0,0,0,0,0,0,0,0
6989976000,0.0,0.0,0.0,0.0,0.0,0.0,0.0,0.0,0.0,0.0,0.0,0.0,1,1,0,0,0,0,0,0,0,0,0,0,0,0,0,0,0,0
6990176000,0.0,0.0,0.0,0.0,0.0,0.0,0.0,0.0,0.0,0.0,0.0,0.0,1,1,0,0,0,0,0,0,0,0,0,0,0,0,0,0,0,0
6990376000,0.0,0.0,0.0,0.0,0.0,0.0,0.0,0.0,0.0,0.0,0.0,0.0,1,1,0,0,0,0,0,0,0,0,0,0,0,0,0,0,0,0
6990572000,0.0,0.0,0.0,0.0,0.0,0.0,0.0,0.0,0.0,0.0,0.0,0.0,1,1,0,0,0,0,0,0,0,0,0,0,0,0,0,0,0,0
6990776000,0.0,0.0,0.0,0.0,0.0,0.0,0.0,0.0,0.0,0.0,0.0,0.0,1,1,0,0,0,0,0,0,0,0,0,0,0,0,0,0,0,0
6990976000,0.0,0.0,0.0,0.0,0.0,0.0,0.0,0.0,0.0,0.0,0.0,0.0,1,1,0,0,0,0,0,0,0,0,0,0,0,0,0,0,0,0
6991176000,0.0,0.0,0.0,0.0,0.0,0.0,0.0,0.0,0.0,0.0,0.0,0.0,1,1,0,0,0,0,0,0,0,0,0,0,0,0,0,0,0,0
6991376000,0.0,0.0,0.0,0.0,0.0,0.0,0.0,0.0,0.0,0.0,0.0,0.0,1,1,0,0,0,0,0,0,0,0,0,0,0,0,0,0,0,0
6991576000,0.0,0.0,0.0,0.0,0.0,0.0,0.0,0.0,0.0,0.0,0.0,0.0,1,1,0,0,0,0,0,0,0,0,0,0,0,0,0,0,0,0
6991776000,0.0,0.0,0.0,0.0,0.0,0.0,0.0,0.0,0.0,0.0,0.0,0.0,1,1,0,0,0,0,0,0,0,0,0,0,0,0,0,0,0,0
6991976000,0.0,0.0,0.0,0.0,0.0,0.0,0.0,0.0,0.0,0.0,0.0,0.0,1,1,0,0,0,0,0,0,0,0,0,0,0,0,0,0,0,0
6992176000,0.0,0.0,0.0,0.0,0.0,0.0,0.0,0.0,0.0,0.0,0.0,0.0,1,1,0,0,0,0,0,0,0,0,0,0,0,0,0,0,0,0
6992372000,0.0,0.0,0.0,0.0,0.0,0.0,0.0,0.0,0.0,0.0,0.0,0.0,1,1,0,0,0,0,0,0,0,0,0,0,0,0,0,0,0,0
6992572000,0.0,0.0,0.0,0.0,0.0,0.0,0.0,0.0,0.0,0.0,0.0,0.0,1,1,0,0,0,0,0,0,0,0,0,0,0,0,0,0,0,0
6992772000,0.0,0.0,0.0,0.0,0.0,0.0,0.0,0.0,0.0,0.0,0.0,0.0,1,1,0,0,0,0,0,0,0,0,0,0,0,0,0,0,0,0
6992972000,0.0,0.0,0.0,0.0,0.0,0.0,0.0,0.0,0.0,0.0,0.0,0.0,1,1,0,0,0,0,0,0,0,0,0,0,0,0,0,0,0,0
6993176000,0.0,0.0,0.0,0.0,0.0,0.0,0.0,0.0,0.0,0.0,0.0,0.0,1,1,0,0,0,0,0,0,0,0,0,0,0,0,0,0,0,0
6993376000,0.0,0.0,0.0,0.0,0.0,0.0,0.0,0.0,0.0,0.0,0.0,0.0,1,1,0,0,0,0,0,0,0,0,0,0,0,0,0,0,0,0
6993576000,0.0,0.0,0.0,0.0,0.0,0.0,0.0,0.0,0.0,0.0,0.0,0.0,1,1,0,0,0,0,0,0,0,0,0,0,0,0,0,0,0,0
6993772000,0.0,0.0,0.0,0.0,0.0,0.0,0.0,0.0,0.0,0.0,0.0,0.0,1,1,0,0,0,0,0,0,0,0,0,0,0,0,0,0,0,0
6993976000,0.0,0.0,0.0,0.0,0.0,0.0,0.0,0.0,0.0,0.0,0.0,0.0,1,1,0,0,0,0,0,0,0,0,0,0,0,0,0,0,0,0
6994176000,0.0,0.0,0.0,0.0,0.0,0.0,0.0,0.0,0.0,0.0,0.0,0.0,1,1,0,0,0,0,0,0,0,0,0,0,0,0,0,0,0,0
6994376000,0.0,0.0,0.0,0.0,0.0,0.0,0.0,0.0,0.0,0.0,0.0,0.0,1,1,0,0,0,0,0,0,0,0,0,0,0,0,0,0,0,0
6994572000,0.0,0.0,0.0,0.0,0.0,0.0,0.0,0.0,0.0,0.0,0.0,0.0,1,1,0,0,0,0,0,0,0,0,0,0,0,0,0,0,0,0
6994776000,0.0,0.0,0.0,0.0,0.0,0.0,0.0,0.0,0.0,0.0,0.0,0.0,1,1,0,0,0,0,0,0,0,0,0,0,0,0,0,0,0,0
6994976000,0.0,0.0,0.0,0.0,0.0,0.0,0.0,0.0,0.0,0.0,0.0,0.0,1,1,0,0,0,0,0,0,0,0,0,0,0,0,0,0,0,0
6995176000,0.0,0.0,0.0,0.0,0.0,0.0,0.0,0.0,0.0,0.0,0.0,0.0,1,1,0,0,0,0,0,0,0,0,0,0,0,0,0,0,0,0
6995376000,0.0,0.0,0.0,0.0,0.0,0.0,0.0,0.0,0.0,0.0,0.0,0.0,1,1,0,0,0,0,0,0,0,0,0,0,0,0,0,0,0,0
6995576000,0.0,0.0,0.0,0.0,0.0,0.0,0.0,0.0,0.0,0.0,0.0,0.0,1,1,0,0,0,0,0,0,0,0,0,0,0,0,0,0,0,0
6995772000,0.0,0.0,0.0,0.0,0.0,0.0,0.0,0.0,0.0,0.0,0.0,0.0,1,1,0,0,0,0,0,0,0,0,0,0,0,0,0,0,0,0
6995972000,0.0,0.0,0.0,0.0,0.0,0.0,0.0,0.0,0.0,0.0,0.0,0.0,1,1,0,0,0,0,0,0,0,0,0,0,0,0,0,0,0,0
6996176000,0.0,0.0,0.0,0.0,0.0,0.0,0.0,0.0,0.0,0.0,0.0,0.0,1,1,0,0,0,0,0,0,0,0,0,0,0,0,0,0,0,0
6996376000,0.0,0.0,0.0,0.0,0.0,0.0,0.0,0.0,0.0,0.0,0.0,0.0,1,1,0,0,0,0,0,0,0,0,0,0,0,0,0,0,0,0
6996576000,0.0,0.0,0.0,0.0,0.0,0.0,0.0,0.0,0.0,0.0,0.0,0.0,1,1,0,0,0,0,0,0,0,0,0,0,0,0,0,0,0,0
6996776000,0.0,0.0,0.0,0.0,0.0,0.0,0.0,0.0,0.0,0.0,0.0,0.0,1,1,0,0,0,0,0,0,0,0,0,0,0,0,0,0,0,0
6996976000,0.0,0.0,0.0,0.0,0.0,0.0,0.0,0.0,0.0,0.0,0.0,0.0,1,1,0,0,0,0,0,0,0,0,0,0,0,0,0,0,0,0
6997176000,0.0,0.0,0.0,0.0,0.0,0.0,0.0,0.0,0.0,0.0,0.0,0.0,1,1,0,0,0,0,0,0,0,0,0,0,0,0,0,0,0,0
6997376000,0.0,0.0,0.0,0.0,0.0,0.0,0.0,0.0,0.0,0.0,0.0,0.0,1,1,0,0,0,0,0,0,0,0,0,0,0,0,0,0,0,0
6997576000,0.0,0.0,0.0,0.0,0.0,0.0,0.0,0.0,0.0,0.0,0.0,0.0,1,1,0,0,0,0,0,0,0,0,0,0,0,0,0,0,0,0
6997776000,0.0,0.0,0.0,0.0,0.0,0.0,0.0,0.0,0.0,0.0,0.0,0.0,1,1,0,0,0,0,0,0,0,0,0,0,0,0,0,0,0,0
6997976000,0.0,0.0,0.0,0.0,0.0,0.0,0.0,0.0,0.0,0.0,0.0,0.0,1,1,0,0,0,0,0,0,0,0,0,0,0,0,0,0,0,0
6998176000,0.0,0.0,0.0,0.0,0.0,0.0,0.0,0.0,0.0,0.0,0.0,0.0,1,1,0,0,0,0,0,0,0,0,0,0,0,0,0,0,0,0
6998376000,0.0,0.0,0.0,0.0,0.0,0.0,0.0,0.0,0.0,0.0,0.0,0.0,1,1,0,0,0,0,0,0,0,0,0,0,0,0,0,0,0,0
6998576000,0.0,0.0,0.0,0.0,0.0,0.0,0.0,0.0,0.0,0.0,0.0,0.0,1,1,0,0,0,0,0,0,0,0,0,0,0,0,0,0,0,0
6998776000,0.0,0.0,0.0,0.0,0.0,0.0,0.0,0.0,0.0,0.0,0.0,0.0,1,1,0,0,0,0,0,0,0,0,0,0,0,0,0,0,0,0
6998972000,0.0,0.0,0.0,0.0,0.0,0.0,0.0,0.0,0.0,0.0,0.0,0.0,1,1,0,0,0,0,0,0,0,0,0,0,0,0,0,0,0,0
6999176000,0.0,0.0,0.0,0.0,0.0,0.0,0.0,0.0,0.0,0.0,0.0,0.0,1,1,0,0,0,0,0,0,0,0,0,0,0,0,0,0,0,0
6999376000,0.0,0.0,0.0,0.0,0.0,0.0,0.0,0.0,0.0,0.0,0.0,0.0,1,1,0,0,0,0,0,0,0,0,0,0,0,0,0,0,0,0
6999576000,0.0,0.0,0.0,0.0,0.0,0.0,0.0,0.0,0.0,0.0,0.0,0.0,1,1,0,0,0,0,0,0,0,0,0,0,0,0,0,0,0,0
6999776000,0.0,0.0,0.0,0.0,0.0,0.0,0.0,0.0,0.0,0.0,0.0,0.0,1,1,0,0,0,0,0,0,0,0,0,0,0,0,0,0,0,0
6999972000,0.0,0.0,0.0,0.0,0.0,0.0,0.0,0.0,0.0,0.0,0.0,0.0,1,1,0,0,0,0,0,0,0,0,0,0,0,0,0,0,0,0
7000172000,0.0,0.0,0.0,0.0,0.0,0.0,0.0,0.0,0.0,0.0,0.0,0.0,1,1,0,0,0,0,0,0,0,0,0,0,0,0,0,0,0,0
7000376000,0.0,0.0,0.0,0.0,0.0,0.0,0.0,0.0,0.0,0.0,0.0,0.0,1,1,0,0,0,0,0,0,0,0,0,0,0,0,0,0,0,0
7000576000,0.0,0.0,0.0,0.0,0.0,0.0,0.0,0.0,0.0,0.0,0.0,0.0,1,1,0,0,0,0,0,0,0,0,0,0,0,0,0,0,0,0
7000776000,0.0,0.0,0.0,0.0,0.0,0.0,0.0,0.0,0.0,0.0,0.0,0.0,1,1,0,0,0,0,0,0,0,0,0,0,0,0,0,0,0,0
7000976000,0.0,0.0,0.0,0.0,0.0,0.0,0.0,0.0,0.0,0.0,0.0,0.0,1,1,0,0,0,0,0,0,0,0,0,0,0,0,0,0,0,0
7001176000,0.0,0.0,0.0,0.0,0.0,0.0,0.0,0.0,0.0,0.0,0.0,0.0,1,1,0,0,0,0,0,0,0,0,0,0,0,0,0,0,0,0
7001376000,0.0,0.0,0.0,0.0,0.0,0.0,0.0,0.0,0.0,0.0,0.0,0.0,1,1,0,0,0,0,0,0,0,0,0,0,0,0,0,0,0,0
7001572000,0.0,0.0,0.0,0.0,0.0,0.0,0.0,0.0,0.0,0.0,0.0,0.0,1,1,0,0,0,0,0,0,0,0,0,0,0,0,0,0,0,0
7001776000,0.0,0.0,0.0,0.0,0.0,0.0,0.0,0.0,0.0,0.0,0.0,0.0,1,1,0,0,0,0,0,0,0,0,0,0,0,0,0,0,0,0
7001976000,0.0,0.0,0.0,0.0,0.0,0.0,0.0,0.0,0.0,0.0,0.0,0.0,1,1,0,0,0,0,0,0,0,0,0,0,0,0,0,0,0,0
7002172000,0.0,0.0,0.0,0.0,0.0,0.0,0.0,0.0,0.0,0.0,0.0,0.0,1,1,0,0,0,0,0,0,0,0,0,0,0,0,0,0,0,0
7002376000,0.0,0.0,0.0,0.0,0.0,0.0,0.0,0.0,0.0,0.0,0.0,0.0,1,1,0,0,0,0,0,0,0,0,0,0,0,0,0,0,0,0
7002576000,0.0,0.0,0.0,0.0,0.0,0.0,0.0,0.0,0.0,0.0,0.0,0.0,1,1,0,0,0,0,0,0,0,0,0,0,0,0,0,0,0,0
7002776000,0.0,0.0,0.0,0.0,0.0,0.0,0.0,0.0,0.0,0.0,0.0,0.0,1,1,0,0,0,0,0,0,0,0,0,0,0,0,0,0,0,0
7002976000,0.0,0.0,0.0,0.0,0.0,0.0,0.0,0.0,0.0,0.0,0.0,0.0,1,1,0,0,0,0,0,0,0,0,0,0,0,0,0,0,0,0
7003172000,0.0,0.0,0.0,0.0,0.0,0.0,0.0,0.0,0.0,0.0,0.0,0.0,1,1,0,0,0,0,0,0,0,0,0,0,0,0,0,0,0,0
7003376000,0.0,0.0,0.0,0.0,0.0,0.0,0.0,0.0,0.0,0.0,0.0,0.0,1,1,0,0,0,0,0,0,0,0,0,0,0,0,0,0,0,0
7003576000,0.0,0.0,0.0,0.0,0.0,0.0,0.0,0.0,0.0,0.0,0.0,0.0,1,1,0,0,0,0,0,0,0,0,0,0,0,0,0,0,0,0
7003776000,0.0,0.0,0.0,0.0,0.0,0.0,0.0,0.0,0.0,0.0,0.0,0.0,1,1,0,0,0,0,0,0,0,0,0,0,0,0,0,0,0,0
7003976000,0.0,0.0,0.0,0.0,0.0,0.0,0.0,0.0,0.0,0.0,0.0,0.0,1,1,0,0,0,0,0,0,0,0,0,0,0,0,0,0,0,0
7004176000,0.0,0.0,0.0,0.0,0.0,0.0,0.0,0.0,0.0,0.0,0.0,0.0,1,1,0,0,0,0,0,0,0,0,0,0,0,0,0,0,0,0
7004376000,0.0,0.0,0.0,0.0,0.0,0.0,0.0,0.0,0.0,0.0,0.0,0.0,1,1,0,0,0,0,0,0,0,0,0,0,0,0,0,0,0,0
7004576000,0.0,0.0,0.0,0.0,0.0,0.0,0.0,0.0,0.0,0.0,0.0,0.0,1,1,0,0,0,0,0,0,0,0,0,0,0,0,0,0,0,0
7004776000,0.0,0.0,0.0,0.0,0.0,0.0,0.0,0.0,0.0,0.0,0.0,0.0,1,1,0,0,0,0,0,0,0,0,0,0,0,0,0,0,0,0
7004976000,0.0,0.0,0.0,0.0,0.0,0.0,0.0,0.0,0.0,0.0,0.0,0.0,1,1,0,0,0,0,0,0,0,0,0,0,0,0,0,0,0,0
7005176000,0.0,0.0,0.0,0.0,0.0,0.0,0.0,0.0,0.0,0.0,0.0,0.0,1,1,0,0,0,0,0,0,0,0,0,0,0,0,0,0,0,0
7005376000,0.0,0.0,0.0,0.0,0.0,0.0,0.0,0.0,0.0,0.0,0.0,0.0,1,1,0,0,0,0,0,0,0,0,0,0,0,0,0,0,0,0
7005576000,0.0,0.0,0.0,0.0,0.0,0.0,0.0,0.0,0.0,0.0,0.0,0.0,1,1,0,0,0,0,0,0,0,0,0,0,0,0,0,0,0,0
7005776000,0.0,0.0,0.0,0.0,0.0,0.0,0.0,0.0,0.0,0.0,0.0,0.0,1,1,0,0,0,0,0,0,0,0,0,0,0,0,0,0,0,0
7005976000,0.0,0.0,0.0,0.0,0.0,0.0,0.0,0.0,0.0,0.0,0.0,0.0,1,1,0,0,0,0,0,0,0,0,0,0,0,0,0,0,0,0
7006176000,0.0,0.0,0.0,0.0,0.0,0.0,0.0,0.0,0.0,0.0,0.0,0.0,1,1,0,0,0,0,0,0,0,0,0,0,0,0,0,0,0,0
7006372000,0.0,0.0,0.0,0.0,0.0,0.0,0.0,0.0,0.0,0.0,0.0,0.0,1,1,0,0,0,0,0,0,0,0,0,0,0,0,0,0,0,0
7006572000,0.0,0.0,0.0,0.0,0.0,0.0,0.0,0.0,0.0,0.0,0.0,0.0,1,1,0,0,0,0,0,0,0,0,0,0,0,0,0,0,0,0
7006776000,0.0,0.0,0.0,0.0,0.0,0.0,0.0,0.0,0.0,0.0,0.0,0.0,1,1,0,0,0,0,0,0,0,0,0,0,0,0,0,0,0,0
7006976000,0.0,0.0,0.0,0.0,0.0,0.0,0.0,0.0,0.0,0.0,0.0,0.0,1,1,0,0,0,0,0,0,0,0,0,0,0,0,0,0,0,0
7007172000,0.0,0.0,0.0,0.0,0.0,0.0,0.0,0.0,0.0,0.0,0.0,0.0,1,1,0,0,0,0,0,0,0,0,0,0,0,0,0,0,0,0
7007376000,0.0,0.0,0.0,0.0,0.0,0.0,0.0,0.0,0.0,0.0,0.0,0.0,1,1,0,0,0,0,0,0,0,0,0,0,0,0,0,0,0,0
7007576000,0.0,0.0,0.0,0.0,0.0,0.0,0.0,0.0,0.0,0.0,0.0,0.0,1,1,0,0,0,0,0,0,0,0,0,0,0,0,0,0,0,0
7007776000,0.0,0.0,0.0,0.0,0.0,0.0,0.0,0.0,0.0,0.0,0.0,0.0,1,1,0,0,0,0,0,0,0,0,0,0,0,0,0,0,0,0
7007976000,0.0,0.0,0.0,0.0,0.0,0.0,0.0,0.0,0.0,0.0,0.0,0.0,1,1,0,0,0,0,0,0,0,0,0,0,0,0,0,0,0,0
7008176000,0.0,0.0,0.0,0.0,0.0,0.0,0.0,0.0,0.0,0.0,0.0,0.0,1,1,0,0,0,0,0,0,0,0,0,0,0,0,0,0,0,0
7008376000,0.0,0.0,0.0,0.0,0.0,0.0,0.0,0.0,0.0,0.0,0.0,0.0,1,1,0,0,0,0,0,0,0,0,0,0,0,0,0,0,0,0
7008576000,0.0,0.0,0.0,0.0,0.0,0.0,0.0,0.0,0.0,0.0,0.0,0.0,1,1,0,0,0,0,0,0,0,0,0,0,0,0,0,0,0,0
7008776000,0.0,0.0,0.0,0.0,0.0,0.0,0.0,0.0,0.0,0.0,0.0,0.0,1,1,0,0,0,0,0,0,0,0,0,0,0,0,0,0,0,0
7008976000,0.0,0.0,0.0,0.0,0.0,0.0,0.0,0.0,0.0,0.0,0.0,0.0,1,1,0,0,0,0,0,0,0,0,0,0,0,0,0,0,0,0
7009176000,0.0,0.0,0.0,0.0,0.0,0.0,0.0,0.0,0.0,0.0,0.0,0.0,1,1,0,0,0,0,0,0,0,0,0,0,0,0,0,0,0,0
7009376000,0.0,0.0,0.0,0.0,0.0,0.0,0.0,0.0,0.0,0.0,0.0,0.0,1,1,0,0,0,0,0,0,0,0,0,0,0,0,0,0,0,0
7009576000,0.0,0.0,0.0,0.0,0.0,0.0,0.0,0.0,0.0,0.0,0.0,0.0,1,1,0,0,0,0,0,0,0,0,0,0,0,0,0,0,0,0
7009776000,0.0,0.0,0.0,0.0,0.0,0.0,0.0,0.0,0.0,0.0,0.0,0.0,1,1,0,0,0,0,0,0,0,0,0,0,0,0,0,0,0,0
7009976000,0.0,0.0,0.0,0.0,0.0,0.0,0.0,0.0,0.0,0.0,0.0,0.0,1,1,0,0,0,0,0,0,0,0,0,0,0,0,0,0,0,0
7010176000,0.0,0.0,0.0,0.0,0.0,0.0,0.0,0.0,0.0,0.0,0.0,0.0,1,1,0,0,0,0,0,0,0,0,0,0,0,0,0,0,0,0
7010372000,0.0,0.0,0.0,0.0,0.0,0.0,0.0,0.0,0.0,0.0,0.0,0.0,1,1,0,0,0,0,0,0,0,0,0,0,0,0,0,0,0,0
7010576000,0.0,0.0,0.0,0.0,0.0,0.0,0.0,0.0,0.0,0.0,0.0,0.0,1,1,0,0,0,0,0,0,0,0,0,0,0,0,0,0,0,0
7010776000,0.0,0.0,0.0,0.0,0.0,0.0,0.0,0.0,0.0,0.0,0.0,0.0,1,1,0,0,0,0,0,0,0,0,0,0,0,0,0,0,0,0
7010976000,0.0,0.0,0.0,0.0,0.0,0.0,0.0,0.0,0.0,0.0,0.0,0.0,1,1,0,0,0,0,0,0,0,0,0,0,0,0,0,0,0,0
7011176000,0.0,0.0,0.0,0.0,0.0,0.0,0.0,0.0,0.0,0.0,0.0,0.0,1,1,0,0,0,0,0,0,0,0,0,0,0,0,0,0,0,0
7011376000,0.0,0.0,0.0,0.0,0.0,0.0,0.0,0.0,0.0,0.0,0.0,0.0,1,1,0,0,0,0,0,0,0,0,0,0,0,0,0,0,0,0
7011576000,0.0,0.0,0.0,0.0,0.0,0.0,0.0,0.0,0.0,0.0,0.0,0.0,1,1,0,0,0,0,0,0,0,0,0,0,0,0,0,0,0,0
7011776000,0.0,0.0,0.0,0.0,0.0,0.0,0.0,0.0,0.0,0.0,0.0,0.0,1,1,0,0,0,0,0,0,0,0,0,0,0,0,0,0,0,0
7011976000,0.0,0.0,0.0,0.0,0.0,0.0,0.0,0.0,0.0,0.0,0.0,0.0,1,1,0,0,0,0,0,0,0,0,0,0,0,0,0,0,0,0
7012176000,0.0,0.0,0.0,0.0,0.0,0.0,0.0,0.0,0.0,0.0,0.0,0.0,1,1,0,0,0,0,0,0,0,0,0,0,0,0,0,0,0,0
7012376000,0.0,0.0,0.0,0.0,0.0,0.0,0.0,0.0,0.0,0.0,0.0,0.0,1,1,0,0,0,0,0,0,0,0,0,0,0,0,0,0,0,0
7012576000,0.0,0.0,0.0,0.0,0.0,0.0,0.0,0.0,0.0,0.0,0.0,0.0,1,1,0,0,0,0,0,0,0,0,0,0,0,0,0,0,0,0
7012776000,0.0,0.0,0.0,0.0,0.0,0.0,0.0,0.0,0.0,0.0,0.0,0.0,1,1,0,0,0,0,0,0,0,0,0,0,0,0,0,0,0,0
7012976000,0.0,0.0,0.0,0.0,0.0,0.0,0.0,0.0,0.0,0.0,0.0,0.0,1,1,0,0,0,0,0,0,0,0,0,0,0,0,0,0,0,0
7013176000,0.0,0.0,0.0,0.0,0.0,0.0,0.0,0.0,0.0,0.0,0.0,0.0,1,1,0,0,0,0,0,0,0,0,0,0,0,0,0,0,0,0
7013376000,0.0,0.0,0.0,0.0,0.0,0.0,0.0,0.0,0.0,0.0,0.0,0.0,1,1,0,0,0,0,0,0,0,0,0,0,0,0,0,0,0,0
7013576000,0.0,0.0,0.0,0.0,0.0,0.0,0.0,0.0,0.0,0.0,0.0,0.0,1,1,0,0,0,0,0,0,0,0,0,0,0,0,0,0,0,0
7013776000,0.0,0.0,0.0,0.0,0.0,0.0,0.0,0.0,0.0,0.0,0.0,0.0,1,1,0,0,0,0,0,0,0,0,0,0,0,0,0,0,0,0
7013976000,0.0,0.0,0.0,0.0,0.0,0.0,0.0,0.0,0.0,0.0,0.0,0.0,1,1,0,0,0,0,0,0,0,0,0,0,0,0,0,0,0,0
7014176000,0.0,0.0,0.0,0.0,0.0,0.0,0.0,0.0,0.0,0.0,0.0,0.0,1,1,0,0,0,0,0,0,0,0,0,0,0,0,0,0,0,0
7014376000,0.0,0.0,0.0,0.0,0.0,0.0,0.0,0.0,0.0,0.0,0.0,0.0,1,1,0,0,0,0,0,0,0,0,0,0,0,0,0,0,0,0
7014576000,0.0,0.0,0.0,0.0,0.0,0.0,0.0,0.0,0.0,0.0,0.0,0.0,1,1,0,0,0,0,0,0,0,0,0,0,0,0,0,0,0,0
7014776000,0.0,0.0,0.0,0.0,0.0,0.0,0.0,0.0,0.0,0.0,0.0,0.0,1,1,0,0,0,0,0,0,0,0,0,0,0,0,0,0,0,0
7014976000,0.0,0.0,0.0,0.0,0.0,0.0,0.0,0.0,0.0,0.0,0.0,0.0,1,1,0,0,0,0,0,0,0,0,0,0,0,0,0,0,0,0
7015176000,0.0,0.0,0.0,0.0,0.0,0.0,0.0,0.0,0.0,0.0,0.0,0.0,1,1,0,0,0,0,0,0,0,0,0,0,0,0,0,0,0,0
7015376000,0.0,0.0,0.0,0.0,0.0,0.0,0.0,0.0,0.0,0.0,0.0,0.0,1,1,0,0,0,0,0,0,0,0,0,0,0,0,0,0,0,0
7015576000,0.0,0.0,0.0,0.0,0.0,0.0,0.0,0.0,0.0,0.0,0.0,0.0,1,1,0,0,0,0,0,0,0,0,0,0,0,0,0,0,0,0
7015776000,0.0,0.0,0.0,0.0,0.0,0.0,0.0,0.0,0.0,0.0,0.0,0.0,1,1,0,0,0,0,0,0,0,0,0,0,0,0,0,0,0,0
7015976000,0.0,0.0,0.0,0.0,0.0,0.0,0.0,0.0,0.0,0.0,0.0,0.0,1,1,0,0,0,0,0,0,0,0,0,0,0,0,0,0,0,0
7016172000,0.0,0.0,0.0,0.0,0.0,0.0,0.0,0.0,0.0,0.0,0.0,0.0,1,1,0,0,0,0,0,0,0,0,0,0,0,0,0,0,0,0
7016376000,0.0,0.0,0.0,0.0,0.0,0.0,0.0,0.0,0.0,0.0,0.0,0.0,1,1,0,0,0,0,0,0,0,0,0,0,0,0,0,0,0,0
7016576000,0.0,0.0,0.0,0.0,0.0,0.0,0.0,0.0,0.0,0.0,0.0,0.0,1,1,0,0,0,0,0,0,0,0,0,0,0,0,0,0,0,0
7016776000,0.0,0.0,0.0,0.0,0.0,0.0,0.0,0.0,0.0,0.0,0.0,0.0,1,1,0,0,0,0,0,0,0,0,0,0,0,0,0,0,0,0
7016976000,0.0,0.0,0.0,0.0,0.0,0.0,0.0,0.0,0.0,0.0,0.0,0.0,1,1,0,0,0,0,0,0,0,0,0,0,0,0,0,0,0,0
7017176000,0.0,0.0,0.0,0.0,0.0,0.0,0.0,0.0,0.0,0.0,0.0,0.0,1,1,0,0,0,0,0,0,0,0,0,0,0,0,0,0,0,0
7017376000,0.0,0.0,0.0,0.0,0.0,0.0,0.0,0.0,0.0,0.0,0.0,0.0,1,1,0,0,0,0,0,0,0,0,0,0,0,0,0,0,0,0
7017576000,0.0,0.0,0.0,0.0,0.0,0.0,0.0,0.0,0.0,0.0,0.0,0.0,1,1,0,0,0,0,0,0,0,0,0,0,0,0,0,0,0,0
7017776000,0.0,0.0,0.0,0.0,0.0,0.0,0.0,0.0,0.0,0.0,0.0,0.0,1,1,0,0,0,0,0,0,0,0,0,0,0,0,0,0,0,0
7017976000,0.0,0.0,0.0,0.0,0.0,0.0,0.0,0.0,0.0,0.0,0.0,0.0,1,1,0,0,0,0,0,0,0,0,0,0,0,0,0,0,0,0
7018176000,0.0,0.0,0.0,0.0,0.0,0.0,0.0,0.0,0.0,0.0,0.0,0.0,1,1,0,0,0,0,0,0,0,0,0,0,0,0,0,0,0,0
7018372000,0.0,0.0,0.0,0.0,0.0,0.0,0.0,0.0,0.0,0.0,0.0,0.0,1,1,0,0,0,0,0,0,0,0,0,0,0,0,0,0,0,0
7018572000,0.0,0.0,0.0,0.0,0.0,0.0,0.0,0.0,0.0,0.0,0.0,0.0,1,1,0,0,0,0,0,0,0,0,0,0,0,0,0,0,0,0
7018776000,0.0,0.0,0.0,0.0,0.0,0.0,0.0,0.0,0.0,0.0,0.0,0.0,1,1,0,0,0,0,0,0,0,0,0,0,0,0,0,0,0,0
7018972000,0.0,0.0,0.0,0.0,0.0,0.0,0.0,0.0,0.0,0.0,0.0,0.0,1,1,0,0,0,0,0,0,0,0,0,0,0,0,0,0,0,0
7019172000,0.0,0.0,0.0,0.0,0.0,0.0,0.0,0.0,0.0,0.0,0.0,0.0,1,1,0,0,0,0,0,0,0,0,0,0,0,0,0,0,0,0
7019376000,0.0,0.0,0.0,0.0,0.0,0.0,0.0,0.0,0.0,0.0,0.0,0.0,1,1,0,0,0,0,0,0,0,0,0,0,0,0,0,0,0,0
7019576000,0.0,0.0,0.0,0.0,0.0,0.0,0.0,0.0,0.0,0.0,0.0,0.0,1,1,0,0,0,0,0,0,0,0,0,0,0,0,0,0,0,0
7019776000,0.0,0.0,0.0,0.0,0.0,0.0,0.0,0.0,0.0,0.0,0.0,0.0,1,1,0,0,0,0,0,0,0,0,0,0,0,0,0,0,0,0
7019976000,0.0,0.0,0.0,0.0,0.0,0.0,0.0,0.0,0.0,0.0,0.0,0.0,1,1,0,0,0,0,0,0,0,0,0,0,0,0,0,0,0,0
7020176000,0.0,0.0,0.0,0.0,0.0,0.0,0.0,0.0,0.0,0.0,0.0,0.0,1,1,0,0,0,0,0,0,0,0,0,0,0,0,0,0,0,0
7020376000,0.0,0.0,0.0,0.0,0.0,0.0,0.0,0.0,0.0,0.0,0.0,0.0,1,1,0,0,0,0,0,0,0,0,0,0,0,0,0,0,0,0
7020576000,0.0,0.0,0.0,0.0,0.0,0.0,0.0,0.0,0.0,0.0,0.0,0.0,1,1,0,0,0,0,0,0,0,0,0,0,0,0,0,0,0,0
7020776000,0.0,0.0,0.0,0.0,0.0,0.0,0.0,0.0,0.0,0.0,0.0,0.0,1,1,0,0,0,0,0,0,0,0,0,0,0,0,0,0,0,0
7020976000,0.0,0.0,0.0,0.0,0.0,0.0,0.0,0.0,0.0,0.0,0.0,0.0,1,1,0,0,0,0,0,0,0,0,0,0,0,0,0,0,0,0
7021172000,0.0,0.0,0.0,0.0,0.0,0.0,0.0,0.0,0.0,0.0,0.0,0.0,1,1,0,0,0,0,0,0,0,0,0,0,0,0,0,0,0,0
7021372000,0.0,0.0,0.0,0.0,0.0,0.0,0.0,0.0,0.0,0.0,0.0,0.0,1,1,0,0,0,0,0,0,0,0,0,0,0,0,0,0,0,0
7021576000,0.0,0.0,0.0,0.0,0.0,0.0,0.0,0.0,0.0,0.0,0.0,0.0,1,1,0,0,0,0,0,0,0,0,0,0,0,0,0,0,0,0
7021776000,0.0,0.0,0.0,0.0,0.0,0.0,0.0,0.0,0.0,0.0,0.0,0.0,1,1,0,0,0,0,0,0,0,0,0,0,0,0,0,0,0,0
7021976000,0.0,0.0,0.0,0.0,0.0,0.0,0.0,0.0,0.0,0.0,0.0,0.0,1,1,0,0,0,0,0,0,0,0,0,0,0,0,0,0,0,0
7022176000,0.0,0.0,0.0,0.0,0.0,0.0,0.0,0.0,0.0,0.0,0.0,0.0,1,1,0,0,0,0,0,0,0,0,0,0,0,0,0,0,0,0
7022376000,0.0,0.0,0.0,0.0,0.0,0.0,0.0,0.0,0.0,0.0,0.0,0.0,1,1,0,0,0,0,0,0,0,0,0,0,0,0,0,0,0,0
7022576000,0.0,0.0,0.0,0.0,0.0,0.0,0.0,0.0,0.0,0.0,0.0,0.0,1,1,0,0,0,0,0,0,0,0,0,0,0,0,0,0,0,0
7022776000,0.0,0.0,0.0,0.0,0.0,0.0,0.0,0.0,0.0,0.0,0.0,0.0,1,1,0,0,0,0,0,0,0,0,0,0,0,0,0,0,0,0
7022972000,0.0,0.0,0.0,0.0,0.0,0.0,0.0,0.0,0.0,0.0,0.0,0.0,1,1,0,0,0,0,0,0,0,0,0,0,0,0,0,0,0,0
7023176000,0.0,0.0,0.0,0.0,0.0,0.0,0.0,0.0,0.0,0.0,0.0,0.0,1,1,0,0,0,0,0,0,0,0,0,0,0,0,0,0,0,0
7023372000,0.0,0.0,0.0,0.0,0.0,0.0,0.0,0.0,0.0,0.0,0.0,0.0,1,1,0,0,0,0,0,0,0,0,0,0,0,0,0,0,0,0
7023572000,0.0,0.0,0.0,0.0,0.0,0.0,0.0,0.0,0.0,0.0,0.0,0.0,1,1,0,0,0,0,0,0,0,0,0,0,0,0,0,0,0,0
7023776000,0.0,0.0,0.0,0.0,0.0,0.0,0.0,0.0,0.0,0.0,0.0,0.0,1,1,0,0,0,0,0,0,0,0,0,0,0,0,0,0,0,0
7023972000,0.0,0.0,0.0,0.0,0.0,0.0,0.0,0.0,0.0,0.0,0.0,0.0,1,1,0,0,0,0,0,0,0,0,0,0,0,0,0,0,0,0
7024176000,0.0,0.0,0.0,0.0,0.0,0.0,0.0,0.0,0.0,0.0,0.0,0.0,1,1,0,0,0,0,0,0,0,0,0,0,0,0,0,0,0,0
7024376000,0.0,0.0,0.0,0.0,0.0,0.0,0.0,0.0,0.0,0.0,0.0,0.0,1,1,0,0,0,0,0,0,0,0,0,0,0,0,0,0,0,0
7024576000,0.0,0.0,0.0,0.0,0.0,0.0,0.0,0.0,0.0,0.0,0.0,0.0,1,1,0,0,0,0,0,0,0,0,0,0,0,0,0,0,0,0
7024776000,0.0,0.0,0.0,0.0,0.0,0.0,0.0,0.0,0.0,0.0,0.0,0.0,1,1,0,0,0,0,0,0,0,0,0,0,0,0,0,0,0,0
7024976000,0.0,0.0,0.0,0.0,0.0,0.0,0.0,0.0,0.0,0.0,0.0,0.0,1,1,0,0,0,0,0,0,0,0,0,0,0,0,0,0,0,0
7025176000,0.0,0.0,0.0,0.0,0.0,0.0,0.0,0.0,0.0,0.0,0.0,0.0,1,1,0,0,0,0,0,0,0,0,0,0,0,0,0,0,0,0
7025376000,0.0,0.0,0.0,0.0,0.0,0.0,0.0,0.0,0.0,0.0,0.0,0.0,1,1,0,0,0,0,0,0,0,0,0,0,0,0,0,0,0,0
7025572000,0.0,0.0,0.0,0.0,0.0,0.0,0.0,0.0,0.0,0.0,0.0,0.0,1,1,0,0,0,0,0,0,0,0,0,0,0,0,0,0,0,0
7025776000,0.0,0.0,0.0,0.0,0.0,0.0,0.0,0.0,0.0,0.0,0.0,0.0,1,1,0,0,0,0,0,0,0,0,0,0,0,0,0,0,0,0
7025976000,0.0,0.0,0.0,0.0,0.0,0.0,0.0,0.0,0.0,0.0,0.0,0.0,1,1,0,0,0,0,0,0,0,0,0,0,0,0,0,0,0,0
7026176000,0.0,0.0,0.0,0.0,0.0,0.0,0.0,0.0,0.0,0.0,0.0,0.0,1,1,0,0,0,0,0,0,0,0,0,0,0,0,0,0,0,0
7026376000,0.0,0.0,0.0,0.0,0.0,0.0,0.0,0.0,0.0,0.0,0.0,0.0,1,1,0,0,0,0,0,0,0,0,0,0,0,0,0,0,0,0
7026576000,0.0,0.0,0.0,0.0,0.0,0.0,0.0,0.0,0.0,0.0,0.0,0.0,1,1,0,0,0,0,0,0,0,0,0,0,0,0,0,0,0,0
7026772000,0.0,0.0,0.0,0.0,0.0,0.0,0.0,0.0,0.0,0.0,0.0,0.0,1,1,0,0,0,0,0,0,0,0,0,0,0,0,0,0,0,0
7026972000,0.0,0.0,0.0,0.0,0.0,0.0,0.0,0.0,0.0,0.0,0.0,0.0,1,1,0,0,0,0,0,0,0,0,0,0,0,0,0,0,0,0
7027176000,0.0,0.0,0.0,0.0,0.0,0.0,0.0,0.0,0.0,0.0,0.0,0.0,1,1,0,0,0,0,0,0,0,0,0,0,0,0,0,0,0,0
7027376000,0.0,0.0,0.0,0.0,0.0,0.0,0.0,0.0,0.0,0.0,0.0,0.0,1,1,0,0,0,0,0,0,0,0,0,0,0,0,0,0,0,0
7027576000,0.0,0.0,0.0,0.0,0.0,0.0,0.0,0.0,0.0,0.0,0.0,0.0,1,1,0,0,0,0,0,0,0,0,0,0,0,0,0,0,0,0
7027776000,0.0,0.0,0.0,0.0,0.0,0.0,0.0,0.0,0.0,0.0,0.0,0.0,1,1,0,0,0,0,0,0,0,0,0,0,0,0,0,0,0,0
7027972000,0.0,0.0,0.0,0.0,0.0,0.0,0.0,0.0,0.0,0.0,0.0,0.0,1,1,0,0,0,0,0,0,0,0,0,0,0,0,0,0,0,0
7028176000,0.0,0.0,0.0,0.0,0.0,0.0,0.0,0.0,0.0,0.0,0.0,0.0,1,1,0,0,0,0,0,0,0,0,0,0,0,0,0,0,0,0
7028376000,0.0,0.0,0.0,0.0,0.0,0.0,0.0,0.0,0.0,0.0,0.0,0.0,1,1,0,0,0,0,0,0,0,0,0,0,0,0,0,0,0,0
7028576000,0.0,0.0,0.0,0.0,0.0,0.0,0.0,0.0,0.0,0.0,0.0,0.0,1,1,0,0,0,0,0,0,0,0,0,0,0,0,0,0,0,0
7028776000,0.0,0.0,0.0,0.0,0.0,0.0,0.0,0.0,0.0,0.0,0.0,0.0,1,1,0,0,0,0,0,0,0,0,0,0,0,0,0,0,0,0
7028976000,0.0,0.0,0.0,0.0,0.0,0.0,0.0,0.0,0.0,0.0,0.0,0.0,1,1,0,0,0,0,0,0,0,0,0,0,0,0,0,0,0,0
7029176000,0.0,0.0,0.0,0.0,0.0,0.0,0.0,0.0,0.0,0.0,0.0,0.0,1,1,0,0,0,0,0,0,0,0,0,0,0,0,0,0,0,0
7029376000,0.0,0.0,0.0,0.0,0.0,0.0,0.0,0.0,0.0,0.0,0.0,0.0,1,1,0,0,0,0,0,0,0,0,0,0,0,0,0,0,0,0
7029572000,0.0,0.0,0.0,0.0,0.0,0.0,0.0,0.0,0.0,0.0,0.0,0.0,1,1,0,0,0,0,0,0,0,0,0,0,0,0,0,0,0,0
7029776000,0.0,0.0,0.0,0.0,0.0,0.0,0.0,0.0,0.0,0.0,0.0,0.0,1,1,0,0,0,0,0,0,0,0,0,0,0,0,0,0,0,0
7029976000,0.0,0.0,0.0,0.0,0.0,0.0,0.0,0.0,0.0,0.0,0.0,0.0,1,1,0,0,0,0,0,0,0,0,0,0,0,0,0,0,0,0
7030176000,0.0,0.0,0.0,0.0,0.0,0.0,0.0,0.0,0.0,0.0,0.0,0.0,1,1,0,0,0,0,0,0,0,0,0,0,0,0,0,0,0,0
7030376000,0.0,0.0,0.0,0.0,0.0,0.0,0.0,0.0,0.0,0.0,0.0,0.0,1,1,0,0,0,0,0,0,0,0,0,0,0,0,0,0,0,0
7030576000,0.0,0.0,0.0,0.0,0.0,0.0,0.0,0.0,0.0,0.0,0.0,0.0,1,1,0,0,0,0,0,0,0,0,0,0,0,0,0,0,0,0
7030776000,0.0,0.0,0.0,0.0,0.0,0.0,0.0,0.0,0.0,0.0,0.0,0.0,1,1,0,0,0,0,0,0,0,0,0,0,0,0,0,0,0,0
7030972000,0.0,0.0,0.0,0.0,0.0,0.0,0.0,0.0,0.0,0.0,0.0,0.0,1,1,0,0,0,0,0,0,0,0,0,0,0,0,0,0,0,0
7031176000,0.0,0.0,0.0,0.0,0.0,0.0,0.0,0.0,0.0,0.0,0.0,0.0,1,1,0,0,0,0,0,0,0,0,0,0,0,0,0,0,0,0
7031376000,0.0,0.0,0.0,0.0,0.0,0.0,0.0,0.0,0.0,0.0,0.0,0.0,1,1,0,0,0,0,0,0,0,0,0,0,0,0,0,0,0,0
7031576000,0.0,0.0,0.0,0.0,0.0,0.0,0.0,0.0,0.0,0.0,0.0,0.0,1,1,0,0,0,0,0,0,0,0,0,0,0,0,0,0,0,0
7031776000,0.0,0.0,0.0,0.0,0.0,0.0,0.0,0.0,0.0,0.0,0.0,0.0,1,1,0,0,0,0,0,0,0,0,0,0,0,0,0,0,0,0
7031976000,0.0,0.0,0.0,0.0,0.0,0.0,0.0,0.0,0.0,0.0,0.0,0.0,1,1,0,0,0,0,0,0,0,0,0,0,0,0,0,0,0,0
7032176000,0.0,0.0,0.0,0.0,0.0,0.0,0.0,0.0,0.0,0.0,0.0,0.0,1,1,0,0,0,0,0,0,0,0,0,0,0,0,0,0,0,0
7032376000,0.0,0.0,0.0,0.0,0.0,0.0,0.0,0.0,0.0,0.0,0.0,0.0,1,1,0,0,0,0,0,0,0,0,0,0,0,0,0,0,0,0
7032576000,0.0,0.0,0.0,0.0,0.0,0.0,0.0,0.0,0.0,0.0,0.0,0.0,1,1,0,0,0,0,0,0,0,0,0,0,0,0,0,0,0,0
7032776000,0.0,0.0,0.0,0.0,0.0,0.0,0.0,0.0,0.0,0.0,0.0,0.0,1,1,0,0,0,0,0,0,0,0,0,0,0,0,0,0,0,0
7032976000,0.0,0.0,0.0,0.0,0.0,0.0,0.0,0.0,0.0,0.0,0.0,0.0,1,1,0,0,0,0,0,0,0,0,0,0,0,0,0,0,0,0
7033176000,0.0,0.0,0.0,0.0,0.0,0.0,0.0,0.0,0.0,0.0,0.0,0.0,1,1,0,0,0,0,0,0,0,0,0,0,0,0,0,0,0,0
7033376000,0.0,0.0,0.0,0.0,0.0,0.0,0.0,0.0,0.0,0.0,0.0,0.0,1,1,0,0,0,0,0,0,0,0,0,0,0,0,0,0,0,0
7033576000,0.0,0.0,0.0,0.0,0.0,0.0,0.0,0.0,0.0,0.0,0.0,0.0,1,1,0,0,0,0,0,0,0,0,0,0,0,0,0,0,0,0
7033776000,0.0,0.0,0.0,0.0,0.0,0.0,0.0,0.0,0.0,0.0,0.0,0.0,1,1,0,0,0,0,0,0,0,0,0,0,0,0,0,0,0,0
7033972000,0.0,0.0,0.0,0.0,0.0,0.0,0.0,0.0,0.0,0.0,0.0,0.0,1,1,0,0,0,0,0,0,0,0,0,0,0,0,0,0,0,0
7034176000,0.0,0.0,0.0,0.0,0.0,0.0,0.0,0.0,0.0,0.0,0.0,0.0,1,1,0,0,0,0,0,0,0,0,0,0,0,0,0,0,0,0
7034376000,0.0,0.0,0.0,0.0,0.0,0.0,0.0,0.0,0.0,0.0,0.0,0.0,1,1,0,0,0,0,0,0,0,0,0,0,0,0,0,0,0,0
7034576000,0.0,0.0,0.0,0.0,0.0,0.0,0.0,0.0,0.0,0.0,0.0,0.0,1,1,0,0,0,0,0,0,0,0,0,0,0,0,0,0,0,0
7034776000,0.0,0.0,0.0,0.0,0.0,0.0,0.0,0.0,0.0,0.0,0.0,0.0,1,1,0,0,0,0,0,0,0,0,0,0,0,0,0,0,0,0
7034976000,0.0,0.0,0.0,0.0,0.0,0.0,0.0,0.0,0.0,0.0,0.0,0.0,1,1,0,0,0,0,0,0,0,0,0,0,0,0,0,0,0,0
7035176000,0.0,0.0,0.0,0.0,0.0,0.0,0.0,0.0,0.0,0.0,0.0,0.0,1,1,0,0,0,0,0,0,0,0,0,0,0,0,0,0,0,0
7035376000,0.0,0.0,0.0,0.0,0.0,0.0,0.0,0.0,0.0,0.0,0.0,0.0,1,1,0,0,0,0,0,0,0,0,0,0,0,0,0,0,0,0
7035576000,0.0,0.0,0.0,0.0,0.0,0.0,0.0,0.0,0.0,0.0,0.0,0.0,1,1,0,0,0,0,0,0,0,0,0,0,0,0,0,0,0,0
7035776000,0.0,0.0,0.0,0.0,0.0,0.0,0.0,0.0,0.0,0.0,0.0,0.0,1,1,0,0,0,0,0,0,0,0,0,0,0,0,0,0,0,0
7035976000,0.0,0.0,0.0,0.0,0.0,0.0,0.0,0.0,0.0,0.0,0.0,0.0,1,1,0,0,0,0,0,0,0,0,0,0,0,0,0,0,0,0
7036176000,0.0,0.0,0.0,0.0,0.0,0.0,0.0,0.0,0.0,0.0,0.0,0.0,1,1,0,0,0,0,0,0,0,0,0,0,0,0,0,0,0,0
7036376000,0.0,0.0,0.0,0.0,0.0,0.0,0.0,0.0,0.0,0.0,0.0,0.0,1,1,0,0,0,0,0,0,0,0,0,0,0,0,0,0,0,0
7036576000,0.0,0.0,0.0,0.0,0.0,0.0,0.0,0.0,0.0,0.0,0.0,0.0,1,1,0,0,0,0,0,0,0,0,0,0,0,0,0,0,0,0
7036776000,0.0,0.0,0.0,0.0,0.0,0.0,0.0,0.0,0.0,0.0,0.0,0.0,1,1,0,0,0,0,0,0,0,0,0,0,0,0,0,0,0,0
7036976000,0.0,0.0,0.0,0.0,0.0,0.0,0.0,0.0,0.0,0.0,0.0,0.0,1,1,0,0,0,0,0,0,0,0,0,0,0,0,0,0,0,0
7037172000,0.0,0.0,0.0,0.0,0.0,0.0,0.0,0.0,0.0,0.0,0.0,0.0,1,1,0,0,0,0,0,0,0,0,0,0,0,0,0,0,0,0
7037376000,0.0,0.0,0.0,0.0,0.0,0.0,0.0,0.0,0.0,0.0,0.0,0.0,1,1,0,0,0,0,0,0,0,0,0,0,0,0,0,0,0,0
7037576000,0.0,0.0,0.0,0.0,0.0,0.0,0.0,0.0,0.0,0.0,0.0,0.0,1,1,0,0,0,0,0,0,0,0,0,0,0,0,0,0,0,0
7037776000,0.0,0.0,0.0,0.0,0.0,0.0,0.0,0.0,0.0,0.0,0.0,0.0,1,1,0,0,0,0,0,0,0,0,0,0,0,0,0,0,0,0
7037972000,0.0,0.0,0.0,0.0,0.0,0.0,0.0,0.0,0.0,0.0,0.0,0.0,1,1,0,0,0,0,0,0,0,0,0,0,0,0,0,0,0,0
7038176000,0.0,0.0,0.0,0.0,0.0,0.0,0.0,0.0,0.0,0.0,0.0,0.0,1,1,0,0,0,0,0,0,0,0,0,0,0,0,0,0,0,0
7038376000,0.0,0.0,0.0,0.0,0.0,0.0,0.0,0.0,0.0,0.0,0.0,0.0,1,1,0,0,0,0,0,0,0,0,0,0,0,0,0,0,0,0
7038576000,0.0,0.0,0.0,0.0,0.0,0.0,0.0,0.0,0.0,0.0,0.0,0.0,1,1,0,0,0,0,0,0,0,0,0,0,0,0,0,0,0,0
7038776000,0.0,0.0,0.0,0.0,0.0,0.0,0.0,0.0,0.0,0.0,0.0,0.0,1,1,0,0,0,0,0,0,0,0,0,0,0,0,0,0,0,0
7038976000,0.0,0.0,0.0,0.0,0.0,0.0,0.0,0.0,0.0,0.0,0.0,0.0,1,1,0,0,0,0,0,0,0,0,0,0,0,0,0,0,0,0
7039172000,0.0,0.0,0.0,0.0,0.0,0.0,0.0,0.0,0.0,0.0,0.0,0.0,1,1,0,0,0,0,0,0,0,0,0,0,0,0,0,0,0,0
7039376000,0.0,0.0,0.0,0.0,0.0,0.0,0.0,0.0,0.0,0.0,0.0,0.0,1,1,0,0,0,0,0,0,0,0,0,0,0,0,0,0,0,0
7039576000,0.0,0.0,0.0,0.0,0.0,0.0,0.0,0.0,0.0,0.0,0.0,0.0,1,1,0,0,0,0,0,0,0,0,0,0,0,0,0,0,0,0
7039772000,0.0,0.0,0.0,0.0,0.0,0.0,0.0,0.0,0.0,0.0,0.0,0.0,1,1,0,0,0,0,0,0,0,0,0,0,0,0,0,0,0,0
7039976000,0.0,0.0,0.0,0.0,0.0,0.0,0.0,0.0,0.0,0.0,0.0,0.0,1,1,0,0,0,0,0,0,0,0,0,0,0,0,0,0,0,0
7040172000,0.0,0.0,0.0,0.0,0.0,0.0,0.0,0.0,0.0,0.0,0.0,0.0,1,1,0,0,0,0,0,0,0,0,0,0,0,0,0,0,0,0
7040376000,0.0,0.0,0.0,0.0,0.0,0.0,0.0,0.0,0.0,0.0,0.0,0.0,1,1,0,0,0,0,0,0,0,0,0,0,0,0,0,0,0,0
7040576000,0.0,0.0,0.0,0.0,0.0,0.0,0.0,0.0,0.0,0.0,0.0,0.0,1,1,0,0,0,0,0,0,0,0,0,0,0,0,0,0,0,0
7040776000,0.0,0.0,0.0,0.0,0.0,0.0,0.0,0.0,0.0,0.0,0.0,0.0,1,1,0,0,0,0,0,0,0,0,0,0,0,0,0,0,0,0
7040976000,0.0,0.0,0.0,0.0,0.0,0.0,0.0,0.0,0.0,0.0,0.0,0.0,1,1,0,0,0,0,0,0,0,0,0,0,0,0,0,0,0,0
7041176000,0.0,0.0,0.0,0.0,0.0,0.0,0.0,0.0,0.0,0.0,0.0,0.0,1,1,0,0,0,0,0,0,0,0,0,0,0,0,0,0,0,0
7041376000,0.0,0.0,0.0,0.0,0.0,0.0,0.0,0.0,0.0,0.0,0.0,0.0,1,1,0,0,0,0,0,0,0,0,0,0,0,0,0,0,0,0
7041576000,0.0,0.0,0.0,0.0,0.0,0.0,0.0,0.0,0.0,0.0,0.0,0.0,1,1,0,0,0,0,0,0,0,0,0,0,0,0,0,0,0,0
7041776000,0.0,0.0,0.0,0.0,0.0,0.0,0.0,0.0,0.0,0.0,0.0,0.0,1,1,0,0,0,0,0,0,0,0,0,0,0,0,0,0,0,0
7041976000,0.0,0.0,0.0,0.0,0.0,0.0,0.0,0.0,0.0,0.0,0.0,0.0,1,1,0,0,0,0,0,0,0,0,0,0,0,0,0,0,0,0
7042176000,0.0,0.0,0.0,0.0,0.0,0.0,0.0,0.0,0.0,0.0,0.0,0.0,1,1,0,0,0,0,0,0,0,0,0,0,0,0,0,0,0,0
7042376000,0.0,0.0,0.0,0.0,0.0,0.0,0.0,0.0,0.0,0.0,0.0,0.0,1,1,0,0,0,0,0,0,0,0,0,0,0,0,0,0,0,0
7042576000,0.0,0.0,0.0,0.0,0.0,0.0,0.0,0.0,0.0,0.0,0.0,0.0,1,1,0,0,0,0,0,0,0,0,0,0,0,0,0,0,0,0
7042776000,0.0,0.0,0.0,0.0,0.0,0.0,0.0,0.0,0.0,0.0,0.0,0.0,1,1,0,0,0,0,0,0,0,0,0,0,0,0,0,0,0,0
7042976000,0.0,0.0,0.0,0.0,0.0,0.0,0.0,0.0,0.0,0.0,0.0,0.0,1,1,0,0,0,0,0,0,0,0,0,0,0,0,0,0,0,0
7043172000,0.0,0.0,0.0,0.0,0.0,0.0,0.0,0.0,0.0,0.0,0.0,0.0,1,1,0,0,0,0,0,0,0,0,0,0,0,0,0,0,0,0
7043372000,0.0,0.0,0.0,0.0,0.0,0.0,0.0,0.0,0.0,0.0,0.0,0.0,1,1,0,0,0,0,0,0,0,0,0,0,0,0,0,0,0,0
7043572000,0.0,0.0,0.0,0.0,0.0,0.0,0.0,0.0,0.0,0.0,0.0,0.0,1,1,0,0,0,0,0,0,0,0,0,0,0,0,0,0,0,0
7043776000,0.0,0.0,0.0,0.0,0.0,0.0,0.0,0.0,0.0,0.0,0.0,0.0,1,1,0,0,0,0,0,0,0,0,0,0,0,0,0,0,0,0
7043976000,0.0,0.0,0.0,0.0,0.0,0.0,0.0,0.0,0.0,0.0,0.0,0.0,1,1,0,0,0,0,0,0,0,0,0,0,0,0,0,0,0,0
7044176000,0.0,0.0,0.0,0.0,0.0,0.0,0.0,0.0,0.0,0.0,0.0,0.0,1,1,0,0,0,0,0,0,0,0,0,0,0,0,0,0,0,0
7044372000,0.0,0.0,0.0,0.0,0.0,0.0,0.0,0.0,0.0,0.0,0.0,0.0,1,1,0,0,0,0,0,0,0,0,0,0,0,0,0,0,0,0
7044576000,0.0,0.0,0.0,0.0,0.0,0.0,0.0,0.0,0.0,0.0,0.0,0.0,1,1,0,0,0,0,0,0,0,0,0,0,0,0,0,0,0,0
7044776000,0.0,0.0,0.0,0.0,0.0,0.0,0.0,0.0,0.0,0.0,0.0,0.0,1,1,0,0,0,0,0,0,0,0,0,0,0,0,0,0,0,0
7044976000,0.0,0.0,0.0,0.0,0.0,0.0,0.0,0.0,0.0,0.0,0.0,0.0,1,1,0,0,0,0,0,0,0,0,0,0,0,0,0,0,0,0
7045176000,0.0,0.0,0.0,0.0,0.0,0.0,0.0,0.0,0.0,0.0,0.0,0.0,1,1,0,0,0,0,0,0,0,0,0,0,0,0,0,0,0,0
7045376000,0.0,0.0,0.0,0.0,0.0,0.0,0.0,0.0,0.0,0.0,0.0,0.0,1,1,0,0,0,0,0,0,0,0,0,0,0,0,0,0,0,0
7045576000,0.0,0.0,0.0,0.0,0.0,0.0,0.0,0.0,0.0,0.0,0.0,0.0,1,1,0,0,0,0,0,0,0,0,0,0,0,0,0,0,0,0
7045776000,0.0,0.0,0.0,0.0,0.0,0.0,0.0,0.0,0.0,0.0,0.0,0.0,1,1,0,0,0,0,0,0,0,0,0,0,0,0,0,0,0,0
7045976000,0.0,0.0,0.0,0.0,0.0,0.0,0.0,0.0,0.0,0.0,0.0,0.0,1,1,0,0,0,0,0,0,0,0,0,0,0,0,0,0,0,0
7046176000,0.0,0.0,0.0,1.0,1.0,1.0,0.0,0.0,0.0,0.0,0.0,1.0,0,0,0,0,0,0,0,0,0,0,0,0,0,0,0,0,0,0
7046376000,0.0,0.0,0.0,1.0,1.0,1.0,0.0,0.0,0.0,0.0,0.0,1.0,0,0,0,0,0,0,0,0,0,0,0,0,0,0,0,0,0,0
7046576000,0.0,0.0,0.0,1.0,1.0,1.0,0.0,0.0,0.0,0.0,0.0,1.0,0,0,0,0,0,0,0,0,0,0,0,0,0,0,0,0,0,0
7046776000,0.0,0.0,0.0,1.0,1.0,1.0,0.0,0.0,0.0,0.0,0.0,1.0,0,0,0,0,0,0,0,0,0,0,0,0,0,0,0,0,0,0
7046976000,0.0,0.0,0.0,1.0,1.0,1.0,0.0,0.0,0.0,0.0,0.0,1.0,0,0,0,0,0,0,0,0,0,0,0,0,0,0,0,0,0,0
7047176000,0.0,0.0,0.0,1.0,1.0,1.0,0.0,0.0,0.0,0.0,0.0,1.0,0,0,0,0,0,0,0,0,0,0,0,0,0,0,0,0,0,0
7047376000,0.0,0.0,0.0,1.0,1.0,1.0,0.0,0.0,0.0,0.0,0.0,1.0,0,0,0,0,0,0,0,0,0,0,0,0,0,0,0,0,0,0
7047572000,0.0,0.0,0.0,1.0,1.0,1.0,0.0,0.0,0.0,0.0,0.0,1.0,0,0,0,0,0,0,0,0,0,0,0,0,0,0,0,0,0,0
7047776000,0.0,0.0,0.0,1.0,1.0,1.0,0.0,0.0,0.0,0.0,0.0,1.0,0,0,0,0,0,0,0,0,0,0,0,0,0,0,0,0,0,0
7047976000,0.0,0.0,0.0,1.0,1.0,1.0,0.0,0.0,0.0,0.0,0.0,1.0,0,0,0,0,0,0,0,0,0,0,0,0,0,0,0,0,0,0
7048176000,0.0,0.0,0.0,1.0,1.0,1.0,0.0,0.0,0.0,0.0,0.0,1.0,0,0,0,0,0,0,0,0,0,0,0,0,0,0,0,0,0,0
7048376000,0.0,0.0,0.0,1.0,1.0,1.0,0.0,0.0,0.0,0.0,0.0,1.0,0,0,0,0,0,0,0,0,0,0,0,0,0,0,0,0,0,0
7048576000,0.0,0.0,0.0,1.0,1.0,1.0,0.0,0.0,0.0,0.0,0.0,1.0,0,0,0,0,0,0,0,0,0,0,0,0,0,0,0,0,0,0
7048776000,0.0,0.0,0.0,1.0,1.0,1.0,0.0,0.0,0.0,0.0,0.0,1.0,0,0,0,0,0,0,0,0,0,0,0,0,0,0,0,0,0,0
7048976000,0.0,0.0,0.0,1.0,1.0,1.0,0.0,0.0,0.0,0.0,0.0,1.0,0,0,0,0,0,0,0,0,0,0,0,0,0,0,0,0,0,0
