timestamp,timestamp_sample,gyro_device_id,gyro_bias[0],gyro_bias[1],gyro_bias[2],gyro_bias_limit,gyro_bias_variance[0],gyro_bias_variance[1],gyro_bias_variance[2],accel_device_id,accel_bias[0],accel_bias[1],accel_bias[2],accel_bias_limit,accel_bias_variance[0],accel_bias_variance[1],accel_bias_variance[2],mag_device_id,mag_bias[0],mag_bias[1],mag_bias[2],mag_bias_limit,mag_bias_variance[0],mag_bias_variance[1],mag_bias_variance[2],gyro_bias_valid,gyro_bias_stable,accel_bias_valid,accel_bias_stable,mag_bias_valid,mag_bias_stable
6970932000,6970852000,1310996,-0.00095463614,0.0004564216,0.00042801313,0.34906584,1.3792334e-07,1.3789675e-07,4.0339472e-07,1310996,-0.0031022457,-0.0021101537,0.058157485,0.4,0.0007822001,0.0007821997,0.00078123936,197388,-0.00010509871,-0.0008258051,0.0018050523,0.5,0.0025000002,0.0025000002,0.0025000002,1,1,1,1,1,0
6971348000,6971268000,1310996,-0.00096107234,0.00045277516,0.0004260503,0.34906584,1.3791802e-07,1.378924e-07,4.0227405e-07,1310996,-0.0031074707,-0.0021055273,0.059324153,0.4,0.0007822275,0.00078222726,0.00078123936,197388,-0.00010509871,-0.0008258051,0.0018050523,0.5,0.0025000002,0.0025000002,0.0025000002,1,1,1,1,1,0
6971764000,6971684000,1310996,-0.00096307154,0.00046134932,0.00041989368,0.34906584,1.3791036e-07,1.3788338e-07,4.0117482e-07,1310996,-0.003101197,-0.0021018726,0.057907544,0.4,0.0007822538,0.00078225357,0.00078123936,197388,-0.00010509871,-0.0008258051,0.0018050523,0.5,0.0025000002,0.0025000002,0.0025000002,1,1,1,1,1,0
6972388000,6972308000,1310996,-0.00096080836,0.00046667844,0.00041468823,0.34906584,1.3790809e-07,1.3788168e-07,4.0029235e-07,1310996,-0.0030979952,-0.002101684,0.059188418,0.4,0.0007822954,0.000782295,0.00078123936,197388,-0.00010509871,-0.0008258051,0.0018050523,0.5,0.0025000002,0.0025000002,0.0025000002,1,1,1,1,1,0
6973012000,6972932000,1310996,-0.0009566484,0.0004633821,0.0004093253,0.34906584,1.379104e-07,1.3788679e-07,3.987127e-07,1310996,-0.0030994841,-0.0021044244,0.0633134,0.4,0.00078233745,0.0007823369,0.00078123936,197388,-0.00010509871,-0.0008258051,0.0018050523,0.5,0.0025000002,0.0025000002,0.0025000002,1,1,1,1,1,0
6973220000,6973140000,1310996,-0.00095329655,0.00045967166,0.00040911342,0.34906584,1.379111e-07,1.3788916e-07,3.9819525e-07,1310996,-0.0031013915,-0.0021079204,0.06538624,0.4,0.0007823519,0.00078235136,0.00078123936,197388,-0.00010509871,-0.0008258051,0.0018050523,0.5,0.0025000002,0.0025000002,0.0025000002,1,1,1,1,1,0
6973428000,6973348000,1310996,-0.00095748634,0.00046794667,0.00040380112,0.34906584,1.3791453e-07,1.3789011e-07,3.9768008e-07,1310996,-0.0030969249,-0.002102523,0.06758644,0.4,0.00078236614,0.0007823658,0.00078123936,197388,-0.00010509871,-0.0008258051,0.0018050523,0.5,0.0025000002,0.0025000002,0.0025000002,1,1,1,1,1,0
6974052000,6973972000,1310996,-0.0009743161,0.0004638493,0.0004035164,0.34906584,1.3790664e-07,1.3788129e-07,3.9617e-07,1310996,-0.0031031661,-0.002091127,0.06920738,0.4,0.0007824078,0.00078240706,0.00078123936,197388,-0.00010509871,-0.0008258051,0.0018050523,0.5,0.0025000002,0.0025000002,0.0025000002,1,1,1,1,1,0
6974260000,6974180000,1310996,-0.000983344,0.00046490377,0.00040052924,0.34906584,1.3790724e-07,1.3788063e-07,3.95675e-07,1310996,-0.0031037107,-0.0020846599,0.070901684,0.4,0.00078242243,0.0007824215,0.00078123936,197388,-0.00010509871,-0.0008258051,0.0018050523,0.5,0.0025000002,0.0025000002,0.0025000002,1,1,1,1,1,0
6974468000,6974388000,1310996,-0.0009829531,0.00045990443,0.00039871744,0.34906584,1.3791356e-07,1.3788855e-07,3.9518497e-07,1310996,-0.0031069617,-0.0020858508,0.07579882,0.4,0.00078243716,0.0007824363,0.00078123936,197388,-0.00010509871,-0.0008258051,0.0018050523,0.5,0.0025000002,0.0025000002,0.0025000002,1,1,1,1,1,0
6974676000,6974596000,1310996,-0.0009717046,0.00046305818,0.00039645965,0.34906584,1.3790378e-07,1.3788006e-07,3.946911e-07,1310996,-0.003103148,-0.0020948749,0.073314436,0.4,0.00078244903,0.00078244763,0.00078123936,197388,-0.00010509871,-0.0008258051,0.0018050523,0.5,0.0025000002,0.0025000002,0.0025000002,1,1,1,1,1,0
6974884000,6974804000,1310996,-0.00096408534,0.0004641947,0.0003931803,0.34906584,1.3790823e-07,1.3788559e-07,3.9420485e-07,1310996,-0.0031025987,-0.002100641,0.07663582,0.4,0.0007824638,0.0007824621,0.00078123936,197388,-0.00010509871,-0.0008258051,0.0018050523,0.5,0.0025000002,0.0025000002,0.0025000002,1,1,1,1,1,0
6975092000,6975012000,1310996,-0.00096529967,0.00046827763,0.00039073086,0.34906584,1.378972e-07,1.3787357e-07,3.9372398e-07,1310996,-0.0030986934,-0.0020985326,0.07311896,0.4,0.0007824751,0.0007824734,0.00078123936,197388,-0.00010509871,-0.0008258051,0.0018050523,0.5,0.0025000002,0.0025000002,0.0025000002,1,1,1,1,1,0
6975300000,6975220000,1310996,-0.00095912354,0.00046857112,0.00039258436,0.34906584,1.3790412e-07,1.3788149e-07,3.9324667e-07,1310996,-0.0030987258,-0.002103428,0.07712712,0.4,0.00078248983,0.000782488,0.00078123936,197388,-0.00010509871,-0.0008258051,0.0018050523,0.5,0.0025000002,0.0025000002,0.0025000002,1,1,1,1,1,0
6975716000,6975636000,1310996,-0.00096538273,0.00049096876,0.0003926566,0.34906584,1.3789997e-07,1.3787144e-07,3.9229644e-07,1310996,-0.0030829667,-0.0020956222,0.07560275,0.4,0.0007825162,0.00078251504,0.00078123936,197388,-0.00010509871,-0.0008258051,0.0018050523,0.5,0.0025000002,0.0025000002,0.0025000002,1,1,1,1,1,0
6976132000,6976052000,1310996,-0.00095488987,0.0005059324,0.00039067364,0.34906584,1.3790148e-07,1.3787178e-07,3.9207475e-07,1310996,-0.003072867,-0.0021013427,0.07668697,0.4,0.0007825446,0.0007825434,0.00078123936,197388,-0.00010509871,-0.0008258051,0.0018050523,0.5,0.0025000002,0.0025000002,0.0025000002,1,1,1,1,1,0
6977132000,6977052000,1310996,-0.0009549632,0.0005066774,0.00038728732,0.34906584,1.4573759e-07,1.4570921e-07,3.902085e-07,1310996,-0.0030725938,-0.0021009282,0.07678073,0.4,0.00078261597,0.00078261475,0.00078124227,197388,-0.00010509871,-0.0008258051,0.0018050523,0.5,0.0025000002,0.0025000002,0.0025000002,1,0,1,0,1,0
6977844000,6977764000,1310996,-0.00095781253,0.00051174004,0.0003965153,0.34906584,1.5011844e-07,1.5008904e-07,3.8889632e-07,1310996,-0.0030207671,-0.0020685648,0.07524407,0.4,0.0007825376,0.0007825365,0.00078123936,197388,-0.00010509871,-0.0008258051,0.0018050523,0.5,0.0025000002,0.0025000002,0.0025000002,1,0,1,0,1,0
6978836000,6978756000,1310996,-0.0009584086,0.0005136683,0.00038365833,0.34906584,1.541185e-07,1.5409123e-07,3.8849203e-07,1310996,-0.0030262999,-0.0020450817,0.07676702,0.4,0.0007822505,0.00078225037,0.00078123936,197388,-0.00010509871,-0.0008258051,0.0018050523,0.5,0.0025000002,0.0025000002,0.0025000002,1,0,1,0,1,0
6979836000,6979756000,1310996,-0.0009597347,0.0005171693,0.00038372373,0.34906584,1.5864403e-07,1.5861774e-07,3.9648515e-07,1310996,-0.0030938499,-0.0020394996,0.07667129,0.4,0.0007812405,0.0007812405,0.00078123994,197388,-0.00010509871,-0.0008258051,0.0018050523,0.5,0.0025000002,0.0025000002,0.0025000002,1,0,1,0,1,0
6980812000,6980732000,1310996,-0.0009578075,0.0005205089,0.00038367635,0.34906584,1.6396604e-07,1.6394019e-07,4.0426553e-07,1310996,-0.0033794853,-0.0014418183,0.07573967,0.4,0.00078123936,0.00078123936,0.00078123936,197388,-0.00010509871,-0.0008258051,0.0018050523,0.5,0.0025000002,0.0025000002,0.0025000002,1,0,1,0,1,0
6981228000,6981148000,1310996,-0.0009581754,0.00052392716,0.0003837594,0.34906584,1.663356e-07,1.6630969e-07,4.0757223e-07,1310996,-0.003914982,-0.0014097354,0.07440155,0.4,0.00078123936,0.00078123936,0.00078123936,197388,-0.00010509871,-0.0008258051,0.0018050523,0.5,0.0025000002,0.0025000002,0.0025000002,1,0,1,0,1,0
6982004000,6981924000,1310996,-0.000955323,0.0005317079,0.00038454978,0.34906584,1.7138214e-07,1.7135226e-07,4.137199e-07,1310996,-0.005457519,-0.00064950116,0.07407052,0.4,0.00078123936,0.00078123936,0.00078123936,197388,-0.00010509871,-0.0008258051,0.0018050523,0.5,0.0025000002,0.0025000002,0.0025000002,1,0,1,0,1,0
6982628000,6982548000,1310996,-0.00095706835,0.00053782744,0.00038562514,0.34906584,1.7544623e-07,1.7538888e-07,4.186376e-07,1310996,-0.0066332966,-0.0009200774,0.07385389,0.4,0.00078123936,0.00078123936,0.00078123936,197388,-0.00010509871,-0.0008258051,0.0018050523,0.5,0.0025000002,0.0025000002,0.0025000002,1,0,1,0,1,0
6982692000,6982612000,1310996,-0.00095706875,0.00053782685,0.00038562514,0.34906584,1.7595823e-07,1.7590088e-07,4.1914961e-07,1310996,-0.006633495,-0.00092001515,0.073878154,0.4,0.00078124384,0.00078124396,0.0007812405,197388,0.0018287464,-0.00065722456,0.00068892207,0.5,0.0014135032,0.0015551543,0.001630984,1,0,1,0,1,0
6982764000,6982684000,1310996,-0.0009570704,0.0005378251,0.00038562517,0.34906584,1.7653424e-07,1.7647689e-07,4.197256e-07,1310996,-0.0066343024,-0.0009197444,0.07396301,0.4,0.00078124885,0.00078124914,0.00078124163,197388,0.00030788322,-0.0011891904,0.000892962,0.5,0.0010932815,0.0013215182,0.0014423107,1,0,1,0,1,0
6983404000,6983324000,1310996,-0.0009631221,0.000540515,0.00038561597,0.34906584,1.808566e-07,1.807337e-07,4.248437e-07,1310996,-0.0071284603,-0.001959337,0.07507415,0.4,0.00078123936,0.00078123936,0.00078123936,197388,0.0001378333,-0.0014403069,0.0012797369,0.5,0.0006338011,0.0010161593,0.0012101615,1,0,1,0,1,0
6983844000,6983764000,1310996,-0.0009656865,0.00054279173,0.00038477682,0.34906584,1.8380537e-07,1.8361574e-07,4.283366e-07,1310996,-0.0074696974,-0.0023140137,0.07597601,0.4,0.0007812401,0.00078124093,0.00078123936,197388,0.00021755135,-0.0015162941,0.0014262955,0.5,0.000581182,0.0009860656,0.00118875,1,0,1,0,1,0
6984236000,6984156000,1310996,-0.00096771057,0.00054050214,0.00038462758,0.34906584,1.8633034e-07,1.8606751e-07,4.313896e-07,1310996,-0.007351714,-0.00239768,0.07735176,0.4,0.00078123936,0.00078123936,0.00078123936,197388,0.0002907524,-0.00139647,0.0014678196,0.5,0.0005576466,0.0009733075,0.0011800394,1,0,1,0,1,0
6984812000,6984732000,1310996,-0.0009706587,0.00053777825,0.00038403043,0.34906584,1.9002786e-07,1.89687e-07,4.3576748e-07,1310996,-0.007309795,-0.0025208252,0.07897763,0.4,0.00078123936,0.00078123936,0.00078123936,197388,0.0004321154,-0.0013980472,0.0014065334,0.5,0.00053391943,0.00096313184,0.0011724181,1,0,1,0,1,0
6985228000,6985148000,1310996,-0.00097088923,0.0005342275,0.00038501303,0.34906584,1.9232729e-07,1.9192909e-07,4.387635e-07,1310996,-0.0073044775,-0.0024313366,0.08032601,0.4,0.00078123936,0.00078123936,0.00078123936,197388,0.00036415266,-0.00145842,0.0014764469,0.5,0.00052145147,0.0009591709,0.0011690009,1,0,1,0,1,0
6985644000,6985564000,1310996,-0.00097002694,0.00052925857,0.00038693802,0.34906584,1.9443213e-07,1.9399779e-07,4.416122e-07,1310996,-0.0073126545,-0.0022163263,0.08188857,0.4,0.00078123936,0.00078123936,0.00078123936,197388,0.0003278898,-0.0014950474,0.0014864242,0.5,0.0005104479,0.00095683173,0.0011666452,1,0,1,0,1,0
6986220000,6986140000,1310996,-0.00096700166,0.00052328705,0.0003900996,0.34906584,1.972039e-07,1.9675348e-07,4.4539112e-07,1310996,-0.007358829,-0.0019170104,0.0834869,0.4,0.00078123936,0.00078123936,0.00078123936,197388,0.00051576353,-0.0015353815,0.0015585738,0.5,0.0004979278,0.00095482863,0.0011643658,1,0,1,0,1,0
6986636000,6986556000,1310996,-0.00096842623,0.0005207284,0.00038989348,0.34906584,1.986008e-07,1.9813146e-07,4.475314e-07,1310996,-0.0075693796,-0.0018344176,0.0849335,0.4,0.00078123936,0.00078123936,0.00078123936,197388,0.00051576353,-0.0015353815,0.0015585738,0.5,0.0004979278,0.00095482863,0.0011643658,1,0,1,0,1,0
6986844000,6986764000,1310996,-0.0009675023,0.00051785813,0.00039140592,0.34906584,1.9922052e-07,1.987353e-07,4.4856588e-07,1310996,-0.007777475,-0.0016502142,0.086256884,0.4,0.00078123936,0.00078123936,0.00078123936,197388,0.00051576353,-0.0015353815,0.0015585738,0.5,0.0004979278,0.00095482863,0.0011643658,1,0,1,0,1,0
6987204000,6987124000,1310996,-0.00096576987,0.00051643414,0.00039276815,0.34906584,2.0075214e-07,2.002384e-07,4.5058312e-07,1310996,-0.00799086,-0.0014937457,0.08737452,0.4,0.00078123936,0.00078123936,0.00078123936,197388,0.00051576353,-0.0015353815,0.0015585738,0.5,0.0004979278,0.00095482863,0.0011643658,1,0,1,0,1,0
6987620000,6987540000,1310996,-0.00096702436,0.00050609437,0.00039494262,0.34906584,2.0131307e-07,2.0071585e-07,4.5239713e-07,1310996,-0.008181064,-0.0012671814,0.0894368,0.4,0.00078123936,0.00078123936,0.00078123936,197388,0.00051576353,-0.0015353815,0.0015585738,0.5,0.0004979278,0.00095482863,0.0011643658,1,0,1,0,1,0
6988044000,6987964000,1310996,-0.00096472213,0.0005004195,0.00039717334,0.34906584,2.01774e-07,2.0105627e-07,4.5418864e-07,1310996,-0.008394258,-0.0010860524,0.09083054,0.4,0.00078123936,0.00078123936,0.00078123936,197388,0.00051576353,-0.0015353815,0.0015585738,0.5,0.0004979278,0.00095482863,0.0011643658,1,0,1,0,1,0
6988604000,6988524000,1310996,-0.0009647912,0.00049649365,0.00039673524,0.34906584,2.0284047e-07,2.0194783e-07,4.5685266e-07,1310996,-0.008737305,-0.00095832103,0.09259279,0.4,0.00078123936,0.00078123936,0.00078123936,197388,0.00051576353,-0.0015353815,0.0015585738,0.5,0.0004979278,0.00095482863,0.0011643658,1,0,1,0,1,0
6989020000,6988940000,1310996,-0.00096385175,0.0004941745,0.00039731181,0.34906584,2.023776e-07,2.012528e-07,4.5841097e-07,1310996,-0.009052036,-0.0008275729,0.09417296,0.4,0.00078123936,0.00078123936,0.00078123936,197388,0.00051576353,-0.0015353815,0.0015585738,0.5,0.0004979278,0.00095482863,0.0011643658,1,0,1,0,1,0
6989444000,6989364000,1310996,-0.00096103724,0.0004902865,0.0003986118,0.34906584,2.0191e-07,2.0052615e-07,4.599976e-07,1310996,-0.009377176,-0.0006942363,0.09572175,0.4,0.00078123936,0.00078123936,0.00078123936,197388,0.00051576353,-0.0015353815,0.0015585738,0.5,0.0004979278,0.00095482863,0.0011643658,1,0,1,0,1,0
6990012000,6989932000,1310996,-0.0009581192,0.0004917143,0.00039834273,0.34906584,2.0183755e-07,2.0013825e-07,4.6235078e-07,1310996,-0.009711813,-0.00062986044,0.09717792,0.4,0.00078123936,0.00078123936,0.00078123936,197388,0.00051576353,-0.0015353815,0.0015585738,0.5,0.0004979278,0.00095482863,0.0011643658,1,0,1,0,1,0
6990636000,6990556000,1310996,-0.0009575585,0.00048400223,0.00040007336,0.34906584,2.0014643e-07,1.9795228e-07,4.6441508e-07,1310996,-0.009912651,-0.0005211247,0.09842394,0.4,0.00078123936,0.00078123936,0.00078123936,197388,0.00051576353,-0.0015353815,0.0015585738,0.5,0.0004979278,0.00095482863,0.0011643658,1,0,1,0,1,0
6991212000,6991132000,1310996,-0.0009595198,0.0004801893,0.00039920156,0.34906584,1.9990767e-07,1.9735708e-07,4.6684335e-07,1310996,-0.010165948,-0.00042397113,0.09988898,0.4,0.00078123936,0.00078123936,0.00078123936,197388,0.00051576353,-0.0015353815,0.0015585738,0.5,0.0004979278,0.00095482863,0.0011643658,1,0,1,0,1,0
6991620000,6991540000,1310996,-0.00095424085,0.00048472147,0.0003998719,0.34906584,1.9818862e-07,1.9525822e-07,4.6800872e-07,1310996,-0.0104327295,-0.0004191593,0.10116261,0.4,0.00078123936,0.00078123936,0.00078123936,197388,0.00051576353,-0.0015353815,0.0015585738,0.5,0.0004979278,0.00095482863,0.0011643658,1,0,1,0,1,0
6992364000,6992284000,1310996,-0.00095280644,0.00048672018,0.00039870312,0.34906584,1.993202e-07,1.9606834e-07,4.7167154e-07,1310996,-0.010613184,-0.00040920344,0.10215366,0.4,0.00078123936,0.0007812402,0.00078123936,197388,0.00051576353,-0.0015353815,0.0015585738,0.5,0.0004979278,0.00095482863,0.0011643658,1,0,1,0,1,0
6992612000,6992532000,1310996,-0.0009484748,0.0004905144,0.00039959105,0.34906584,1.9597277e-07,1.9227953e-07,4.7154123e-07,1310996,-0.0108369235,-0.00041220532,0.10345895,0.4,0.00078123936,0.00078123936,0.00078123936,197388,0.00051576353,-0.0015353815,0.0015585738,0.5,0.0004979278,0.00095482863,0.0011643658,1,0,1,0,1,0
6993028000,6992948000,1310996,-0.00094241503,0.0004977008,0.00040063,0.34906584,1.9432015e-07,1.9023847e-07,4.7274852e-07,1310996,-0.011027746,-0.00045917314,0.10465225,0.4,0.00078123936,0.00078123936,0.00078123936,197388,0.00051576353,-0.0015353815,0.0015585738,0.5,0.0004979278,0.00095482863,0.0011643658,1,0,1,0,1,0
6993964000,6993884000,1310996,-0.00093481486,0.0005029325,0.00040070113,0.34906584,1.9429513e-07,1.896803e-07,4.7671676e-07,1310996,-0.011194749,-0.0005425393,0.1056471,0.4,0.00078123936,0.00078124006,0.00078123936,197388,0.00051576353,-0.0015353815,0.0015585738,0.5,0.0004979278,0.00095482863,0.0011643658,1,0,1,0,1,0
6994436000,6994356000,1310996,-0.0009239493,0.0005166764,0.0004035038,0.34906584,1.9064406e-07,1.85404e-07,4.774309e-07,1310996,-0.011375008,-0.00067509484,0.107300036,0.4,0.00078123936,0.00078123936,0.00078123936,197388,0.00051576353,-0.0015353815,0.0015585738,0.5,0.0004979278,0.00095482863,0.0011643658,1,0,1,0,1,0
6995004000,6994924000,1310996,-0.0009179793,0.0005206869,0.00040490206,0.34906584,1.9019943e-07,1.8456566e-07,4.795773e-07,1310996,-0.011498423,-0.00074087473,0.10831928,0.4,0.00078123936,0.00078123936,0.00078123936,197388,0.00051576353,-0.0015353815,0.0015585738,0.5,0.0004979278,0.00095482863,0.0011643658,1,0,1,0,1,0
6995628000,6995548000,1310996,-0.0009102245,0.0005276952,0.0004043204,0.34906584,1.8816337e-07,1.8177543e-07,4.8105545e-07,1310996,-0.011609454,-0.0008605109,0.10950889,0.4,0.00078123936,0.00078123936,0.00078123936,197388,0.00051576353,-0.0015353815,0.0015585738,0.5,0.0004979278,0.00095482863,0.0011643658,1,0,1,0,1,0
6996412000,6996332000,1310996,-0.0008936059,0.0005276583,0.00041394707,0.34906584,1.8839494e-07,1.807459e-07,4.825753e-07,1310996,-0.011778141,-0.0010134857,0.111028716,0.4,0.00078123936,0.00078123936,0.00078123936,197388,0.00051576353,-0.0015353815,0.0015585738,0.5,0.0004979278,0.00095482863,0.0011643658,1,0,1,0,1,0
6996956000,6996876000,1310996,-0.0008764732,0.0005261123,0.00042612824,0.34906584,1.8888262e-07,1.801389e-07,4.8338546e-07,1310996,-0.011809961,-0.0011140961,0.11132625,0.4,0.00078123936,0.00078123936,0.00078123936,197388,0.0010628572,-0.0012060873,0.0007565054,0.5,0.0003014504,0.0005961204,0.0007186949,1,0,1,0,1,0
6997956000,6997876000,1310996,-0.0008329546,0.0005495534,0.00045467893,0.34906584,1.8975483e-07,1.7847529e-07,4.869289e-07,1310996,-0.0116543025,-0.0014742148,0.11137478,0.4,0.0007812411,0.0007812411,0.0007812411,197388,0.0016955951,-0.00073343853,0.0006458889,0.5,0.00017097413,0.00049462356,0.00063374947,1,0,1,0,1,0
6998956000,6998876000,1310996,-0.0008098615,0.00056882726,0.00046479446,0.34906584,1.902101e-07,1.772268e-07,4.92918e-07,1310996,-0.011557136,-0.0016806963,0.11123426,0.4,0.0007812411,0.00078124594,0.0007812411,197388,0.0015153278,-0.0006359111,0.0008183419,0.5,0.0001402966,0.00047656093,0.0006205774,1,0,1,0,1,0
6999956000,6999876000,1310996,-0.0007909616,0.0005959604,0.0004677241,0.34906584,1.8642965e-07,1.7318176e-07,5.001945e-07,1310996,-0.011503903,-0.0018046177,0.110316,0.4,0.00078124227,0.0007812446,0.00078123994,197388,0.0015871488,-0.0007402324,0.0008032041,0.5,0.00012635534,0.0004686585,0.00061459054,1,0,1,0,1,0
7000628000,7000548000,1310996,-0.0007909114,0.0006091506,0.0004702622,0.34906584,1.8342847e-07,1.7109659e-07,5.0354856e-07,1310996,-0.0116475085,-0.0017095712,0.109013654,0.4,0.00078123936,0.00078123936,0.00078123936,197388,0.0015293765,-0.0007651274,0.00080763735,0.5,0.00012501837,0.0004679177,0.0006139702,1,0,1,0,1,0
7001244000,7001164000,1310996,-0.00080166507,0.0006257054,0.00047704732,0.34906584,1.8063328e-07,1.6939018e-07,5.0606644e-07,1310996,-0.011691587,-0.0015258533,0.107965715,0.4,0.00078123936,0.00078123936,0.00078123936,197388,0.0015293765,-0.0007651274,0.00080763735,0.5,0.00012501837,0.0004679177,0.0006139702,1,0,1,0,1,0
7002028000,7001948000,1310996,-0.00082094606,0.0006308872,0.00047910583,0.34906584,1.7853567e-07,1.6860493e-07,5.0910876e-07,1310996,-0.0119607635,-0.0012667314,0.106419116,0.4,0.00078123936,0.00078123936,0.00078123936,197388,0.0015293765,-0.0007651274,0.00080763735,0.5,0.00012501837,0.0004679177,0.0006139702,1,0,1,0,1,0
7002436000,7002356000,1310996,-0.0008321479,0.000632166,0.00048142832,0.34906584,1.7679164e-07,1.676081e-07,5.10717e-07,1310996,-0.012168113,-0.0011109118,0.10532142,0.4,0.00078123936,0.00078123936,0.00078123936,197388,0.0015293765,-0.0007651274,0.00080763735,0.5,0.00012501837,0.0004679177,0.0006139702,1,0,1,0,1,0
7003012000,7002932000,1310996,-0.00084446685,0.00063424796,0.00047952306,0.34906584,1.7587602e-07,1.6753401e-07,5.124523e-07,1310996,-0.012472201,-0.0009338855,0.103794366,0.4,0.00078123936,0.00078123936,0.00078123936,197388,0.0015293765,-0.0007651274,0.00080763735,0.5,0.00012501837,0.0004679177,0.0006139702,1,0,1,0,1,0
7003636000,7003556000,1310996,-0.0008627946,0.00063672184,0.00048329163,0.34906584,1.7354023e-07,1.6619082e-07,5.1454134e-07,1310996,-0.012680435,-0.00073690247,0.10266041,0.4,0.00078123936,0.00078123936,0.00078123936,197388,0.0015293765,-0.0007651274,0.00080763735,0.5,0.00012501837,0.0004679177,0.0006139702,1,0,1,0,1,0
7004212000,7004132000,1310996,-0.00087985524,0.00063319015,0.00048601403,0.34906584,1.7318044e-07,1.6649044e-07,5.160252e-07,1310996,-0.012941474,-0.0005749719,0.10142716,0.4,0.00078123936,0.00078123936,0.00078123936,197388,0.0015293765,-0.0007651274,0.00080763735,0.5,0.00012501837,0.0004679177,0.0006139702,1,0,1,0,1,0
7005044000,7004964000,1310996,-0.0009037721,0.00063547265,0.00048657757,0.34906584,1.7043261e-07,1.6483055e-07,5.1830665e-07,1310996,-0.013239365,-0.0003555237,0.09989326,0.4,0.00078123936,0.00078123936,0.00078123936,197388,0.0015293765,-0.0007651274,0.00080763735,0.5,0.00012501837,0.0004679177,0.0006139702,1,0,1,0,1,0
7005820000,7005740000,1310996,-0.0009160431,0.0006335957,0.00048543708,0.34906584,1.693898e-07,1.6454197e-07,5.2016685e-07,1310996,-0.013473772,-0.00024478772,0.098591946,0.4,0.00078123936,0.00078123936,0.00078123936,197388,0.0015293765,-0.0007651274,0.00080763735,0.5,0.00012501837,0.0004679177,0.0006139702,1,0,1,0,1,0
7006236000,7006156000,1310996,-0.0009211353,0.00063854584,0.00048373127,0.34906584,1.6834406e-07,1.6390979e-07,5.2099534e-07,1310996,-0.013662799,-0.00014787038,0.097149804,0.4,0.00078123936,0.00078123936,0.00078123936,197388,0.0015293765,-0.0007651274,0.00080763735,0.5,0.00012501837,0.0004679177,0.0006139702,1,0,1,0,1,0
7007020000,7006940000,1310996,-0.00092757324,0.0006308774,0.0004797012,0.34906584,1.6777653e-07,1.6393938e-07,5.2231104e-07,1310996,-0.013884382,-0.0001051087,0.095829785,0.4,0.00078123936,0.00078123936,0.00078123936,197388,0.0015293765,-0.0007651274,0.00080763735,0.5,0.00012501837,0.0004679177,0.0006139702,1,1,1,1,1,0
7007436000,7007356000,1310996,-0.0009322194,0.00062817795,0.00047667194,0.34906584,1.6676131e-07,1.632633e-07,5.22984e-07,1310996,-0.014110625,-4.1890584e-05,0.09400889,0.4,0.00078123936,0.00078123936,0.00078123936,197388,0.0015293765,-0.0007651274,0.00080763735,0.5,0.00012501837,0.0004679177,0.0006139702,1,1,1,1,1,0
7008004000,7007924000,1310996,-0.0009304306,0.00062626455,0.00047051694,0.34906584,1.6685165e-07,1.6368023e-07,5.2405136e-07,1310996,-0.014300401,-1.10510555e-05,0.09220777,0.4,0.00078123936,0.00078123936,0.00078123936,197388,0.0015293765,-0.0007651274,0.00080763735,0.5,0.00012501837,0.0004679177,0.0006139702,1,1,1,1,1,0
7008420000,7008340000,1310996,-0.0009252362,0.0006216734,0.00046282515,0.34906584,1.6576624e-07,1.6289145e-07,5.2460774e-07,1310996,-0.014471026,-9.877754e-06,0.090420894,0.4,0.00078123936,0.00078123936,0.00078123936,197388,0.0015293765,-0.0007651274,0.00080763735,0.5,0.00012501837,0.0004679177,0.0006139702,1,1,1,1,1,0
7008628000,7008548000,1310996,-0.00092727016,0.0006177745,0.00046124792,0.34906584,1.6534167e-07,1.6259877e-07,5.252784e-07,1310996,-0.014580365,7.317563e-06,0.089369416,0.4,0.00078123936,0.00078123936,0.00078123936,197388,0.0015293765,-0.0007651274,0.00080763735,0.5,0.00012501837,0.0004679177,0.0006139702,1,1,1,1,1,0
7009044000,7008964000,1310996,-0.0009224378,0.00061244995,0.00045421865,0.34906584,1.6464323e-07,1.6214575e-07,5.2580526e-07,1310996,-0.014704275,-4.716953e-06,0.087950625,0.4,0.00078123936,0.00078123936,0.00078123936,197388,0.0015293765,-0.0007651274,0.00080763735,0.5,0.00012501837,0.0004679177,0.0006139702,1,1,1,1,1,0
7009612000,7009532000,1310996,-0.00091885315,0.00060106185,0.00044462126,0.34906584,1.647321e-07,1.6248534e-07,5.262144e-07,1310996,-0.014839435,-3.941622e-05,0.08668321,0.4,0.00078123936,0.00078123936,0.00078123936,197388,0.0015293765,-0.0007651274,0.00080763735,0.5,0.00012501837,0.0004679177,0.0006139702,1,1,1,1,1,0
7009828000,7009748000,1310996,-0.00091773464,0.0005969569,0.00044233707,0.34906584,1.6435315e-07,1.6221641e-07,5.2648574e-07,1310996,-0.014911549,-4.2962823e-05,0.08567614,0.4,0.00078123936,0.00078123936,0.00078123936,197388,0.0015293765,-0.0007651274,0.00080763735,0.5,0.00012501837,0.0004679177,0.0006139702,1,1,1,1,1,0
7010244000,7010164000,1310996,-0.0009157467,0.0005880707,0.00043607087,0.34906584,1.6366224e-07,1.6172163e-07,5.273319e-07,1310996,-0.015005967,-6.7725996e-05,0.08464062,0.4,0.00078123936,0.00078123936,0.00078123936,197388,0.0015293765,-0.0007651274,0.00080763735,0.5,0.00012501837,0.0004679177,0.0006139702,1,1,1,1,1,0
7011020000,7010940000,1310996,-0.0009047771,0.0005764868,0.0004209415,0.34906584,1.6338754e-07,1.6173402e-07,5.281397e-07,1310996,-0.015106092,-0.00012926928,0.08322427,0.4,0.00078123936,0.00078123936,0.00078123936,197388,0.0015293765,-0.0007651274,0.00080763735,0.5,0.00012501837,0.0004679177,0.0006139702,1,1,1,1,1,0
7011228000,7011148000,1310996,-0.00089705584,0.00057205674,0.00041644214,0.34906584,1.6305063e-07,1.614786e-07,5.28282e-07,1310996,-0.015144868,-0.00015772005,0.08211463,0.4,0.00078123936,0.00078123936,0.00078123936,197388,0.0015293765,-0.0007651274,0.00080763735,0.5,0.00012501837,0.0004679177,0.0006139702,1,1,1,1,1,0
7011644000,7011564000,1310996,-0.00088733056,0.00056465843,0.00040545827,0.34906584,1.62519e-07,1.610952e-07,5.2853204e-07,1310996,-0.01520582,-0.00020009154,0.08078497,0.4,0.00078123936,0.00078123936,0.00078123936,197388,0.0015293765,-0.0007651274,0.00080763735,0.5,0.00012501837,0.0004679177,0.0006139702,1,1,1,1,1,0
7012380000,7012300000,1310996,-0.0008760088,0.00055672385,0.00039290445,0.34906584,1.6408121e-07,1.6281167e-07,5.2877175e-07,1310996,-0.015254444,-0.00025093384,0.07977647,0.4,0.00078123936,0.0007812497,0.00078123936,197388,0.0015293765,-0.0007651274,0.00080763735,0.5,0.00012501837,0.0004679177,0.0006139702,1,1,1,1,1,0
7012636000,7012556000,1310996,-0.0008637259,0.000547594,0.0003872367,0.34906584,1.6213578e-07,1.6098984e-07,5.291008e-07,1310996,-0.015280326,-0.00030966554,0.07868453,0.4,0.00078123936,0.00078123936,0.00078123936,197388,0.0015293765,-0.0007651274,0.00080763735,0.5,0.00012501837,0.0004679177,0.0006139702,1,1,1,1,1,0
7013572000,7013492000,1310996,-0.0008530927,0.00053442584,0.00037258276,0.34906584,1.63424e-07,1.624582e-07,5.295e-07,1310996,-0.015348647,-0.00036673195,0.077685,0.4,0.00078124064,0.0007812502,0.00078123936,197388,0.0015293765,-0.0007651274,0.00080763735,0.5,0.00012501837,0.0004679177,0.0006139702,1,1,1,1,1,0
7013828000,7013748000,1310996,-0.0008434392,0.00053253246,0.00036649182,0.34906584,1.615182e-07,1.606542e-07,5.292127e-07,1310996,-0.015353483,-0.00039306626,0.07625039,0.4,0.00078123936,0.00078123936,0.00078123936,197388,0.0015293765,-0.0007651274,0.00080763735,0.5,0.00012501837,0.0004679177,0.0006139702,1,1,1,1,1,0
7014556000,7014476000,1310996,-0.00082950934,0.00052869547,0.00035253383,0.34906584,1.6356557e-07,1.6279259e-07,5.293513e-07,1310996,-0.015372243,-0.00043594316,0.075220294,0.4,0.00078124483,0.0007812609,0.00078123936,197388,0.0015293765,-0.0007651274,0.00080763735,0.5,0.00012501837,0.0004679177,0.0006139702,1,1,1,1,1,0
7014812000,7014732000,1310996,-0.0008037532,0.0005236897,0.00034461828,0.34906584,1.6140545e-07,1.6069598e-07,5.287659e-07,1310996,-0.015349908,-0.0005360771,0.073700465,0.4,0.00078123936,0.00078123936,0.00078123936,197388,0.0015293765,-0.0007651274,0.00080763735,0.5,0.00012501837,0.0004679177,0.0006139702,1,1,1,1,1,0
7015236000,7015156000,1310996,-0.00077475153,0.00052600016,0.00033758386,0.34906584,1.6087678e-07,1.6022935e-07,5.27762e-07,1310996,-0.015296495,-0.0006747106,0.071944155,0.4,0.00078123936,0.00078123936,0.00078123936,197388,0.0015293765,-0.0007651274,0.00080763735,0.5,0.00012501837,0.0004679177,0.0006139702,1,1,1,1,1,0
7015716000,7015636000,1310996,-0.0007624783,0.0005311975,0.00032560644,0.34906584,1.6273948e-07,1.6207927e-07,5.2618e-07,1310996,-0.015056886,-0.0008144784,0.0710396,0.4,0.00078123936,0.00078123936,0.0007812427,197388,0.0022663542,-0.0016856693,0.0011144999,0.5,0.000106197906,0.00032486892,0.00040997873,1,1,1,1,1,0
7016012000,7015932000,1310996,-0.0007461989,0.00054172537,0.00032831385,0.34906584,1.6092119e-07,1.6034322e-07,5.246089e-07,1310996,-0.014907518,-0.0009905476,0.06967304,0.4,0.00078123936,0.00078123936,0.00078123936,197388,0.0025464166,-0.0024037017,0.0012486398,0.5,9.457863e-05,0.00028504143,0.00036836768,1,1,1,1,1,0
7016428000,7016348000,1310996,-0.00073039,0.00055567705,0.0003325222,0.34906584,1.6040639e-07,1.5996106e-07,5.2433654e-07,1310996,-0.0147570055,-0.0011328732,0.06851207,0.4,0.00078123936,0.00078123936,0.00078123936,197388,0.0028051091,-0.002747025,0.001336273,0.5,8.353238e-05,0.00025844184,0.000344823,1,1,1,1,1,0
7017420000,7017340000,1310996,-0.00070422457,0.0005831039,0.0003380276,0.34906584,1.606329e-07,1.6055846e-07,5.278849e-07,1310996,-0.014602926,-0.0012484461,0.06732612,0.4,0.00078123936,0.00078123936,0.00078123936,197388,0.0028784242,-0.0025347397,0.0015557801,0.5,7.07171e-05,0.00023560446,0.0003270682,1,1,1,1,1,0
7018420000,7018340000,1310996,-0.00067997025,0.0006010725,0.0003277558,0.34906584,1.60943e-07,1.6117075e-07,5.320324e-07,1310996,-0.0144996,-0.0012917722,0.067022204,0.4,0.00078123936,0.00078123936,0.00078123936,197388,0.0029741777,-0.002794297,0.0016758873,0.5,6.30021e-05,0.00022583264,0.0003194891,1,1,1,1,1,0
7019420000,7019340000,1310996,-0.0006442093,0.00060584035,0.00030909962,0.34906584,1.6134014e-07,1.6180876e-07,5.3262755e-07,1310996,-0.014458271,-0.0014154708,0.06630219,0.4,0.00078124,0.00078124314,0.0007812434,197388,0.0032085176,-0.0029853592,0.0016015238,0.5,5.9502163e-05,0.00022258543,0.00031670934,1,1,1,1,1,0
7020420000,7020340000,1310996,-0.0006061992,0.0005930941,0.00030030508,0.34906584,1.6167499e-07,1.6243608e-07,5.254339e-07,1310996,-0.014518655,-0.001065789,0.0671707,0.4,0.00078124,0.00078124227,0.0007812428,197388,0.0032085176,-0.0029853592,0.0016015238,0.5,5.9502163e-05,0.00022258543,0.00031670934,1,1,1,1,1,0
7021004000,7020924000,1310996,-0.0005919639,0.0005821899,0.00030725778,0.34906584,1.6068854e-07,1.6179052e-07,5.1692854e-07,1310996,-0.014514382,-0.00064547523,0.06864453,0.4,0.00078123936,0.00078123936,0.00078123936,197388,0.0032085176,-0.0029853592,0.0016015238,0.5,5.9502163e-05,0.00022258543,0.00031670934,1,1,1,1,1,0
7021636000,7021556000,1310996,-0.00057738577,0.00055758597,0.0003406987,0.34906584,1.6000563e-07,1.6182787e-07,5.020871e-07,1310996,-0.014554565,-0.00032839976,0.06961389,0.4,0.00078123936,0.00078123936,0.00078123936,197388,0.0032085176,-0.0029853592,0.0016015238,0.5,5.9502163e-05,0.00022258543,0.00031670934,1,1,1,1,1,0
7022412000,7022332000,1310996,-0.00054598233,0.00052843057,0.00037445722,0.34906584,1.6028152e-07,1.6327678e-07,4.8704425e-07,1310996,-0.014793752,-1.477943e-06,0.070660435,0.4,0.00078123936,0.00078123936,0.00078123936,197388,0.0032085176,-0.0029853592,0.0016015238,0.5,5.9502163e-05,0.00022258543,0.00031670934,1,1,1,1,1,0
7023244000,7023164000,1310996,-0.0005095911,0.000495087,0.0004009345,0.34906584,1.5953151e-07,1.6411832e-07,4.762923e-07,1310996,-0.015167483,0.00021149118,0.0695171,0.4,0.00078123936,0.00078123936,0.00078123936,197388,0.0032085176,-0.0029853592,0.0016015238,0.5,5.9502163e-05,0.00022258543,0.00031670934,1,1,1,1,1,0
7024244000,7024164000,1310996,-0.0004782255,0.00045996503,0.0003981231,0.34906584,1.5981456e-07,1.6553578e-07,4.7212376e-07,1310996,-0.015567572,0.0005771837,0.06990786,0.4,0.0007812405,0.0007812405,0.0007812405,197388,0.0032085176,-0.0029853592,0.0016015238,0.5,5.9502163e-05,0.00022258543,0.00031670934,1,1,1,1,1,0
7025012000,7024932000,1310996,-0.00045726015,0.0004307849,0.0003955914,0.34906584,1.6022997e-07,1.6659418e-07,4.7009038e-07,1310996,-0.015816987,0.0010029688,0.068828665,0.4,0.00078123936,0.00078123936,0.00078123936,197388,0.0032085176,-0.0029853592,0.0016015238,0.5,5.9502163e-05,0.00022258543,0.00031670934,1,1,1,1,1,0
7025220000,7025140000,1310996,-0.0004487256,0.0004254891,0.00039623614,0.34906584,1.6002083e-07,1.6659305e-07,4.6924964e-07,1310996,-0.01591163,0.0011899162,0.06778869,0.4,0.00078123936,0.00078123936,0.00078123936,197388,0.0032085176,-0.0029853592,0.0016015238,0.5,5.9502163e-05,0.00022258543,0.00031670934,1,1,1,1,1,0
7025508000,7025428000,1310996,-0.00044220098,0.00041791442,0.0003933754,0.34906584,1.6046789e-07,1.6724853e-07,4.6837795e-07,1310996,-0.015929984,0.0014381327,0.066805914,0.4,0.00078124146,0.00078123936,0.00078123936,197388,0.003300377,-0.002727841,0.0011085231,0.5,5.815066e-05,0.0002058914,0.00028425606,1,1,1,1,1,0
7025684000,7025604000,1310996,-0.00043345185,0.0004132921,0.0003962981,0.34906584,1.6004451e-07,1.6706072e-07,4.6737415e-07,1310996,-0.015871152,0.0016472944,0.06596585,0.4,0.00078123936,0.00078123936,0.00078123936,197388,0.003482689,-0.0026292133,0.00012166543,0.5,5.472257e-05,0.00017722526,0.00023351295,1,1,1,1,1,0
7025844000,7025764000,1310996,-0.0004260054,0.00040857264,0.00040181805,0.34906584,1.595917e-07,1.6676218e-07,4.6702218e-07,1310996,-0.015949978,0.0018699253,0.06472144,0.4,0.00078123936,0.00078123936,0.00078123936,197388,0.0035277754,-0.0026483056,6.542569e-05,0.5,5.2833286e-05,0.00016651502,0.00021558112,1,1,1,1,1,0
7026212000,7026132000,1310996,-0.00041826017,0.00040424694,0.00039595555,0.34906584,1.6052954e-07,1.6779883e-07,4.6754394e-07,1310996,-0.01572754,0.002124002,0.06374723,0.4,0.00078123936,0.00078123936,0.00078123936,197388,0.0040826327,-0.0024265219,-0.0005735361,0.5,4.9076643e-05,0.00015117697,0.00019004515,1,1,1,1,1,0
7026620000,7026540000,1310996,-0.00039860178,0.00040196918,0.0003968558,0.34906584,1.601467e-07,1.6741008e-07,4.6834586e-07,1310996,-0.015764272,0.0025156073,0.062023487,0.4,0.00078123936,0.00078123936,0.00078123936,197388,0.0045109196,-0.00223094,-0.0010961932,0.5,4.5774057e-05,0.00014178541,0.00017404134,1,1,1,1,1,0
7026836000,7026756000,1310996,-0.00038926856,0.0004042764,0.0003966112,0.34906584,1.6014195e-07,1.6732591e-07,4.6915227e-07,1310996,-0.015856283,0.0027283416,0.060823552,0.4,0.00078123936,0.00078123936,0.00078123936,197388,0.0046726665,-0.0022352464,-0.001396957,0.5,4.4451575e-05,0.00013874716,0.00016874677,1,1,1,1,1,0
7027044000,7026964000,1310996,-0.00038057612,0.00040571077,0.00039671327,0.34906584,1.6011546e-07,1.6717742e-07,4.7001774e-07,1310996,-0.016015634,0.003029878,0.059393607,0.4,0.00078123936,0.00078123936,0.00078123936,197388,0.0047869845,-0.0021189842,-0.0016746613,0.5,4.3288805e-05,0.00013634206,0.000164544,1,1,1,1,1,0
7027404000,7027324000,1310996,-0.00037183292,0.0004110961,0.0003956464,0.34906584,1.6104292e-07,1.6789903e-07,4.7177042e-07,1310996,-0.016138148,0.0031897419,0.058374807,0.4,0.00078123936,0.00078123936,0.00078123936,197388,0.0049190917,-0.0021082968,-0.0017204478,0.5,4.1648986e-05,0.00013327679,0.00015913416,1,1,1,1,1,0
7027812000,7027732000,1310996,-0.00036697212,0.00041447897,0.00039237965,0.34906584,1.624296e-07,1.6905308e-07,4.73793e-07,1310996,-0.016200125,0.0033925434,0.057363115,0.4,0.00078123936,0.00078123936,0.00078123936,197388,0.005117927,-0.002000039,-0.0018143058,0.5,4.0054343e-05,0.0001306057,0.00015433093,1,1,1,1,1,0
7027820000,7027740000,1310996,-0.00036309447,0.00041482714,0.00039179646,0.34906584,1.6072468e-07,1.6708957e-07,4.734622e-07,1310996,-0.016415616,0.0036469707,0.056231983,0.4,0.00078123936,0.00078123936,0.00078123936,197388,0.0051202876,-0.0019897153,-0.0018198924,0.5,4.004457e-05,0.00013057988,0.00015431245,1,1,1,1,1,0
7028236000,7028156000,1310996,-0.00035697568,0.0004164889,0.00038812825,0.34906584,1.6060761e-07,1.6641872e-07,4.74878e-07,1310996,-0.016775427,0.0041019544,0.054051276,0.4,0.00078123936,0.00078123936,0.00078123936,197388,0.0052106464,-0.0020427622,-0.0018664799,0.5,3.8928887e-05,0.00012887304,0.00015125106,1,1,1,1,1,0
7028444000,7028364000,1310996,-0.00035193068,0.00042053606,0.00038752984,0.34906584,1.6058915e-07,1.6610721e-07,4.752924e-07,1310996,-0.017034868,0.004355861,0.052813496,0.4,0.00078123936,0.00078123936,0.00078123936,197388,0.0052179163,-0.0020775746,-0.0018901844,0.5,3.834385e-05,0.00012801659,0.00014969226,1,1,1,1,1,0
7028812000,7028732000,1310996,-0.000350581,0.00042378178,0.0003861384,0.34906584,1.6156044e-07,1.6671285e-07,4.7623516e-07,1310996,-0.01730842,0.004682353,0.051216755,0.4,0.00078123936,0.00078123936,0.00078123936,197388,0.0052788006,-0.0021558532,-0.0019998113,0.5,3.7475624e-05,0.00012678452,0.00014752356,1,1,1,1,1,0
7029020000,7028940000,1310996,-0.00034981765,0.00042641116,0.00038524566,0.34906584,1.6135303e-07,1.6614354e-07,4.760023e-07,1310996,-0.01755255,0.0049625323,0.049861863,0.4,0.00078123936,0.00078123936,0.00078123936,197388,0.005320556,-0.0022167454,-0.0020534326,0.5,3.700803e-05,0.00012611802,0.00014640109,1,1,1,1,1,0
7029228000,7029148000,1310996,-0.00034878356,0.00042821272,0.00038291223,0.34906584,1.6121241e-07,1.6564526e-07,4.7562358e-07,1310996,-0.017827403,0.005286594,0.048316967,0.4,0.00078123936,0.00078123936,0.00078123936,197388,0.0053759003,-0.002299849,-0.002164211,0.5,3.6578163e-05,0.00012551143,0.00014537913,1,1,1,1,1,0
7029428000,7029348000,1310996,-0.00035247364,0.00043058777,0.00038573446,0.34906584,1.6110452e-07,1.6515129e-07,4.7331508e-07,1310996,-0.018088343,0.0055492995,0.047007903,0.4,0.00078123936,0.00078123936,0.00078123936,197388,0.0053759003,-0.002299849,-0.002164211,0.5,3.6578163e-05,0.00012551143,0.00014537913,1,1,1,1,1,0
7029644000,7029564000,1310996,-0.00035343313,0.00043266898,0.000385092,0.34906584,1.6114926e-07,1.6481535e-07,4.710218e-07,1310996,-0.018373974,0.0058277887,0.045726236,0.4,0.00078123936,0.00078123936,0.00078123936,197388,0.0053759003,-0.002299849,-0.002164211,0.5,3.6578163e-05,0.00012551143,0.00014537913,1,1,1,1,1,0
7030004000,7029924000,1310996,-0.000355618,0.00043688028,0.00038385397,0.34906584,1.6210609e-07,1.6532024e-07,4.6799937e-07,1310996,-0.018796524,0.006221983,0.043871798,0.4,0.00078123936,0.00078123936,0.00078123936,197388,0.0053759003,-0.002299849,-0.002164211,0.5,3.6578163e-05,0.00012551143,0.00014537913,1,1,1,1,1,0
7030212000,7030132000,1310996,-0.0003577297,0.00044172007,0.0003846464,0.34906584,1.6194574e-07,1.6475013e-07,4.6515814e-07,1310996,-0.019092375,0.0064911027,0.042627364,0.4,0.00078123936,0.00078123936,0.00078123936,197388,0.0053759003,-0.002299849,-0.002164211,0.5,3.6578163e-05,0.00012551143,0.00014537913,1,1,1,1,1,0
7030420000,7030340000,1310996,-0.00036273457,0.00044659336,0.00039162705,0.34906584,1.618622e-07,1.6427171e-07,4.623329e-07,1310996,-0.019350445,0.0067227427,0.041443907,0.4,0.00078123936,0.00078123936,0.00078123936,197388,0.0053759003,-0.002299849,-0.002164211,0.5,3.6578163e-05,0.00012551143,0.00014537913,1,1,1,1,1,0
7030628000,7030548000,1310996,-0.00036711514,0.0004474292,0.0003922622,0.34906584,1.6183874e-07,1.6386736e-07,4.5953533e-07,1310996,-0.01972079,0.0070533045,0.039833203,0.4,0.00078123936,0.00078123936,0.00078123936,197388,0.0053759003,-0.002299849,-0.002164211,0.5,3.6578163e-05,0.00012551143,0.00014537913,1,1,1,1,1,0
7030836000,7030756000,1310996,-0.00036951015,0.0004497693,0.00039156026,0.34906584,1.6186524e-07,1.6352311e-07,4.567763e-07,1310996,-0.020065423,0.007363137,0.03838532,0.4,0.00078123936,0.00078123936,0.00078123936,197388,0.0053759003,-0.002299849,-0.002164211,0.5,3.6578163e-05,0.00012551143,0.00014537913,1,1,1,1,1,0
7031044000,7030964000,1310996,-0.00037385474,0.0004546377,0.0003985255,0.34906584,1.6193202e-07,1.632279e-07,4.540524e-07,1310996,-0.020360913,0.0076268553,0.037087552,0.4,0.00078123936,0.00078123936,0.00078123936,197388,0.0053759003,-0.002299849,-0.002164211,0.5,3.6578163e-05,0.00012551143,0.00014537913,1,1,1,1,1,0
7031412000,7031332000,1310996,-0.0003779871,0.00045303407,0.00039696015,0.34906584,1.6303123e-07,1.639081e-07,4.5096198e-07,1310996,-0.020671906,0.007874829,0.035750166,0.4,0.00078123936,0.00078123936,0.00078123936,197388,0.0053759003,-0.002299849,-0.002164211,0.5,3.6578163e-05,0.00012551143,0.00014537913,1,1,1,1,1,0
7031828000,7031748000,1310996,-0.00037973825,0.0004606029,0.00040289224,0.34906584,1.6294244e-07,1.6305086e-07,4.4519047e-07,1310996,-0.021162914,0.008348475,0.033541586,0.4,0.00078123936,0.00078123936,0.00078123936,197388,0.0053759003,-0.002299849,-0.002164211,0.5,3.6578163e-05,0.00012551143,0.00014537913,1,1,1,1,1,0
7032036000,7031956000,1310996,-0.0003828419,0.00046427315,0.00040525867,0.34906584,1.6299236e-07,1.6273621e-07,4.4248176e-07,1310996,-0.021428103,0.008579858,0.03244607,0.4,0.00078123936,0.00078123936,0.00078123936,197388,0.0053759003,-0.002299849,-0.002164211,0.5,3.6578163e-05,0.00012551143,0.00014537913,1,1,1,1,1,0
7032612000,7032532000,1310996,-0.000388481,0.00047042695,0.0004083284,0.34906584,1.642194e-07,1.6321651e-07,4.3711862e-07,1310996,-0.02190734,0.008997953,0.030461423,0.4,0.00078123936,0.00078123936,0.00078123936,197388,0.0053759003,-0.002299849,-0.002164211,0.5,3.6578163e-05,0.00012551143,0.00014537913,1,1,1,1,1,0
7032812000,7032732000,1310996,-0.0003909209,0.00047124838,0.00040464677,0.34906584,1.6412284e-07,1.627481e-07,4.3441332e-07,1310996,-0.022163328,0.009201896,0.02941211,0.4,0.00078123936,0.00078123936,0.00078123936,197388,0.0053759003,-0.002299849,-0.002164211,0.5,3.6578163e-05,0.00012551143,0.00014537913,1,1,1,1,1,0
7033228000,7033148000,1310996,-0.0003911456,0.00046981926,0.00039936302,0.34906584,1.6424416e-07,1.6217842e-07,4.2959104e-07,1310996,-0.022444837,0.009437991,0.028011989,0.4,0.00078123936,0.00078123936,0.00078123936,197388,0.0053759003,-0.002299849,-0.002164211,0.5,3.6578163e-05,0.00012551143,0.00014537913,1,1,1,1,1,0
7033644000,7033564000,1310996,-0.0003916811,0.0004730693,0.0003976654,0.34906584,1.6452664e-07,1.6182611e-07,4.2526642e-07,1310996,-0.022762194,0.009751566,0.02645064,0.4,0.00078123936,0.00078123936,0.00078123936,197388,0.0053759003,-0.002299849,-0.002164211,0.5,3.6578163e-05,0.00012551143,0.00014537913,1,1,1,1,1,0
7034012000,7033932000,1310996,-0.00039081965,0.00047425504,0.00039114157,0.34906584,1.6570836e-07,1.6267167e-07,4.2309313e-07,1310996,-0.022961339,0.009961114,0.025409235,0.4,0.00078123936,0.00078123936,0.00078123936,197388,0.0053759003,-0.002299849,-0.002164211,0.5,3.6578163e-05,0.00012551143,0.00014537913,1,1,1,1,1,0
7034220000,7034140000,1310996,-0.00038529545,0.00047824904,0.00038525686,0.34906584,1.6570512e-07,1.6234395e-07,4.2094058e-07,1310996,-0.023103612,0.010235972,0.024291713,0.4,0.00078123936,0.00078123936,0.00078123936,197388,0.0053759003,-0.002299849,-0.002164211,0.5,3.6578163e-05,0.00012551143,0.00014537913,1,1,1,1,1,0
7034636000,7034556000,1310996,-0.00037751373,0.00048288412,0.00037548173,0.34906584,1.6585675e-07,1.6190955e-07,4.171183e-07,1310996,-0.023320887,0.010638345,0.022502359,0.4,0.00078123936,0.00078123936,0.00078123936,197388,0.0053759003,-0.002299849,-0.002164211,0.5,3.6578163e-05,0.00012551143,0.00014537913,1,1,1,1,1,0
7035204000,7035124000,1310996,-0.00036683222,0.00049490307,0.00036392504,0.34906584,1.6708985e-07,1.6259955e-07,4.1359368e-07,1310996,-0.023518533,0.011190671,0.020613478,0.4,0.00078123936,0.00078123936,0.00078123936,197388,0.0053759003,-0.002299849,-0.002164211,0.5,3.6578163e-05,0.00012551143,0.00014537913,1,1,1,1,1,0
7035620000,7035540000,1310996,-0.00036193454,0.0005044291,0.0003592731,0.34906584,1.6712725e-07,1.621107e-07,4.1013146e-07,1310996,-0.023677649,0.011580698,0.019276388,0.4,0.00078123936,0.00078123936,0.00078123936,197388,0.0053759003,-0.002299849,-0.002164211,0.5,3.6578163e-05,0.00012551143,0.00014537913,1,1,1,1,1,0
7036036000,7035956000,1310996,-0.00035373817,0.0005133277,0.00035052127,0.34906584,1.6734694e-07,1.6187398e-07,4.071035e-07,1310996,-0.023778008,0.011990471,0.017831258,0.4,0.00078123936,0.00078123936,0.00078123936,197388,0.0053759003,-0.002299849,-0.002164211,0.5,3.6578163e-05,0.00012551143,0.00014537913,1,1,1,1,1,0
7036612000,7036532000,1310996,-0.00034233968,0.0005245522,0.00034415573,0.34906584,1.6865721e-07,1.627762e-07,4.04443e-07,1310996,-0.0237676,0.0124039715,0.016635701,0.4,0.00078123936,0.00078123936,0.00078123936,197388,0.0053759003,-0.002299849,-0.002164211,0.5,3.6578163e-05,0.00012551143,0.00014537913,1,1,1,1,1,0
7037028000,7036948000,1310996,-0.0003369454,0.00053114403,0.00033825808,0.34906584,1.6867585e-07,1.624024e-07,4.018112e-07,1310996,-0.023826264,0.012701142,0.015521458,0.4,0.00078123936,0.00078123936,0.00078123936,197388,0.0053759003,-0.002299849,-0.002164211,0.5,3.6578163e-05,0.00012551143,0.00014537913,1,1,1,1,1,0
7038028000,7037948000,1310996,-0.00033096335,0.000537158,0.00032824543,0.34906584,1.7003319e-07,1.6312124e-07,3.9742653e-07,1310996,-0.023846483,0.01293854,0.014858683,0.4,0.00078123936,0.00078123936,0.00078123936,197388,0.0053759003,-0.002299849,-0.002164211,0.5,3.6578163e-05,0.00012551143,0.00014537913,1,1,1,1,1,0
7038972000,7038892000,1310996,-0.00032240705,0.0005639123,0.00033269433,0.34906584,1.716062e-07,1.6385933e-07,3.9252055e-07,1310996,-0.023795785,0.013551499,0.014058782,0.4,0.00078123936,0.00078123936,0.00078123936,197388,0.0053759003,-0.002299849,-0.002164211,0.5,3.6578163e-05,0.00012551143,0.00014537913,1,1,1,1,1,0
7039908000,7039828000,1310996,-0.000314124,0.0005967939,0.0003552103,0.34906584,1.7325449e-07,1.6368418e-07,3.807392e-07,1310996,-0.023657424,0.013871208,0.013388119,0.4,0.00078123936,0.00078123936,0.00078123936,197388,0.005330046,-0.0030785848,-0.0014857098,0.5,3.319427e-05,9.631419e-05,0.000110739165,1,1,1,1,1,0
7040612000,7040532000,1310996,-0.00032594864,0.00060449954,0.00037593197,0.34906584,1.7450975e-07,1.6376093e-07,3.749597e-07,1310996,-0.024010805,0.013744634,0.014486129,0.4,0.00078123936,0.00078123936,0.00078123936,197388,0.0053227693,-0.003806123,-0.0012916869,0.5,3.0531337e-05,8.169677e-05,9.69403e-05,1,1,1,1,1,0
7041028000,7040948000,1310996,-0.00033048878,0.0006083159,0.00038389544,0.34906584,1.7485443e-07,1.6366572e-07,3.734732e-07,1310996,-0.024268238,0.013785026,0.01550862,0.4,0.00078123936,0.00078123936,0.00078123936,197388,0.0053019165,-0.0039603347,-0.0012239405,0.5,2.9396211e-05,7.6609744e-05,9.274922e-05,1,1,1,1,1,0
7041236000,7041156000,1310996,-0.00033712466,0.0006119062,0.00039067105,0.34906584,1.7503335e-07,1.6370852e-07,3.7335846e-07,1310996,-0.024612835,0.013863502,0.016889447,0.4,0.00078123936,0.00078123936,0.00078123936,197388,0.005297382,-0.004059053,-0.001195734,0.5,2.8915834e-05,7.461057e-05,9.118509e-05,1,1,1,1,1,0
7041444000,7041364000,1310996,-0.0003391328,0.0006147577,0.00039260727,0.34906584,1.7524444e-07,1.63825e-07,3.7354846e-07,1310996,-0.024777165,0.013957779,0.017886788,0.4,0.00078123936,0.00078123936,0.00078123936,197388,0.0053124777,-0.004053651,-0.0012384752,0.5,2.848116e-05,7.287968e-05,8.986522e-05,1,1,1,1,1,0
7042020000,7041940000,1310996,-0.0003483995,0.0006177874,0.00039338873,0.34906584,1.762684e-07,1.6481943e-07,3.756779e-07,1310996,-0.025144551,0.014018834,0.019208213,0.4,0.00078123936,0.00078123936,0.00078123936,197388,0.0053697005,-0.004168493,-0.0011446463,0.5,2.750387e-05,6.921529e-05,8.716895e-05,1,1,1,1,1,0
7042428000,7042348000,1310996,-0.00035355153,0.0006174937,0.00039344473,0.34906584,1.7591739e-07,1.6464516e-07,3.7743246e-07,1310996,-0.025706716,0.014196916,0.02169531,0.4,0.00078123936,0.00078123936,0.00078123936,197388,0.005365731,-0.0042168708,-0.0011169631,0.5,2.6902217e-05,6.708698e-05,8.5684405e-05,1,1,1,1,1,0
7043004000,7042924000,1310996,-0.00036294825,0.0006225084,0.00038958737,0.34906584,1.763997e-07,1.6545488e-07,3.8040997e-07,1310996,-0.026137197,0.014392559,0.023390524,0.4,0.00078123936,0.00078123936,0.00078123936,197388,0.005425147,-0.0043189763,-0.001152431,0.5,2.6234542e-05,6.4834356e-05,8.415981e-05,1,1,1,1,1,0
7043420000,7043340000,1310996,-0.0003722287,0.00062131573,0.00038452205,0.34906584,1.7534936e-07,1.6502582e-07,3.8141474e-07,1310996,-0.026543675,0.014512497,0.024866195,0.4,0.00078123936,0.00078123936,0.00078123936,197388,0.0054447865,-0.0043454543,-0.0011576451,0.5,2.601129e-05,6.411109e-05,8.368632e-05,1,1,1,1,1,0
7043628000,7043548000,1310996,-0.00037329248,0.00062513596,0.00038060386,0.34906584,1.7484595e-07,1.6489886e-07,3.813683e-07,1310996,-0.026782088,0.014689367,0.025855318,0.4,0.00078123936,0.00078123936,0.00078123936,197388,0.0054447865,-0.0043454543,-0.0011576451,0.5,2.601129e-05,6.411109e-05,8.368632e-05,1,1,1,1,1,0
7043836000,7043756000,1310996,-0.00037494634,0.0006255582,0.00037967344,0.34906584,1.7439467e-07,1.6479709e-07,3.8181525e-07,1310996,-0.027023965,0.014819134,0.026937485,0.4,0.00078123936,0.00078123936,0.00078123936,197388,0.0054447865,-0.0043454543,-0.0011576451,0.5,2.601129e-05,6.411109e-05,8.368632e-05,1,1,1,1,1,0
7044836000,7044756000,1310996,-0.00037832782,0.0006448474,0.00036952426,0.34906584,1.7238877e-07,1.6467972e-07,3.8093637e-07,1310996,-0.027057258,0.014746582,0.027176516,0.4,0.00078123994,0.00078123994,0.00078123994,197388,0.0054447865,-0.0043454543,-0.0011576451,0.5,2.601129e-05,6.411109e-05,8.368632e-05,1,1,1,0,1,0
7045812000,7045732000,1310996,-0.00038429626,0.0006446481,0.00036250995,0.34906584,1.7059698e-07,1.648005e-07,3.799522e-07,1310996,-0.026988843,0.01454251,0.028735913,0.4,0.00078123936,0.00078123936,0.00078123936,197388,0.0054447865,-0.0043454543,-0.0011576451,0.5,2.601129e-05,6.411109e-05,8.368632e-05,1,1,1,0,1,0
7046228000,7046148000,1310996,-0.00038577922,0.00064408,0.00035760461,0.34906584,1.6978153e-07,1.6477753e-07,3.794316e-07,1310996,-0.02692044,0.014493439,0.030135524,0.4,0.00078123936,0.00078123936,0.00078123936,197388,0.0054447865,-0.0043454543,-0.0011576451,0.5,2.601129e-05,6.411109e-05,8.368632e-05,1,1,1,0,1,0
7046644000,7046564000,1310996,-0.00038869597,0.00064483314,0.00035126935,0.34906584,1.695534e-07,1.6520052e-07,3.7899926e-07,1310996,-0.02694074,0.014351935,0.031681713,0.4,0.00078123936,0.00078123936,0.00078123936,197388,0.0054447865,-0.0043454543,-0.0011576451,0.5,2.601129e-05,6.411109e-05,8.368632e-05,1,1,1,0,1,0
7046788000,7046708000,1310996,-0.00038516734,0.00064146786,0.00034497454,0.34906584,1.5897155e-07,1.5643269e-07,3.7679766e-07,1310996,-0.026681636,0.0143262,0.04870091,0.4,0.00078123936,0.00078123936,0.00078123936,197388,0.0054447865,-0.0043454543,-0.0011576451,0.5,2.601129e-05,6.411109e-05,8.368632e-05,1,1,1,0,1,0
7046996000,7046916000,1310996,-0.00038141152,0.00063848955,0.00034551224,0.34906584,1.5930405e-07,1.5691653e-07,3.7673595e-07,1310996,-0.026196528,0.01483866,0.049779005,0.4,0.00078123936,0.00078123936,0.00078123936,197388,0.0054447865,-0.0043454543,-0.0011576451,0.5,2.601129e-05,6.411109e-05,8.368632e-05,1,1,1,0,1,0
7047204000,7047124000,1310996,-0.00038315135,0.00063515315,0.0003398142,0.34906584,1.5971531e-07,1.5745555e-07,3.7666717e-07,1310996,-0.025639128,0.01470952,0.05154946,0.4,0.00078123936,0.00078123936,0.00078123936,197388,0.0054447865,-0.0043454543,-0.0011576451,0.5,2.601129e-05,6.411109e-05,8.368632e-05,1,1,1,0,1,0
7047412000,7047332000,1310996,-0.00037719947,0.0006357144,0.00033934973,0.34906584,1.6020613e-07,1.5805655e-07,3.766643e-07,1310996,-0.025656484,0.0154838655,0.05445029,0.4,0.00078123936,0.00078123936,0.00078123936,197388,0.0054447865,-0.0043454543,-0.0011576451,0.5,2.601129e-05,6.411109e-05,8.368632e-05,1,1,1,0,1,0
7047620000,7047540000,1310996,-0.00037711323,0.00064161076,0.0003372407,0.34906584,1.6072843e-07,1.5866058e-07,3.7668835e-07,1310996,-0.026314488,0.015568714,0.05558503,0.4,0.00078123936,0.00078123936,0.00078123936,197388,0.0054447865,-0.0043454543,-0.0011576451,0.5,2.601129e-05,6.411109e-05,8.368632e-05,1,1,1,0,1,0
7047828000,7047748000,1310996,-0.0003705863,0.0006439685,0.00033520214,0.34906584,1.612516e-07,1.5927287e-07,3.7671768e-07,1310996,-0.026509745,0.016286163,0.058574986,0.4,0.00078123936,0.00078123936,0.00078123936,197388,0.0054447865,-0.0043454543,-0.0011576451,0.5,2.601129e-05,6.411109e-05,8.368632e-05,1,1,1,0,1,0
7048036000,7047956000,1310996,-0.00036088575,0.0006428499,0.0003345197,0.34906584,1.6175973e-07,1.5986957e-07,3.772542e-07,1310996,-0.02637254,0.017177764,0.060876485,0.4,0.00078123936,0.00078123936,0.00078123936,197388,0.0054447865,-0.0043454543,-0.0011576451,0.5,2.601129e-05,6.411109e-05,8.368632e-05,1,1,1,0,1,0
7048244000,7048164000,1310996,-0.00035030386,0.000641324,0.000334661,0.34906584,1.6222648e-07,1.6042505e-07,3.7728242e-07,1310996,-0.026234025,0.018022455,0.061721645,0.4,0.00078123936,0.00078123936,0.00078123936,197388,0.0054447865,-0.0043454543,-0.0011576451,0.5,2.601129e-05,6.411109e-05,8.368632e-05,1,1,1,0,1,0
7048452000,7048372000,1310996,-0.00034413132,0.0006377198,0.00033122645,0.34906584,1.6265788e-07,1.6093914e-07,3.7729964e-07,1310996,-0.025932534,0.018498864,0.06387756,0.4,0.00078123936,0.00078123936,0.00078123936,197388,0.0054447865,-0.0043454543,-0.0011576451,0.5,2.601129e-05,6.411109e-05,8.368632e-05,1,1,1,0,1,0
7048660000,7048580000,1310996,-0.00034905798,0.0006377799,0.0003267241,0.34906584,1.630624e-07,1.6140237e-07,3.773125e-07,1310996,-0.025887238,0.01824675,0.068738595,0.4,0.00078123936,0.00078123936,0.00078123936,197388,0.0054447865,-0.0043454543,-0.0011576451,0.5,2.601129e-05,6.411109e-05,8.368632e-05,1,1,1,0,1,0
