timestamp,timestamp_sample,gps_hvel[0],gps_hvel[1],gps_vvel,gps_hpos[0],gps_hpos[1],gps_vpos,ev_hvel[0],ev_hvel[1],ev_vvel,ev_hpos[0],ev_hpos[1],ev_vpos,rng_vpos,baro_vpos,aux_hvel[0],aux_hvel[1],aux_vvel,flow[0],flow[1],heading,mag_field[0],mag_field[1],mag_field[2],drag[0],drag[1],airspeed,beta,hagl,hagl_rate
6971276000,6971196000,0.009168891,0.018943582,0.022153083,-0.00057578087,-0.0062270164,0.0,0.0,0.0,0.0,0.0,0.0,0.0,0.0,-0.04701233,0.0,0.0,nan,0.0,0.0,-0.0029234886,0.0060950518,-0.0016153306,-0.0009840429,0.0,0.0,0.0,0.0,0.0,0.0
6971772000,6971692000,0.00016248127,0.00080268516,-0.002515838,-0.0006405711,0.0021101236,0.0,0.0,0.0,0.0,0.0,0.0,0.0,0.0,0.071258545,0.0,0.0,nan,0.0,0.0,-0.019818664,0.0060950518,-0.0016153306,-0.0009840429,0.0,0.0,0.0,0.0,0.0,0.0
6972276000,6972196000,0.00022842825,0.000768928,-0.02033696,-0.012081087,0.0020967722,0.0,0.0,0.0,0.0,0.0,0.0,0.0,0.0,-0.020614624,0.0,0.0,nan,0.0,0.0,-0.014839649,0.0060950518,-0.0016153306,-0.0009840429,0.0,0.0,0.0,0.0,0.0,0.0
6972780000,6972700000,-0.0011066518,-0.0009325126,0.012599701,-0.00087696314,-0.0063591003,0.0,0.0,0.0,0.0,0.0,0.0,0.0,0.0,-0.13908386,0.0,0.0,nan,0.0,0.0,-0.00050389767,0.0060950518,-0.0016153306,-0.0009840429,0.0,0.0,0.0,0.0,0.0,0.0
6973276000,6973196000,-0.007864963,-0.00036743854,0.01104624,-0.011784852,-0.0067129135,0.0,0.0,0.0,0.0,0.0,0.0,0.0,0.0,-0.014984131,0.0,0.0,nan,0.0,0.0,-0.03429067,0.0060950518,-0.0016153306,-0.0009840429,0.0,0.0,0.0,0.0,0.0,0.0
6973780000,6973700000,0.01093884,-0.0019888144,-0.011101844,-0.011934698,0.0015267134,0.0,0.0,0.0,0.0,0.0,0.0,0.0,0.0,-0.070877075,0.0,0.0,nan,0.0,0.0,-0.0059450865,0.0060950518,-0.0016153306,-0.0009840429,0.0,0.0,0.0,0.0,0.0,0.0
6974276000,6974196000,-0.013055511,-0.000969652,-0.007821539,-0.012166142,0.001547575,0.0,0.0,0.0,0.0,0.0,0.0,0.0,0.0,0.008666992,0.0,0.0,nan,0.0,0.0,-0.008636594,0.0060950518,-0.0016153306,-0.0009840429,0.0,0.0,0.0,0.0,0.0,0.0
6974780000,6974700000,0.0027617428,0.0015065796,-0.013500044,-0.0006571412,0.0018615723,0.0,0.0,0.0,0.0,0.0,0.0,0.0,0.0,-0.039154053,0.0,0.0,nan,0.0,0.0,-0.0037195683,0.0060950518,-0.0016153306,-0.0009840429,0.0,0.0,0.0,0.0,0.0,0.0
6975276000,6975196000,-0.00014343028,0.011217543,0.012800621,-0.0007773042,0.01009202,0.0,0.0,0.0,0.0,0.0,0.0,0.0,0.0,-0.019973755,0.0,0.0,nan,0.0,0.0,0.029046416,0.0060950518,-0.0016153306,-0.0009840429,0.0,0.0,0.0,0.0,0.0,0.0
6975772000,6975692000,0.008565359,-0.008057481,-0.03880755,-0.0008856654,0.0017591715,0.0,0.0,0.0,0.0,0.0,0.0,0.0,0.0,0.013656616,0.0,0.0,nan,0.0,0.0,-0.011702657,0.0060950518,-0.0016153306,-0.0009840429,0.0,0.0,0.0,0.0,0.0,0.0
6976276000,6976196000,0.009716456,0.028283516,0.019759562,-0.011877716,0.0015751123,0.0,0.0,0.0,0.0,0.0,0.0,0.0,0.0,0.008377075,0.0,0.0,nan,0.0,0.0,-0.00015032291,0.0060950518,-0.0016153306,-0.0009840429,0.0,0.0,0.0,0.0,0.0,0.0
6976780000,6976700000,0.007926133,0.0012379447,-0.0019128178,-0.012182176,0.0014892817,0.0,0.0,0.0,0.0,0.0,0.0,0.0,0.0,0.06365967,0.0,0.0,nan,0.0,0.0,-0.0076152086,0.0060950518,-0.0016153306,-0.0009840429,0.0,0.0,0.0,0.0,0.0,0.0
6977276000,6977196000,-0.002912471,-0.0023164786,-0.01046055,-0.005615294,0.0061733723,0.0,0.0,0.0,0.0,0.0,0.0,0.0,0.0,0.058395386,0.0,0.0,nan,0.0,0.0,0.07815194,0.0060950518,-0.0016153306,-0.0009840429,0.0,0.0,0.0,0.0,0.0,0.0
6977780000,6977700000,-0.017513445,0.038293842,-0.080803216,-0.011820316,0.0062146187,0.0,0.0,0.0,0.0,0.0,0.0,0.0,0.0,0.0,0.0,0.0,nan,0.0,0.0,-0.0007917881,0.0060950518,-0.0016153306,-0.0009840429,0.0,0.0,0.0,0.0,0.0,0.0
6978276000,6978196000,0.00062762375,-0.009803245,0.07297552,-0.025022924,0.000121474266,0.0,0.0,0.0,0.0,0.0,0.0,0.0,0.0,0.016098022,0.0,0.0,nan,0.0,0.0,-0.0087019205,0.0060950518,-0.0016153306,-0.0009840429,0.0,0.0,0.0,0.0,0.0,0.0
6978780000,6978700000,-0.0031787464,0.012830082,0.011986375,-0.03312409,0.0010601282,0.0,0.0,0.0,0.0,0.0,0.0,0.0,0.0,0.10290527,0.0,0.0,nan,0.0,0.0,-0.017176628,0.0060950518,-0.0016153306,-0.0009840429,0.0,0.0,0.0,0.0,0.0,0.0
6979276000,6979196000,-0.009276788,0.019515846,-0.009951532,-0.041445196,0.0037139654,0.0,0.0,0.0,0.0,0.0,0.0,0.0,0.0,0.07829285,0.0,0.0,nan,0.0,0.0,0.0037146807,0.0060950518,-0.0016153306,-0.0009840429,0.0,0.0,0.0,0.0,0.0,0.0
6979772000,6979692000,7.828616e-05,-0.008918366,0.0058392882,-0.03844887,0.0031920671,0.0,0.0,0.0,0.0,0.0,0.0,0.0,0.0,-0.041381836,0.0,0.0,nan,0.0,0.0,0.016104221,0.0060950518,-0.0016153306,-0.0009840429,0.0,0.0,0.0,0.0,0.0,0.0
6980276000,6980196000,-0.006820442,-0.0020843765,0.0187442,-0.036057353,0.0062316656,0.0,0.0,0.0,0.0,0.0,0.0,0.0,0.0,0.08917236,0.0,0.0,nan,0.0,0.0,-0.0006854534,0.0060950518,-0.0016153306,-0.0009840429,0.0,0.0,0.0,0.0,0.0,0.0
6980772000,6980692000,0.035531256,0.010702242,-0.056907162,-0.03522551,0.0061711073,0.0,0.0,0.0,0.0,0.0,0.0,0.0,0.0,-0.0657959,0.0,0.0,nan,0.0,0.0,-0.0035040379,0.0060950518,-0.0016153306,-0.0009840429,0.0,0.0,0.0,0.0,0.0,0.0
6981276000,6981196000,-0.008204839,0.03422652,-0.10058271,-0.03034705,0.023896813,0.0,0.0,0.0,0.0,0.0,0.0,0.0,0.0,0.051971436,0.0,0.0,nan,0.0,0.0,-0.0100210905,0.0060950518,-0.0016153306,-0.0009840429,0.0,0.0,0.0,0.0,0.0,0.0
6981772000,6981692000,0.004852497,0.04527846,0.013225704,-0.027577877,0.024542332,0.0,0.0,0.0,0.0,0.0,0.0,0.0,0.0,0.041610718,0.0,0.0,nan,0.0,0.0,0.030128598,0.0060950518,-0.0016153306,-0.0009840429,0.0,0.0,0.0,0.0,0.0,0.0
6982276000,6982196000,-0.014397974,0.059072554,-0.00809592,-0.038950622,0.024832964,0.0,0.0,0.0,0.0,0.0,0.0,0.0,0.0,0.08387756,0.0,0.0,nan,0.0,0.0,0.045229554,0.0060950518,-0.0016153306,-0.0009840429,0.0,0.0,0.0,0.0,0.0,0.0
6982772000,6982692000,-0.051694535,0.0043804646,-0.00045722723,-0.039574444,0.03090766,0.0,0.0,0.0,0.0,0.0,0.0,0.0,0.0,0.22315979,0.0,0.0,nan,0.0,0.0,0.001560688,0.006253509,0.0032877624,-0.0014424622,0.0,0.0,0.0,0.0,0.0,0.0
6983276000,6983196000,-0.050204538,0.0009961128,0.05129063,-0.037184656,0.015605867,0.0,0.0,0.0,0.0,0.0,0.0,0.0,0.0,-0.015960693,0.0,0.0,nan,0.0,0.0,0.001560688,0.0028143302,0.003157273,-0.001389116,0.0,0.0,0.0,0.0,0.0,0.0
6983772000,6983692000,-0.039931532,0.0070540905,0.04699385,-0.02955103,0.03420639,0.0,0.0,0.0,0.0,0.0,0.0,0.0,0.0,-0.037902832,0.0,0.0,nan,0.0,0.0,0.001560688,-0.0028746128,-0.0013179481,-0.000400424,0.0,0.0,0.0,0.0,0.0,0.0
6984276000,6984196000,-0.005705375,-0.03327465,0.055390894,-0.03108257,-0.016691446,0.0,0.0,0.0,0.0,0.0,0.0,0.0,0.0,0.09327698,0.0,0.0,nan,0.0,0.0,0.001560688,-0.0037297755,-0.0006739199,-0.0016224086,0.0,0.0,0.0,0.0,0.0,0.0
6984780000,6984700000,-0.0010218658,-0.041009188,0.051337898,-0.023848116,-0.008595943,0.0,0.0,0.0,0.0,0.0,0.0,0.0,0.0,0.15464783,0.0,0.0,nan,0.0,0.0,0.001560688,-0.0011157542,-0.00034964085,0.0006623566,0.0,0.0,0.0,0.0,0.0,0.0
6985276000,6985196000,0.004941605,0.0052006245,0.053807735,-0.016937196,0.004494667,0.0,0.0,0.0,0.0,0.0,0.0,0.0,0.0,0.074645996,0.0,0.0,nan,0.0,0.0,0.001560688,0.0016296804,-0.00021636486,-0.0007378757,0.0,0.0,0.0,0.0,0.0,0.0
6985780000,6985700000,0.016686331,-0.047908068,0.059380293,-0.0036518574,-0.020125866,0.0,0.0,0.0,0.0,0.0,0.0,0.0,0.0,-0.014724731,0.0,0.0,nan,0.0,0.0,0.001560688,-0.0005708933,-0.00032788515,-0.00063979626,0.0,0.0,0.0,0.0,0.0,0.0
6986276000,6986196000,0.046989482,-0.028587341,0.09264028,0.00052446127,-0.015863419,0.0,0.0,0.0,0.0,0.0,0.0,0.0,0.0,0.076293945,0.0,0.0,nan,0.0,0.0,-0.0073827505,0.0011520945,0.0018925369,-0.0010368824,0.0,0.0,0.0,0.0,0.0,0.0
6986780000,6986700000,-0.007447419,-0.010092974,0.094266474,-0.004022658,-0.02767086,0.0,0.0,0.0,0.0,0.0,0.0,0.0,0.0,0.06918335,0.0,0.0,nan,0.0,0.0,0.004167676,0.0011520945,0.0018925369,-0.0010368824,0.0,0.0,0.0,0.0,0.0,0.0
6987276000,6987196000,0.019064926,-0.00080013275,0.097587585,0.0056594014,-0.044774055,0.0,0.0,0.0,0.0,0.0,0.0,0.0,0.0,-0.0572052,0.0,0.0,nan,0.0,0.0,0.0075110197,0.0011520945,0.0018925369,-0.0010368824,0.0,0.0,0.0,0.0,0.0,0.0
6987780000,6987700000,0.020874374,-0.04655552,0.10422373,0.014431834,-0.036346436,0.0,0.0,0.0,0.0,0.0,0.0,0.0,0.0,0.08969116,0.0,0.0,nan,0.0,0.0,-0.0053447485,0.0011520945,0.0018925369,-0.0010368824,0.0,0.0,0.0,0.0,0.0,0.0
6988276000,6988196000,0.009188521,-0.007861376,0.080573976,-0.0035979152,-0.027157784,0.0,0.0,0.0,0.0,0.0,0.0,0.0,0.0,-0.026290894,0.0,0.0,nan,0.0,0.0,-0.0044904947,0.0011520945,0.0018925369,-0.0010368824,0.0,0.0,0.0,0.0,0.0,0.0
6988780000,6988700000,0.0028742645,-0.015227079,0.076830745,0.0097536445,-0.044962883,0.0,0.0,0.0,0.0,0.0,0.0,0.0,0.0,0.1328888,0.0,0.0,nan,0.0,0.0,-0.0031923056,0.0011520945,0.0018925369,-0.0010368824,0.0,0.0,0.0,0.0,0.0,0.0
6989276000,6989196000,0.0154345995,-0.01200366,0.07310361,0.0043733716,-0.03661728,0.0,0.0,0.0,0.0,0.0,0.0,0.0,0.0,0.0023345947,0.0,0.0,nan,0.0,0.0,-0.008399487,0.0011520945,0.0018925369,-0.0010368824,0.0,0.0,0.0,0.0,0.0,0.0
6989780000,6989700000,0.0134966355,-0.0028920174,0.07366568,0.004000008,-0.01738739,0.0,0.0,0.0,0.0,0.0,0.0,0.0,0.0,0.06480408,0.0,0.0,nan,0.0,0.0,-0.005338788,0.0011520945,0.0018925369,-0.0010368824,0.0,0.0,0.0,0.0,0.0,0.0
6990276000,6990196000,0.010596526,-0.00988245,0.0050724745,-0.00070363283,-0.047338486,0.0,0.0,0.0,0.0,0.0,0.0,0.0,0.0,0.060958862,0.0,0.0,nan,0.0,0.0,0.00064218044,0.0011520945,0.0018925369,-0.0010368824,0.0,0.0,0.0,0.0,0.0,0.0
6990780000,6990700000,0.0071635214,-0.010455847,0.04792422,-0.00081014633,-0.026950836,0.0,0.0,0.0,0.0,0.0,0.0,0.0,0.0,0.06781006,0.0,0.0,nan,0.0,0.0,0.010870576,0.0011520945,0.0018925369,-0.0010368824,0.0,0.0,0.0,0.0,0.0,0.0
6991276000,6991196000,-0.008863667,-0.008370161,0.08353388,-0.009302616,-0.030706406,0.0,0.0,0.0,0.0,0.0,0.0,0.0,0.0,-0.06338501,0.0,0.0,nan,0.0,0.0,-0.007724762,0.0011520945,0.0018925369,-0.0010368824,0.0,0.0,0.0,0.0,0.0,0.0
6991772000,6991692000,0.006581482,0.01214838,0.0349285,-0.0045322776,-0.04043579,0.0,0.0,0.0,0.0,0.0,0.0,0.0,0.0,0.049819946,0.0,0.0,nan,0.0,0.0,-0.006337166,0.0011520945,0.0018925369,-0.0010368824,0.0,0.0,0.0,0.0,0.0,0.0
6992276000,6992196000,0.0046609635,-0.004889965,0.018513024,-0.0021172166,-0.0329628,0.0,0.0,0.0,0.0,0.0,0.0,0.0,0.0,0.103378296,0.0,0.0,nan,0.0,0.0,-0.002704978,0.0011520945,0.0018925369,-0.0010368824,0.0,0.0,0.0,0.0,0.0,0.0
6992772000,6992692000,-0.00063891616,0.009224176,0.06530088,-0.0033415556,-0.018938065,0.0,0.0,0.0,0.0,0.0,0.0,0.0,0.0,0.1103363,0.0,0.0,nan,0.0,0.0,-0.0049500465,0.0011520945,0.0018925369,-0.0010368824,0.0,0.0,0.0,0.0,0.0,0.0
6993276000,6993196000,0.022072075,0.0066435337,0.015381932,-0.0041449666,-0.024930954,0.0,0.0,0.0,0.0,0.0,0.0,0.0,0.0,0.153656,0.0,0.0,nan,0.0,0.0,-0.0024217367,0.0011520945,0.0018925369,-0.0010368824,0.0,0.0,0.0,0.0,0.0,0.0
6993780000,6993700000,-0.00037459782,0.03162527,0.037462473,-0.007681966,-0.028553009,0.0,0.0,0.0,0.0,0.0,0.0,0.0,0.0,-0.033203125,0.0,0.0,nan,0.0,0.0,-0.010045171,0.0011520945,0.0018925369,-0.0010368824,0.0,0.0,0.0,0.0,0.0,0.0
6994276000,6994196000,0.0072517972,0.032451153,0.014172077,0.0045511723,-0.00620842,0.0,0.0,0.0,0.0,0.0,0.0,0.0,0.0,0.10595703,0.0,0.0,nan,0.0,0.0,0.0062184334,0.0011520945,0.0018925369,-0.0010368824,0.0,0.0,0.0,0.0,0.0,0.0
6994780000,6994700000,0.008800827,0.02005601,0.051650524,0.0026304126,-0.0077285767,0.0,0.0,0.0,0.0,0.0,0.0,0.0,0.0,0.05781555,0.0,0.0,nan,0.0,0.0,-0.009204268,0.0011520945,0.0018925369,-0.0010368824,0.0,0.0,0.0,0.0,0.0,0.0
6995276000,6995196000,0.0064183082,0.043377876,0.03565514,0.0013455153,-0.017911911,0.0,0.0,0.0,0.0,0.0,0.0,0.0,0.0,-0.046951294,0.0,0.0,nan,0.0,0.0,0.0051441193,0.0011520945,0.0018925369,-0.0010368824,0.0,0.0,0.0,0.0,0.0,0.0
6995772000,6995692000,0.00891913,-0.007568836,0.037136495,0.0016171932,-0.016044617,0.0,0.0,0.0,0.0,0.0,0.0,0.0,0.0,0.027114868,0.0,0.0,nan,0.0,0.0,-0.007745266,0.0011520945,0.0018925369,-0.0010368824,0.0,0.0,0.0,0.0,0.0,0.0
6996276000,6996196000,0.045359913,0.016090393,0.025651336,0.02296561,-0.019123077,0.0,0.0,0.0,0.0,0.0,0.0,0.0,0.0,0.026016235,0.0,0.0,nan,0.0,0.0,-0.0036085844,0.0011520945,0.0018925369,-0.0010368824,0.0,0.0,0.0,0.0,0.0,0.0
6996780000,6996700000,0.042114563,0.020133078,0.052126214,0.024896324,-0.014560699,0.0,0.0,0.0,0.0,0.0,0.0,0.0,0.0,0.08258057,0.0,0.0,nan,0.0,0.0,-0.010181189,-0.0018837973,-0.0037427843,0.0003669858,0.0,0.0,0.0,0.0,0.0,0.0
6997276000,6997196000,0.06580196,0.05653131,0.0027159005,0.026177347,0.0023078918,0.0,0.0,0.0,0.0,0.0,0.0,0.0,0.0,0.044143677,0.0,0.0,nan,0.0,0.0,-0.010181189,-0.002509661,-0.00030480325,-0.00049459934,0.0,0.0,0.0,0.0,0.0,0.0
6997780000,6997700000,0.0630044,0.0600022,-0.02966085,0.030191839,0.00090789795,0.0,0.0,0.0,0.0,0.0,0.0,0.0,0.0,0.19416809,0.0,0.0,nan,0.0,0.0,-0.010181189,0.003604643,0.0015275329,0.0023704767,0.0,0.0,0.0,0.0,0.0,0.0
6998276000,6998196000,0.0110971425,0.034597795,-0.02047715,0.030039787,0.004337311,0.0,0.0,0.0,0.0,0.0,0.0,0.0,0.0,-0.09043884,0.0,0.0,nan,0.0,0.0,-0.010181189,-0.00037547946,-2.1710992e-05,3.46303e-05,0.0,0.0,0.0,0.0,0.0,0.0
6998780000,6998700000,0.02483495,0.050363664,-0.030524231,0.040881097,0.011024475,0.0,0.0,0.0,0.0,0.0,0.0,0.0,0.0,0.08494568,0.0,0.0,nan,0.0,0.0,-0.010181189,-0.0015245378,0.0047577173,0.0054987073,0.0,0.0,0.0,0.0,0.0,0.0
6999276000,6999196000,0.005621267,0.05587175,0.018415272,0.040946245,0.021629333,0.0,0.0,0.0,0.0,0.0,0.0,0.0,0.0,-0.036849976,0.0,0.0,nan,0.0,0.0,-0.010181189,-0.0019591823,0.0037151128,0.002336353,0.0,0.0,0.0,0.0,0.0,0.0
6999772000,6999692000,0.011301816,0.028708372,-0.026368743,0.036652803,0.021636963,0.0,0.0,0.0,0.0,0.0,0.0,0.0,0.0,0.2762909,0.0,0.0,nan,0.0,0.0,-0.010181189,0.0045183226,-0.0025535077,0.0021407902,0.0,0.0,0.0,0.0,0.0,0.0
7000276000,7000196000,0.0039300453,0.023750378,-0.02473249,0.026749194,0.018753052,0.0,0.0,0.0,0.0,0.0,0.0,0.0,0.0,0.028747559,0.0,0.0,nan,0.0,0.0,0.008492351,0.0001501888,-0.0005969554,-0.000533998,0.0,0.0,0.0,0.0,0.0,0.0
7000772000,7000692000,-0.003878612,0.03236282,-0.045539677,0.01638639,0.02229309,0.0,0.0,0.0,0.0,0.0,0.0,0.0,0.0,0.018753052,0.0,0.0,nan,0.0,0.0,0.0015808344,0.0001501888,-0.0005969554,-0.000533998,0.0,0.0,0.0,0.0,0.0,0.0
7001276000,7001196000,-0.043815903,0.037151255,-0.025422301,0.0031909347,0.0075531006,0.0,0.0,0.0,0.0,0.0,0.0,0.0,0.0,0.071136475,0.0,0.0,nan,0.0,0.0,0.009812593,0.0001501888,-0.0005969554,-0.000533998,0.0,0.0,0.0,0.0,0.0,0.0
7001780000,7001700000,-0.04286981,0.007835638,-0.045219615,0.004532516,-0.0039138794,0.0,0.0,0.0,0.0,0.0,0.0,0.0,0.0,0.019561768,0.0,0.0,nan,0.0,0.0,0.00091433525,0.0001501888,-0.0005969554,-0.000533998,0.0,0.0,0.0,0.0,0.0,0.0
7002276000,7002196000,-0.035239063,-0.013278503,-0.029334173,-0.0033868551,-0.009502411,0.0,0.0,0.0,0.0,0.0,0.0,0.0,0.0,0.03253174,0.0,0.0,nan,0.0,0.0,0.006788373,0.0001501888,-0.0005969554,-0.000533998,0.0,0.0,0.0,0.0,0.0,0.0
7002780000,7002700000,-0.03626355,0.0013437234,-0.07565374,0.0011495352,-0.005592346,0.0,0.0,0.0,0.0,0.0,0.0,0.0,0.0,-0.038406372,0.0,0.0,nan,0.0,0.0,-0.018703341,0.0001501888,-0.0005969554,-0.000533998,0.0,0.0,0.0,0.0,0.0,0.0
7003276000,7003196000,-0.05286208,0.005440545,-0.06317062,-0.007508099,-0.008136749,0.0,0.0,0.0,0.0,0.0,0.0,0.0,0.0,-0.026062012,0.0,0.0,nan,0.0,0.0,-0.02211976,0.0001501888,-0.0005969554,-0.000533998,0.0,0.0,0.0,0.0,0.0,0.0
7003780000,7003700000,-0.032591067,-0.013833271,-0.04662413,-0.014391899,-0.006160736,0.0,0.0,0.0,0.0,0.0,0.0,0.0,0.0,-0.0020446777,0.0,0.0,nan,0.0,0.0,-0.005121112,0.0001501888,-0.0005969554,-0.000533998,0.0,0.0,0.0,0.0,0.0,0.0
7004276000,7004196000,-0.05365581,-0.048611283,-0.06174655,-0.020012438,-0.013053894,0.0,0.0,0.0,0.0,0.0,0.0,0.0,0.0,-0.008255005,0.0,0.0,nan,0.0,0.0,-0.009662271,0.0001501888,-0.0005969554,-0.000533998,0.0,0.0,0.0,0.0,0.0,0.0
7004780000,7004700000,-0.040704686,-0.0060435194,-0.039404,-0.018143296,-0.011329651,0.0,0.0,0.0,0.0,0.0,0.0,0.0,0.0,-0.09916687,0.0,0.0,nan,0.0,0.0,-0.011747003,0.0001501888,-0.0005969554,-0.000533998,0.0,0.0,0.0,0.0,0.0,0.0
7005276000,7005196000,-0.03396522,-0.011384515,-0.06930636,-0.012819171,-0.010860443,0.0,0.0,0.0,0.0,0.0,0.0,0.0,0.0,-0.060424805,0.0,0.0,nan,0.0,0.0,-0.0045028925,0.0001501888,-0.0005969554,-0.000533998,0.0,0.0,0.0,0.0,0.0,0.0
7005780000,7005700000,-0.030998083,-0.004824576,-0.03332959,-0.010542393,-0.004383087,0.0,0.0,0.0,0.0,0.0,0.0,0.0,0.0,-0.09490967,0.0,0.0,nan,0.0,0.0,-0.007633567,0.0001501888,-0.0005969554,-0.000533998,0.0,0.0,0.0,0.0,0.0,0.0
7006276000,7006196000,-0.027689638,0.022904713,-0.075384624,-0.008758426,-0.009899139,0.0,0.0,0.0,0.0,0.0,0.0,0.0,0.0,-0.0697937,0.0,0.0,nan,0.0,0.0,0.0020147562,0.0001501888,-0.0005969554,-0.000533998,0.0,0.0,0.0,0.0,0.0,0.0
7006780000,7006700000,0.0040781423,-0.041105077,-0.0072358046,0.00031155348,-0.008872986,0.0,0.0,0.0,0.0,0.0,0.0,0.0,0.0,0.06967163,0.0,0.0,nan,0.0,0.0,-0.014598012,0.0001501888,-0.0005969554,-0.000533998,0.0,0.0,0.0,0.0,0.0,0.0
7007276000,7007196000,-0.024170034,-0.011479471,-0.048998095,-0.0074495077,0.0020065308,0.0,0.0,0.0,0.0,0.0,0.0,0.0,0.0,-0.112854004,0.0,0.0,nan,0.0,0.0,0.002735138,0.0001501888,-0.0005969554,-0.000533998,0.0,0.0,0.0,0.0,0.0,0.0
7007780000,7007700000,-0.010329659,-0.002969548,-0.07191387,0.0026100874,0.009449005,0.0,0.0,0.0,0.0,0.0,0.0,0.0,0.0,-0.009429932,0.0,0.0,nan,0.0,0.0,-0.01257515,0.0001501888,-0.0005969554,-0.000533998,0.0,0.0,0.0,0.0,0.0,0.0
7008276000,7008196000,0.03044833,-0.008032886,-0.06485844,0.0051751733,0.0019111633,0.0,0.0,0.0,0.0,0.0,0.0,0.0,0.0,-0.10774231,0.0,0.0,nan,0.0,0.0,-0.019310117,0.0001501888,-0.0005969554,-0.000533998,0.0,0.0,0.0,0.0,0.0,0.0
7008780000,7008700000,-0.0072282013,-0.030980483,-0.090708055,0.0037153363,-0.007984161,0.0,0.0,0.0,0.0,0.0,0.0,0.0,0.0,-0.07904053,0.0,0.0,nan,0.0,0.0,-0.015579939,0.0001501888,-0.0005969554,-0.000533998,0.0,0.0,0.0,0.0,0.0,0.0
7009276000,7009196000,0.013276618,-0.0016566641,-0.06287104,0.00944072,-0.0075569153,0.0,0.0,0.0,0.0,0.0,0.0,0.0,0.0,-0.06213379,0.0,0.0,nan,0.0,0.0,-0.016851425,0.0001501888,-0.0005969554,-0.000533998,0.0,0.0,0.0,0.0,0.0,0.0
7009772000,7009692000,0.021304764,-0.026430007,-0.03203951,0.0061938763,-0.01794815,0.0,0.0,0.0,0.0,0.0,0.0,0.0,0.0,-0.040298462,0.0,0.0,nan,0.0,0.0,0.012123466,0.0001501888,-0.0005969554,-0.000533998,0.0,0.0,0.0,0.0,0.0,0.0
7010276000,7010196000,0.009854725,-0.02495329,-0.021266222,0.025265574,-0.013557434,0.0,0.0,0.0,0.0,0.0,0.0,0.0,0.0,-0.07350159,0.0,0.0,nan,0.0,0.0,-0.0055657625,0.0001501888,-0.0005969554,-0.000533998,0.0,0.0,0.0,0.0,0.0,0.0
7010772000,7010692000,0.031758375,-0.022501126,-0.06506046,0.029181063,-0.014854431,0.0,0.0,0.0,0.0,0.0,0.0,0.0,0.0,-0.08969116,0.0,0.0,nan,0.0,0.0,-0.0067675114,0.0001501888,-0.0005969554,-0.000533998,0.0,0.0,0.0,0.0,0.0,0.0
7011276000,7011196000,0.059750155,-0.014794361,-0.09661517,0.029766023,-0.009918213,0.0,0.0,0.0,0.0,0.0,0.0,0.0,0.0,-0.027450562,0.0,0.0,nan,0.0,0.0,-0.024978757,0.0001501888,-0.0005969554,-0.000533998,0.0,0.0,0.0,0.0,0.0,0.0
7011780000,7011700000,0.02922327,-0.016736094,-0.06560013,0.025157273,-0.005214691,0.0,0.0,0.0,0.0,0.0,0.0,0.0,0.0,-0.0382843,0.0,0.0,nan,0.0,0.0,-0.015357137,0.0001501888,-0.0005969554,-0.000533998,0.0,0.0,0.0,0.0,0.0,0.0
7012276000,7012196000,0.0427873,-0.015275018,-0.02749748,0.035898507,-0.013095856,0.0,0.0,0.0,0.0,0.0,0.0,0.0,0.0,-0.10507202,0.0,0.0,nan,0.0,0.0,-0.01644814,0.0001501888,-0.0005969554,-0.000533998,0.0,0.0,0.0,0.0,0.0,0.0
7012780000,7012700000,0.033072945,-0.013242511,-0.045987472,0.024617016,-0.006088257,0.0,0.0,0.0,0.0,0.0,0.0,0.0,0.0,-0.129776,0.0,0.0,nan,0.0,0.0,-0.0065704584,0.0001501888,-0.0005969554,-0.000533998,0.0,0.0,0.0,0.0,0.0,0.0
7013276000,7013196000,0.015733311,-0.023369545,-0.041167535,0.022249877,-0.0017929077,0.0,0.0,0.0,0.0,0.0,0.0,0.0,0.0,-0.01991272,0.0,0.0,nan,0.0,0.0,-0.021829844,0.0001501888,-0.0005969554,-0.000533998,0.0,0.0,0.0,0.0,0.0,0.0
7013780000,7013700000,0.02947997,0.0014346127,-0.06927964,0.03169006,-0.0026664734,0.0,0.0,0.0,0.0,0.0,0.0,0.0,0.0,-0.024597168,0.0,0.0,nan,0.0,0.0,0.0031576157,0.0001501888,-0.0005969554,-0.000533998,0.0,0.0,0.0,0.0,0.0,0.0
7014276000,7014196000,0.06670443,0.006178774,-0.037240125,0.037517846,0.00046539307,0.0,0.0,0.0,0.0,0.0,0.0,0.0,0.0,-0.09063721,0.0,0.0,nan,0.0,0.0,-0.028757334,0.0001501888,-0.0005969554,-0.000533998,0.0,0.0,0.0,0.0,0.0,0.0
7014780000,7014700000,0.11178604,0.010668952,-0.07468418,0.047175765,0.00048828125,0.0,0.0,0.0,0.0,0.0,0.0,0.0,0.0,-0.26475525,0.0,0.0,nan,0.0,0.0,-0.022936463,0.0001501888,-0.0005969554,-0.000533998,0.0,0.0,0.0,0.0,0.0,0.0
7015276000,7015196000,0.08910692,0.035440587,-0.067207724,0.048444986,0.011886597,0.0,0.0,0.0,0.0,0.0,0.0,0.0,0.0,-0.10795593,0.0,0.0,nan,0.0,0.0,-0.021411896,0.0001501888,-0.0005969554,-0.000533998,0.0,0.0,0.0,0.0,0.0,0.0
7015780000,7015700000,0.07056713,0.044428248,-0.06252002,0.036316723,0.011798859,0.0,0.0,0.0,0.0,0.0,0.0,0.0,0.0,-0.063308716,0.0,0.0,nan,0.0,0.0,-0.025200725,-0.008126214,0.0034314394,-0.0017482638,0.0,0.0,0.0,0.0,0.0,0.0
7016276000,7016196000,0.04463935,0.066529356,-0.039418112,0.030688047,0.02532196,0.0,0.0,0.0,0.0,0.0,0.0,0.0,0.0,-0.053375244,0.0,0.0,nan,0.0,0.0,-0.025200725,-0.00036160648,0.0025535822,-0.001591593,0.0,0.0,0.0,0.0,0.0,0.0
7016780000,7016700000,0.037442923,0.06950394,-0.0077244267,0.02113843,0.031845093,0.0,0.0,0.0,0.0,0.0,0.0,0.0,0.0,-0.16517639,0.0,0.0,nan,0.0,0.0,-0.025200725,-0.00030312687,0.00050088763,-0.0009332597,0.0,0.0,0.0,0.0,0.0,0.0
7017276000,7017196000,0.028749466,0.052771438,-0.0068732705,0.010528564,0.022281647,0.0,0.0,0.0,0.0,0.0,0.0,0.0,0.0,-0.033691406,0.0,0.0,nan,0.0,0.0,-0.025200725,0.00024538487,0.0005092323,-0.0010097027,0.0,0.0,0.0,0.0,0.0,0.0
7017772000,7017692000,0.042457342,0.05235162,-0.009919473,0.0050091743,0.025745392,0.0,0.0,0.0,0.0,0.0,0.0,0.0,0.0,0.041229248,0.0,0.0,nan,0.0,0.0,-0.025200725,0.00010037422,0.0024179518,-0.00575608,0.0,0.0,0.0,0.0,0.0,0.0
7018276000,7018196000,0.026412964,0.029137313,-0.002132133,-0.004249096,0.016067505,0.0,0.0,0.0,0.0,0.0,0.0,0.0,0.0,0.11029053,0.0,0.0,nan,0.0,0.0,-0.025200725,0.00064881146,0.0031529963,-0.001801312,0.0,0.0,0.0,0.0,0.0,0.0
7018772000,7018692000,0.07851052,0.032537535,0.011329687,-0.012263775,0.02691269,0.0,0.0,0.0,0.0,0.0,0.0,0.0,0.0,-0.07318115,0.0,0.0,nan,0.0,0.0,-0.025200725,-0.0011606738,0.00030586123,0.0011039674,0.0,0.0,0.0,0.0,0.0,0.0
7019276000,7019196000,0.040699005,0.037931904,0.002541318,-0.010457993,0.0198555,0.0,0.0,0.0,0.0,0.0,0.0,0.0,0.0,0.07342529,0.0,0.0,nan,0.0,0.0,0.019878983,-0.0049932897,-0.002416551,-0.0045061707,0.0,0.0,0.0,0.0,0.0,0.0
7019780000,7019700000,0.072600126,0.028934915,0.052731454,-0.0090789795,0.006072998,0.0,0.0,0.0,0.0,0.0,0.0,0.0,0.0,-0.033218384,0.0,0.0,nan,0.0,0.0,0.0022462606,-0.0049932897,-0.002416551,-0.0045061707,0.0,0.0,0.0,0.0,0.0,0.0
7020276000,7020196000,0.06985831,-0.025168903,0.042671222,0.011437416,0.0063552856,0.0,0.0,0.0,0.0,0.0,0.0,0.0,0.0,-0.032928467,0.0,0.0,nan,0.0,0.0,-0.01911521,-0.0049932897,-0.002416551,-0.0045061707,0.0,0.0,0.0,0.0,0.0,0.0
7020780000,7020700000,0.05185008,-0.023410365,0.068502106,-0.016429901,0.005126953,0.0,0.0,0.0,0.0,0.0,0.0,0.0,0.0,0.0010375977,0.0,0.0,nan,0.0,0.0,-0.0035068989,-0.0049932897,-0.002416551,-0.0045061707,0.0,0.0,0.0,0.0,0.0,0.0
7021276000,7021196000,0.053057432,-0.047655955,0.02310323,-0.008981705,-0.013141632,0.0,0.0,0.0,0.0,0.0,0.0,0.0,0.0,-0.08476257,0.0,0.0,nan,0.0,0.0,0.009307981,-0.0049932897,-0.002416551,-0.0045061707,0.0,0.0,0.0,0.0,0.0,0.0
7021772000,7021692000,0.058585227,-0.06546822,0.04411896,-0.009167671,-0.009101868,0.0,0.0,0.0,0.0,0.0,0.0,0.0,0.0,0.08488464,0.0,0.0,nan,0.0,0.0,-0.008538246,-0.0049932897,-0.002416551,-0.0045061707,0.0,0.0,0.0,0.0,0.0,0.0
7022276000,7022196000,0.092773706,-0.046407,0.0032578371,0.0030155182,-0.026184082,0.0,0.0,0.0,0.0,0.0,0.0,0.0,0.0,-0.08114624,0.0,0.0,nan,0.0,0.0,-0.006255269,-0.0049932897,-0.002416551,-0.0045061707,0.0,0.0,0.0,0.0,0.0,0.0
7022780000,7022700000,0.06865315,-0.06326949,-0.008703602,-0.003200531,-0.026184082,0.0,0.0,0.0,0.0,0.0,0.0,0.0,0.0,0.10914612,0.0,0.0,nan,0.0,0.0,-0.0039254427,-0.0049932897,-0.002416551,-0.0045061707,0.0,0.0,0.0,0.0,0.0,0.0
7023276000,7023196000,0.08059362,-0.03482297,-0.09054945,0.009447098,-0.017734528,0.0,0.0,0.0,0.0,0.0,0.0,0.0,0.0,0.09628296,0.0,0.0,nan,0.0,0.0,-0.04501593,-0.0049932897,-0.002416551,-0.0045061707,0.0,0.0,0.0,0.0,0.0,0.0
7023780000,7023700000,0.09631692,-0.057797723,0.016988093,0.015053749,-0.028633118,0.0,0.0,0.0,0.0,0.0,0.0,0.0,0.0,-0.0013580322,0.0,0.0,nan,0.0,0.0,-0.011100888,-0.0049932897,-0.002416551,-0.0045061707,0.0,0.0,0.0,0.0,0.0,0.0
7024276000,7024196000,0.04499743,-0.04963853,-0.0055182874,0.023489952,-0.022327423,0.0,0.0,0.0,0.0,0.0,0.0,0.0,0.0,-0.06401062,0.0,0.0,nan,0.0,0.0,-0.015799522,-0.0049932897,-0.002416551,-0.0045061707,0.0,0.0,0.0,0.0,0.0,0.0
7024772000,7024692000,0.054150432,-0.050235003,-0.01490885,0.017324448,-0.013374329,0.0,0.0,0.0,0.0,0.0,0.0,0.0,0.0,0.029571533,0.0,0.0,nan,0.0,0.0,-0.024688005,-0.0049932897,-0.002416551,-0.0045061707,0.0,0.0,0.0,0.0,0.0,0.0
7025276000,7025196000,0.06969637,-0.030189276,-0.11087626,0.032224655,-0.01600647,0.0,0.0,0.0,0.0,0.0,0.0,0.0,0.0,-0.036071777,0.0,0.0,nan,0.0,0.0,-0.027144074,-0.0049932897,-0.002416551,-0.0045061707,0.0,0.0,0.0,0.0,0.0,0.0
7025772000,7025692000,0.07491243,-0.04109299,-0.083221436,0.030649185,-0.017406464,0.0,0.0,0.0,0.0,0.0,0.0,0.0,0.0,-0.09036255,0.0,0.0,nan,0.0,0.0,-0.047956467,-0.0024499595,-2.2046268e-05,0.00012671947,0.0,0.0,0.0,0.0,0.0,0.0
7026276000,7026196000,0.05982399,-0.044868708,-0.08559871,0.04170513,-0.015834808,0.0,0.0,0.0,0.0,0.0,0.0,0.0,0.0,-0.031448364,0.0,0.0,nan,0.0,0.0,-0.047956467,-0.0075745434,-0.0045180097,0.00068858266,0.0,0.0,0.0,0.0,0.0,0.0
7026780000,7026700000,0.08353287,-0.008977652,-0.099219024,0.05107212,0.004966736,0.0,0.0,0.0,0.0,0.0,0.0,0.0,0.0,-0.07398987,0.0,0.0,nan,0.0,0.0,-0.047956467,-0.0027303398,0.00056281686,0.0039073825,0.0,0.0,0.0,0.0,0.0,0.0
7027276000,7027196000,0.06525999,0.0023272038,-0.14694095,0.048418045,-0.001958847,0.0,0.0,0.0,0.0,0.0,0.0,0.0,0.0,-0.049346924,0.0,0.0,nan,0.0,0.0,-0.047956467,0.001122117,0.0024735406,-0.0043676496,0.0,0.0,0.0,0.0,0.0,0.0
7027772000,7027692000,0.030333579,0.013215303,-0.094574094,0.05306816,0.01743126,0.0,0.0,0.0,0.0,0.0,0.0,0.0,0.0,-0.12062073,0.0,0.0,nan,0.0,0.0,-0.047956467,-0.0013912022,0.00015681237,0.00057142973,0.0,0.0,0.0,0.0,0.0,0.0
7028276000,7028196000,0.017291963,0.013565779,-0.13482207,0.058883667,0.031829834,0.0,0.0,0.0,0.0,0.0,0.0,0.0,0.0,-0.15660095,0.0,0.0,nan,0.0,0.0,-0.047956467,0.001937449,0.0025884137,-0.0016496778,0.0,0.0,0.0,0.0,0.0,0.0
7028772000,7028692000,0.030091941,0.021830797,-0.13195115,0.05138874,0.029493332,0.0,0.0,0.0,0.0,0.0,0.0,0.0,0.0,-0.09613037,0.0,0.0,nan,0.0,0.0,-0.047956467,-0.00032433867,0.0017200336,0.0017409623,0.0,0.0,0.0,0.0,0.0,0.0
7029276000,7029196000,-0.0004695654,-0.00360775,-0.13985318,0.036377907,0.021772385,0.0,0.0,0.0,0.0,0.0,0.0,0.0,0.0,-0.06072998,0.0,0.0,nan,0.0,0.0,0.0027041435,-0.0018576831,3.552437e-05,0.0017466843,0.0,0.0,0.0,0.0,0.0,0.0
7029780000,7029700000,-0.012850463,0.003403902,-0.12445533,0.035393715,0.031822205,0.0,0.0,0.0,0.0,0.0,0.0,0.0,0.0,-0.22671509,0.0,0.0,nan,0.0,0.0,-0.01196897,-0.0018576831,3.552437e-05,0.0017466843,0.0,0.0,0.0,0.0,0.0,0.0
7030276000,7030196000,-0.023000896,0.020716429,-0.1188311,0.030931473,0.047449112,0.0,0.0,0.0,0.0,0.0,0.0,0.0,0.0,-0.15127563,0.0,0.0,nan,0.0,0.0,0.026020646,-0.0018576831,3.552437e-05,0.0017466843,0.0,0.0,0.0,0.0,0.0,0.0
7030772000,7030692000,-0.038631022,-0.012722492,-0.15174812,0.029506683,0.039560318,0.0,0.0,0.0,0.0,0.0,0.0,0.0,0.0,-0.16545105,0.0,0.0,nan,0.0,0.0,-0.016722322,-0.0018576831,3.552437e-05,0.0017466843,0.0,0.0,0.0,0.0,0.0,0.0
7031276000,7031196000,-0.043275297,0.016220808,-0.12567627,0.03356266,0.045145035,0.0,0.0,0.0,0.0,0.0,0.0,0.0,0.0,-0.064208984,0.0,0.0,nan,0.0,0.0,-0.025514483,-0.0018576831,3.552437e-05,0.0017466843,0.0,0.0,0.0,0.0,0.0,0.0
7031780000,7031700000,-0.0042191744,0.026138306,-0.081113696,0.019652843,0.02803421,0.0,0.0,0.0,0.0,0.0,0.0,0.0,0.0,-0.030914307,0.0,0.0,nan,0.0,0.0,-0.009109497,-0.0018576831,3.552437e-05,0.0017466843,0.0,0.0,0.0,0.0,0.0,0.0
7032276000,7032196000,-0.033183813,0.0064833164,-0.06343901,0.026160717,0.0385437,0.0,0.0,0.0,0.0,0.0,0.0,0.0,0.0,-0.019805908,0.0,0.0,nan,0.0,0.0,-0.018193603,-0.0018576831,3.552437e-05,0.0017466843,0.0,0.0,0.0,0.0,0.0,0.0
7032780000,7032700000,-0.02142632,0.012551308,-0.12401706,0.021665573,0.017764091,0.0,0.0,0.0,0.0,0.0,0.0,0.0,0.0,-0.2167511,0.0,0.0,nan,0.0,0.0,-0.013715267,-0.0018576831,3.552437e-05,0.0017466843,0.0,0.0,0.0,0.0,0.0,0.0
7033276000,7033196000,0.002650261,-0.002269268,-0.07127625,0.035183907,0.047065735,0.0,0.0,0.0,0.0,0.0,0.0,0.0,0.0,-0.09010315,0.0,0.0,nan,0.0,0.0,0.008435249,-0.0018576831,3.552437e-05,0.0017466843,0.0,0.0,0.0,0.0,0.0,0.0
7033780000,7033700000,-0.0051128864,-0.0036234856,-0.06970739,0.029381752,0.04679203,0.0,0.0,0.0,0.0,0.0,0.0,0.0,0.0,-0.14149475,0.0,0.0,nan,0.0,0.0,-0.013269663,-0.0018576831,3.552437e-05,0.0017466843,0.0,0.0,0.0,0.0,0.0,0.0
7034276000,7034196000,0.03695512,0.020083427,-0.113717556,0.038252354,0.041885376,0.0,0.0,0.0,0.0,0.0,0.0,0.0,0.0,-0.08604431,0.0,0.0,nan,0.0,0.0,0.00057959557,-0.0018576831,3.552437e-05,0.0017466843,0.0,0.0,0.0,0.0,0.0,0.0
7034780000,7034700000,0.040617943,0.009267092,-0.10598558,0.047739506,0.058755875,0.0,0.0,0.0,0.0,0.0,0.0,0.0,0.0,-0.2771454,0.0,0.0,nan,0.0,0.0,-0.011616707,-0.0018576831,3.552437e-05,0.0017466843,0.0,0.0,0.0,0.0,0.0,0.0
7035276000,7035196000,0.01827097,0.02362156,-0.11377823,0.04864168,0.06702995,0.0,0.0,0.0,0.0,0.0,0.0,0.0,0.0,-0.19573975,0.0,0.0,nan,0.0,0.0,-0.016114593,-0.0018576831,3.552437e-05,0.0017466843,0.0,0.0,0.0,0.0,0.0,0.0
7035780000,7035700000,0.0059388876,0.029202938,-0.07543492,0.0367136,0.06271982,0.0,0.0,0.0,0.0,0.0,0.0,0.0,0.0,-0.137146,0.0,0.0,nan,0.0,0.0,-0.02340126,-0.0018576831,3.552437e-05,0.0017466843,0.0,0.0,0.0,0.0,0.0,0.0
7036276000,7036196000,0.032327354,0.03653264,-0.04868114,0.039108038,0.05299568,0.0,0.0,0.0,0.0,0.0,0.0,0.0,0.0,-0.09686279,0.0,0.0,nan,0.0,0.0,-0.016723037,-0.0018576831,3.552437e-05,0.0017466843,0.0,0.0,0.0,0.0,0.0,0.0
7036780000,7036700000,0.037155867,0.03940916,-0.06937528,0.0405066,0.0463562,0.0,0.0,0.0,0.0,0.0,0.0,0.0,0.0,-0.13505554,0.0,0.0,nan,0.0,0.0,-0.008279085,-0.0018576831,3.552437e-05,0.0017466843,0.0,0.0,0.0,0.0,0.0,0.0
7037276000,7037196000,0.011772394,0.02041173,-0.016227782,0.03813088,0.051391125,0.0,0.0,0.0,0.0,0.0,0.0,0.0,0.0,-0.059143066,0.0,0.0,nan,0.0,0.0,-0.008512735,-0.0018576831,3.552437e-05,0.0017466843,0.0,0.0,0.0,0.0,0.0,0.0
7037780000,7037700000,0.0049024224,-0.0077130795,-0.018300712,0.037458062,0.044418335,0.0,0.0,0.0,0.0,0.0,0.0,0.0,0.0,-0.22688293,0.0,0.0,nan,0.0,0.0,-0.013884902,-0.0018576831,3.552437e-05,0.0017466843,0.0,0.0,0.0,0.0,0.0,0.0
7038276000,7038196000,-0.008875191,0.034911633,0.007629335,0.051705718,0.069238424,0.0,0.0,0.0,0.0,0.0,0.0,0.0,0.0,-0.2025299,0.0,0.0,nan,0.0,0.0,-0.008303046,-0.0018576831,3.552437e-05,0.0017466843,0.0,0.0,0.0,0.0,0.0,0.0
7038780000,7038700000,0.010183215,0.049684286,-0.0421142,0.04607436,0.052742124,0.0,0.0,0.0,0.0,0.0,0.0,0.0,0.0,-0.08522034,0.0,0.0,nan,0.0,0.0,0.00038170815,-0.0018576831,3.552437e-05,0.0017466843,0.0,0.0,0.0,0.0,0.0,0.0
7039276000,7039196000,0.011615694,0.05070603,-0.009728223,0.041109324,0.062268257,0.0,0.0,0.0,0.0,0.0,0.0,0.0,0.0,-0.09260559,0.0,0.0,nan,0.0,0.0,0.004230261,-0.0018576831,3.552437e-05,0.0017466843,0.0,0.0,0.0,0.0,0.0,0.0
7039780000,7039700000,-0.022268325,0.05413288,0.017372206,0.029854119,0.04623103,0.0,0.0,0.0,0.0,0.0,0.0,0.0,0.0,-0.14645386,0.0,0.0,nan,0.0,0.0,-0.0039998293,0.0009903908,0.0016343296,-0.0016452968,0.0,0.0,0.0,0.0,0.0,0.0
7040276000,7040196000,-0.048088238,0.00725919,0.037691966,0.022052348,0.050887227,0.0,0.0,0.0,0.0,0.0,0.0,0.0,0.0,0.026107788,0.0,0.0,nan,0.0,0.0,-0.0039998293,0.0024073496,0.0036704093,-0.0014472008,0.0,0.0,0.0,0.0,0.0,0.0
7040780000,7040700000,-0.04842289,0.008856356,0.02923685,0.017963946,0.048143983,0.0,0.0,0.0,0.0,0.0,0.0,0.0,0.0,-0.083618164,0.0,0.0,nan,0.0,0.0,-0.0039998293,-0.0009970069,0.0014407486,0.0005595982,0.0,0.0,0.0,0.0,0.0,0.0
7041276000,7041196000,-0.07286768,0.0151568055,0.1326724,-0.0011742115,0.03580129,0.0,0.0,0.0,0.0,0.0,0.0,0.0,0.0,0.085113525,0.0,0.0,nan,0.0,0.0,-0.0039998293,0.0012042746,0.0025404543,0.0015317798,0.0,0.0,0.0,0.0,0.0,0.0
7041780000,7041700000,-0.024489507,0.017471269,0.09427777,0.007793188,0.027948737,0.0,0.0,0.0,0.0,0.0,0.0,0.0,0.0,0.0,0.0,0.0,nan,0.0,0.0,-0.0039998293,0.0006845817,0.0032481104,0.0001154542,0.0,0.0,0.0,0.0,0.0,0.0
7042276000,7042196000,-0.013890184,-0.0069392174,0.08434343,-0.009291589,0.023205757,0.0,0.0,0.0,0.0,0.0,0.0,0.0,0.0,0.08248901,0.0,0.0,nan,0.0,0.0,-0.0039998293,-0.0016073957,-0.0012554526,-0.0014366806,0.0,0.0,0.0,0.0,0.0,0.0
7042780000,7042700000,-0.030036107,0.0040495554,0.05550939,-0.010949314,0.024262547,0.0,0.0,0.0,0.0,0.0,0.0,0.0,0.0,0.0,0.0,0.0,nan,0.0,0.0,-0.0039998293,-0.0012191832,0.0009873807,0.0015018284,0.0,0.0,0.0,0.0,0.0,0.0
7043276000,7043196000,-0.015895117,-0.0016965754,0.056069374,-0.0062294006,0.024550319,0.0,0.0,0.0,0.0,0.0,0.0,0.0,0.0,0.0,0.0,0.0,nan,0.0,0.0,-0.011801362,-0.0023406446,0.0008982569,-0.0005816519,0.0,0.0,0.0,0.0,0.0,0.0
7043780000,7043700000,-0.010399418,0.024046488,0.092898905,-0.00891,0.026551366,0.0,0.0,0.0,0.0,0.0,0.0,0.0,0.0,0.13601685,0.0,0.0,nan,0.0,0.0,-0.0021677017,-0.0023406446,0.0008982569,-0.0005816519,0.0,0.0,0.0,0.0,0.0,0.0
7044276000,7044196000,0.040189996,0.12527025,-0.53006715,-0.005430579,0.031407,0.0,0.0,0.0,0.0,0.0,0.0,0.0,0.0,0.19726562,0.0,0.0,nan,0.0,0.0,-0.003499627,-0.0023406446,0.0008982569,-0.0005816519,0.0,0.0,0.0,0.0,0.0,0.0
7044780000,7044700000,-0.027274907,-0.006029157,0.14325494,-0.020561755,0.0064872503,0.0,0.0,0.0,0.0,0.0,0.0,0.0,0.0,0.14781189,0.0,0.0,nan,0.0,0.0,-0.0052888393,-0.0023406446,0.0008982569,-0.0005816519,0.0,0.0,0.0,0.0,0.0,0.0
7045276000,7045196000,-0.01093868,0.0031367787,0.13505805,-0.019270003,0.0032503605,0.0,0.0,0.0,0.0,0.0,0.0,0.0,0.0,0.04512024,0.0,0.0,nan,0.0,0.0,0.004805565,-0.0023406446,0.0008982569,-0.0005816519,0.0,0.0,0.0,0.0,0.0,0.0
7045780000,7045700000,0.00538384,-0.018835109,0.10927287,-0.033587813,0.0002757311,0.0,0.0,0.0,0.0,0.0,0.0,0.0,0.0,0.29031372,0.0,0.0,nan,0.0,0.0,-0.012822628,-0.0023406446,0.0008982569,-0.0005816519,0.0,0.0,0.0,0.0,0.0,0.0
7046276000,7046196000,0.0057047927,-0.005867884,0.14795735,-0.01836431,0.0018628836,0.0,0.0,0.0,0.0,0.0,0.0,0.0,0.0,0.1581726,0.0,0.0,nan,0.0,0.0,-0.0067213774,-0.0023406446,0.0008982569,-0.0005816519,0.0,0.0,0.0,0.0,0.0,0.0
7046780000,7046700000,-0.012684195,0.0011506528,0.12349106,-0.017483592,0.0011035204,0.0,0.0,0.0,0.0,0.0,0.0,0.0,0.0,0.16812134,0.0,0.0,nan,0.0,0.0,-0.022219062,-0.0023406446,0.0008982569,-0.0005816519,0.0,0.0,0.0,0.0,0.0,0.0
7047276000,7047196000,-0.00036978844,0.010022375,-0.010398972,-0.010160029,0.0035028458,0.0,0.0,0.0,0.0,0.0,0.0,0.0,0.0,-0.14881897,0.0,0.0,nan,0.0,0.0,-0.0049659014,-0.0023406446,0.0008982569,-0.0005816519,0.0,0.0,0.0,0.0,0.0,0.0
7047780000,7047700000,-0.00066470646,-0.00050637865,-0.009434636,-0.0069514513,0.008360982,0.0,0.0,0.0,0.0,0.0,0.0,0.0,0.0,-0.08581543,0.0,0.0,nan,0.0,0.0,-0.020141363,-0.0023406446,0.0008982569,-0.0005816519,0.0,0.0,0.0,0.0,0.0,0.0
7048276000,7048196000,0.0035051939,0.0011527768,0.0216267,1.5735626e-05,0.011628866,0.0,0.0,0.0,0.0,0.0,0.0,0.0,0.0,-0.07662964,0.0,0.0,nan,0.0,0.0,-0.018719792,-0.0023406446,0.0008982569,-0.0005816519,0.0,0.0,0.0,0.0,0.0,0.0
7048772000,7048692000,-0.0020027366,-0.00042120885,-0.0034797364,-0.006191492,0.011660814,0.0,0.0,0.0,0.0,0.0,0.0,0.0,0.0,0.035079956,0.0,0.0,nan,0.0,0.0,-0.013908386,-0.0023406446,0.0008982569,-0.0005816519,0.0,0.0,0.0,0.0,0.0,0.0
