timestamp,timestamp_sample,lat,lon,alt,alt_ellipsoid,delta_alt,eph,epv,terrain_alt,lat_lon_reset_counter,alt_reset_counter,terrain_alt_valid,dead_reckoning
6970976000,0,41.6066982,-86.3556188,229.269,0.0,0.0,0.0,0.0,0.0,0,0,0,0
6970980000,0,41.6066982,-86.3556188,229.269,0.0,0.0,0.0,0.0,0.0,0,0,0,0
6971072000,0,41.6066982,-86.3556188,229.269,0.0,0.0,0.0,0.0,0.0,0,0,0,0
6971176000,0,41.6066982,-86.3556188,229.269,0.0,0.0,0.0,0.0,0.0,0,0,0,0
6971276000,0,41.6066982,-86.3556188,229.269,0.0,0.0,0.0,0.0,0.0,0,0,0,0
6971376000,0,41.6066982,-86.3556188,229.269,0.0,0.0,0.0,0.0,0.0,0,0,0,0
6971476000,0,41.6066982,-86.3556188,229.269,0.0,0.0,0.0,0.0,0.0,0,0,0,0
6971576000,0,41.6066982,-86.3556188,229.269,0.0,0.0,0.0,0.0,0.0,0,0,0,0
6971676000,0,41.6066982,-86.3556188,229.269,0.0,0.0,0.0,0.0,0.0,0,0,0,0
6971772000,0,41.6066982,-86.3556188,229.269,0.0,0.0,0.0,0.0,0.0,0,0,0,0
6971876000,0,41.6066982,-86.3556188,229.269,0.0,0.0,0.0,0.0,0.0,0,0,0,0
6971976000,0,41.6066982,-86.3556188,229.269,0.0,0.0,0.0,0.0,0.0,0,0,0,0
6972076000,0,41.6066982,-86.3556188,229.269,0.0,0.0,0.0,0.0,0.0,0,0,0,0
6972176000,0,41.6066982,-86.3556188,229.269,0.0,0.0,0.0,0.0,0.0,0,0,0,0
6972276000,0,41.6066982,-86.3556188,229.269,0.0,0.0,0.0,0.0,0.0,0,0,0,0
6972376000,0,41.6066982,-86.3556188,229.269,0.0,0.0,0.0,0.0,0.0,0,0,0,0
6972476000,0,41.6066982,-86.3556188,229.269,0.0,0.0,0.0,0.0,0.0,0,0,0,0
6972576000,0,41.6066982,-86.3556188,229.269,0.0,0.0,0.0,0.0,0.0,0,0,0,0
6972676000,0,41.6066982,-86.3556188,229.269,0.0,0.0,0.0,0.0,0.0,0,0,0,0
6972776000,0,41.6066982,-86.3556188,229.269,0.0,0.0,0.0,0.0,0.0,0,0,0,0
6972876000,0,41.6066982,-86.3556188,229.269,0.0,0.0,0.0,0.0,0.0,0,0,0,0
6972972000,0,41.6066982,-86.3556188,229.269,0.0,0.0,0.0,0.0,0.0,0,0,0,0
6973076000,0,41.6066982,-86.3556188,229.269,0.0,0.0,0.0,0.0,0.0,0,0,0,0
6973176000,0,41.6066982,-86.3556188,229.269,0.0,0.0,0.0,0.0,0.0,0,0,0,0
6973276000,0,41.6066982,-86.3556188,229.269,0.0,0.0,0.0,0.0,0.0,0,0,0,0
6973376000,0,41.6066982,-86.3556188,229.269,0.0,0.0,0.0,0.0,0.0,0,0,0,0
6973472000,0,41.6066982,-86.3556188,229.269,0.0,0.0,0.0,0.0,0.0,0,0,0,0
6973576000,0,41.6066982,-86.3556188,229.269,0.0,0.0,0.0,0.0,0.0,0,0,0,0
6973676000,0,41.6066982,-86.3556188,229.269,0.0,0.0,0.0,0.0,0.0,0,0,0,0
6973776000,0,41.6066982,-86.3556188,229.269,0.0,0.0,0.0,0.0,0.0,0,0,0,0
6973872000,0,41.6066982,-86.3556188,229.269,0.0,0.0,0.0,0.0,0.0,0,0,0,0
6973976000,0,41.6066982,-86.3556188,229.269,0.0,0.0,0.0,0.0,0.0,0,0,0,0
6974072000,0,41.6066982,-86.3556188,229.269,0.0,0.0,0.0,0.0,0.0,0,0,0,0
6974176000,0,41.6066982,-86.3556188,229.269,0.0,0.0,0.0,0.0,0.0,0,0,0,0
6974276000,0,41.6066982,-86.3556188,229.269,0.0,0.0,0.0,0.0,0.0,0,0,0,0
6974376000,0,41.6066982,-86.3556188,229.269,0.0,0.0,0.0,0.0,0.0,0,0,0,0
6974476000,0,41.6066982,-86.3556188,229.269,0.0,0.0,0.0,0.0,0.0,0,0,0,0
6974576000,0,41.6066982,-86.3556188,229.269,0.0,0.0,0.0,0.0,0.0,0,0,0,0
6974676000,0,41.6066982,-86.3556188,229.269,0.0,0.0,0.0,0.0,0.0,0,0,0,0
6974776000,0,41.6066982,-86.3556188,229.269,0.0,0.0,0.0,0.0,0.0,0,0,0,0
6974872000,0,41.6066982,-86.3556188,229.269,0.0,0.0,0.0,0.0,0.0,0,0,0,0
6974976000,0,41.6066982,-86.3556188,229.269,0.0,0.0,0.0,0.0,0.0,0,0,0,0
6975076000,0,41.6066982,-86.3556188,229.269,0.0,0.0,0.0,0.0,0.0,0,0,0,0
6975176000,0,41.6066982,-86.3556188,229.269,0.0,0.0,0.0,0.0,0.0,0,0,0,0
6975272000,0,41.6066982,-86.3556188,229.269,0.0,0.0,0.0,0.0,0.0,0,0,0,0
6975376000,0,41.6066982,-86.3556188,229.269,0.0,0.0,0.0,0.0,0.0,0,0,0,0
6975472000,0,41.6066982,-86.3556188,229.269,0.0,0.0,0.0,0.0,0.0,0,0,0,0
6975576000,0,41.6066982,-86.3556188,229.269,0.0,0.0,0.0,0.0,0.0,0,0,0,0
6975672000,0,41.6066982,-86.3556188,229.269,0.0,0.0,0.0,0.0,0.0,0,0,0,0
6975776000,0,41.6066982,-86.3556188,229.269,0.0,0.0,0.0,0.0,0.0,0,0,0,0
6975876000,0,41.6066982,-86.3556188,229.269,0.0,0.0,0.0,0.0,0.0,0,0,0,0
6975976000,0,41.6066982,-86.3556188,229.269,0.0,0.0,0.0,0.0,0.0,0,0,0,0
6976076000,0,41.6066982,-86.3556188,229.269,0.0,0.0,0.0,0.0,0.0,0,0,0,0
6976176000,0,41.6066983,-86.3556188,229.269,0.0,0.0,0.0,0.0,0.0,0,0,0,0
6976276000,0,41.6066983,-86.3556188,229.269,0.0,0.0,0.0,0.0,0.0,0,0,0,0
6976376000,0,41.6066983,-86.3556188,229.269,0.0,0.0,0.0,0.0,0.0,0,0,0,0
6976476000,0,41.6066983,-86.3556188,229.269,0.0,0.0,0.0,0.0,0.0,0,0,0,0
6976576000,0,41.6066983,-86.3556188,229.269,0.0,0.0,0.0,0.0,0.0,0,0,0,0
6976676000,0,41.6066983,-86.3556188,229.269,0.0,0.0,0.0,0.0,0.0,0,0,0,0
6976776000,0,41.6066983,-86.3556188,229.269,0.0,0.0,0.0,0.0,0.0,0,0,0,0
6976876000,0,41.6066983,-86.3556188,229.269,0.0,0.0,0.0,0.0,0.0,0,0,0,0
6976972000,0,41.6066983,-86.3556188,229.269,0.0,0.0,0.0,0.0,0.0,0,0,0,0
6977072000,0,41.6066983,-86.3556188,229.269,0.0,0.0,0.0,0.0,0.0,0,0,0,0
6977172000,0,41.6066983,-86.3556188,229.27,0.0,0.0,0.0,0.0,0.0,0,0,0,0
6977272000,0,41.6066983,-86.3556187,229.277,0.0,0.0,0.0,0.0,0.0,0,0,0,0
6977372000,0,41.6066983,-86.3556187,229.3,0.0,0.0,0.0,0.0,0.0,0,0,0,0
6977476000,0,41.6066983,-86.3556187,229.346,0.0,0.0,0.0,0.0,0.0,0,0,0,0
6977576000,0,41.6066983,-86.3556186,229.409,0.0,0.0,0.0,0.0,0.0,0,0,0,0
6977672000,0,41.6066983,-86.35561849999999,229.489,0.0,0.0,0.0,0.0,0.0,0,0,0,0
6977776000,0,41.6066983,-86.35561849999999,229.593,0.0,0.0,0.0,0.0,0.0,0,0,0,0
6977876000,0,41.6066983,-86.3556184,229.721,0.0,0.0,0.0,0.0,0.0,0,0,0,0
6977976000,0,41.6066983,-86.3556184,229.86,0.0,0.0,0.0,0.0,0.0,0,0,0,0
6978076000,0,41.6066983,-86.35561829999999,230.023,0.0,0.0,0.0,0.0,0.0,0,0,0,0
6978176000,0,41.6066984,-86.35561829999999,230.176,0.0,0.0,0.0,0.0,0.0,0,0,0,0
6978276000,0,41.6066984,-86.35561829999999,230.318,0.0,0.0,0.0,0.0,0.0,0,0,0,0
6978376000,0,41.6066984,-86.35561829999999,230.442,0.0,0.0,0.0,0.0,0.0,0,0,0,0
6978476000,0,41.6066984,-86.35561829999999,230.563,0.0,0.0,0.0,0.0,0.0,0,0,0,0
6978576000,0,41.6066984,-86.35561829999999,230.663,0.0,0.0,0.0,0.0,0.0,0,0,0,0
6978676000,0,41.6066985,-86.35561829999999,230.757,0.0,0.0,0.0,0.0,0.0,0,0,0,0
6978776000,0,41.6066985,-86.3556184,230.842,0.0,0.0,0.0,0.0,0.0,0,0,0,0
6978876000,0,41.6066985,-86.3556184,230.922,0.0,0.0,0.0,0.0,0.0,0,0,0,0
6978976000,0,41.6066985,-86.3556184,230.988,0.0,0.0,0.0,0.0,0.0,0,0,0,0
6979076000,0,41.6066985,-86.3556184,231.052,0.0,0.0,0.0,0.0,0.0,0,0,0,0
6979176000,0,41.6066985,-86.3556184,231.106,0.0,0.0,0.0,0.0,0.0,0,0,0,0
6979276000,0,41.6066985,-86.35561849999999,231.159,0.0,0.0,0.0,0.0,0.0,0,0,0,0
6979376000,0,41.6066985,-86.35561849999999,231.205,0.0,0.0,0.0,0.0,0.0,0,0,0,0
6979476000,0,41.6066985,-86.35561849999999,231.247,0.0,0.0,0.0,0.0,0.0,0,0,0,0
6979576000,0,41.6066985,-86.35561849999999,231.283,0.0,0.0,0.0,0.0,0.0,0,0,0,0
6979676000,0,41.6066985,-86.35561849999999,231.319,0.0,0.0,0.0,0.0,0.0,0,0,0,0
6979776000,0,41.6066985,-86.3556186,231.349,0.0,0.0,0.0,0.0,0.0,0,0,0,0
6979876000,0,41.6066985,-86.3556186,231.377,0.0,0.0,0.0,0.0,0.0,0,0,0,0
6979976000,0,41.6066985,-86.3556186,231.404,0.0,0.0,0.0,0.0,0.0,0,0,0,0
6980076000,0,41.6066985,-86.3556186,231.427,0.0,0.0,0.0,0.0,0.0,0,0,0,0
6980176000,0,41.6066985,-86.3556186,231.448,0.0,0.0,0.0,0.0,0.0,0,0,0,0
6980276000,0,41.6066985,-86.3556187,231.468,0.0,0.0,0.0,0.0,0.0,0,0,0,0
6980376000,0,41.6066985,-86.3556187,231.486,0.0,0.0,0.0,0.0,0.0,0,0,0,0
6980476000,0,41.6066985,-86.3556187,231.495,0.0,0.0,0.0,0.0,0.0,0,0,0,0
6980576000,0,41.6066985,-86.3556187,231.491,0.0,0.0,0.0,0.0,0.0,0,0,0,0
6980676000,0,41.6066985,-86.3556188,231.48,0.0,0.0,0.0,0.0,0.0,0,0,0,0
6980776000,0,41.6066985,-86.3556188,231.469,0.0,0.0,0.0,0.0,0.0,0,0,0,0
6980872000,0,41.6066985,-86.3556188,231.46,0.0,0.0,0.0,0.0,0.0,0,0,0,0
6980972000,0,41.6066985,-86.3556188,231.452,0.0,0.0,0.0,0.0,0.0,0,0,0,0
6981072000,0,41.6066985,-86.3556188,231.45,0.0,0.0,0.0,0.0,0.0,0,0,0,0
6981176000,0,41.6066985,-86.3556188,231.453,0.0,0.0,0.0,0.0,0.0,0,0,0,0
6981276000,0,41.6066985,-86.3556187,231.462,0.0,0.0,0.0,0.0,0.0,0,0,0,0
6981376000,0,41.6066985,-86.3556186,231.478,0.0,0.0,0.0,0.0,0.0,0,0,0,0
6981476000,0,41.6066985,-86.3556184,231.501,0.0,0.0,0.0,0.0,0.0,0,0,0,0
6981576000,0,41.6066984,-86.3556181,231.533,0.0,0.0,0.0,0.0,0.0,0,0,0,0
6981676000,0,41.6066984,-86.3556177,231.57,0.0,0.0,0.0,0.0,0.0,0,0,0,0
6981776000,0,41.6066984,-86.3556172,231.612,0.0,0.0,0.0,0.0,0.0,0,0,0,0
6981872000,0,41.6066985,-86.3556165,231.658,0.0,0.0,0.0,0.0,0.0,0,0,0,0
6981976000,0,41.6066985,-86.3556156,231.71,0.0,0.0,0.0,0.0,0.0,0,0,0,0
6982072000,0,41.6066985,-86.3556146,231.764,0.0,0.0,0.0,0.0,0.0,0,0,0,0
6982172000,0,41.6066985,-86.3556133,231.826,0.0,0.0,0.0,0.0,0.0,0,0,0,0
6982276000,0,41.6066985,-86.35561179999999,231.888,0.0,0.0,0.0,0.0,0.0,0,0,0,0
6982372000,0,41.6066986,-86.3556103,231.951,0.0,0.0,0.0,0.0,0.0,0,0,0,0
6982476000,0,41.6066986,-86.3556083,232.024,0.0,0.0,0.0,0.0,0.0,0,0,0,0
6982576000,0,41.6066986,-86.35560629999999,232.093,0.0,0.0,0.0,0.0,0.0,0,0,0,0
6982672000,0,41.606698699999995,-86.3556042,232.161,0.0,0.0,0.0,0.0,0.0,0,0,0,0
6982776000,0,41.606698699999995,-86.3556019,232.236,0.0,0.0,0.0,0.0,0.0,0,0,0,0
6982876000,0,41.6066988,-86.3555995,232.306,0.0,0.0,0.0,0.0,0.0,0,0,0,0
6982972000,0,41.6066988,-86.355597,232.38,0.0,0.0,0.0,0.0,0.0,0,0,0,0
6983076000,0,41.6066988,-86.35559429999999,232.457,0.0,0.0,0.0,0.0,0.0,0,0,0,0
6983176000,0,41.6066989,-86.3555916,232.531,0.0,0.0,0.0,0.0,0.0,0,0,0,0
6983276000,0,41.6066989,-86.3555889,232.606,0.0,0.0,0.0,0.0,0.0,0,0,0,0
6983376000,0,41.6066989,-86.355586,232.679,0.0,0.0,0.0,0.0,0.0,0,0,0,0
6983476000,0,41.6066989,-86.3555832,232.753,0.0,0.0,0.0,0.0,0.0,0,0,0,0
6983572000,0,41.6066989,-86.3555804,232.824,0.0,0.0,0.0,0.0,0.0,0,0,0,0
6983672000,0,41.6066989,-86.3555774,232.897,0.0,0.0,0.0,0.0,0.0,0,0,0,0
6983772000,0,41.6066989,-86.3555744,232.97,0.0,0.0,0.0,0.0,0.0,0,0,0,0
6983876000,0,41.6066989,-86.3555714,233.042,0.0,0.0,0.0,0.0,0.0,0,0,0,0
6983976000,0,41.6066989,-86.3555683,233.117,0.0,0.0,0.0,0.0,0.0,0,0,0,0
6984076000,0,41.6066989,-86.3555653,233.189,0.0,0.0,0.0,0.0,0.0,0,0,0,0
6984172000,0,41.6066988,-86.3555623,233.258,0.0,0.0,0.0,0.0,0.0,0,0,0,0
6984276000,0,41.6066988,-86.3555593,233.33,0.0,0.0,0.0,0.0,0.0,0,0,0,0
6984376000,0,41.606698699999995,-86.3555561,233.404,0.0,0.0,0.0,0.0,0.0,0,0,0,0
6984476000,0,41.606698699999995,-86.3555531,233.473,0.0,0.0,0.0,0.0,0.0,0,0,0,0
6984572000,0,41.6066986,-86.3555502,233.541,0.0,0.0,0.0,0.0,0.0,0,0,0,0
6984676000,0,41.6066986,-86.3555469,233.618,0.0,0.0,0.0,0.0,0.0,0,0,0,0
6984776000,0,41.6066985,-86.35554379999999,233.689,0.0,0.0,0.0,0.0,0.0,0,0,0,0
6984872000,0,41.6066985,-86.3555408,233.758,0.0,0.0,0.0,0.0,0.0,0,0,0,0
6984972000,0,41.6066984,-86.3555378,233.827,0.0,0.0,0.0,0.0,0.0,0,0,0,0
6985076000,0,41.6066984,-86.35553449999999,233.905,0.0,0.0,0.0,0.0,0.0,0,0,0,0
6985172000,0,41.6066983,-86.3555315,233.975,0.0,0.0,0.0,0.0,0.0,0,0,0,0
6985276000,0,41.6066983,-86.3555283,234.05,0.0,0.0,0.0,0.0,0.0,0,0,0,0
6985372000,0,41.6066982,-86.3555255,234.116,0.0,0.0,0.0,0.0,0.0,0,0,0,0
6985476000,0,41.6066982,-86.3555222,234.194,0.0,0.0,0.0,0.0,0.0,0,0,0,0
6985576000,0,41.606698099999996,-86.3555191,234.266,0.0,0.0,0.0,0.0,0.0,0,0,0,0
6985672000,0,41.606698099999996,-86.3555162,234.335,0.0,0.0,0.0,0.0,0.0,0,0,0,0
6985776000,0,41.606698,-86.355513,234.409,0.0,0.0,0.0,0.0,0.0,0,0,0,0
6985872000,0,41.606698,-86.35551009999999,234.478,0.0,0.0,0.0,0.0,0.0,0,0,0,0
6985976000,0,41.6066979,-86.3555071,234.55,0.0,0.0,0.0,0.0,0.0,0,0,0,0
6986076000,0,41.6066979,-86.35550409999999,234.622,0.0,0.0,0.0,0.0,0.0,0,0,0,0
6986176000,0,41.6066979,-86.35550099999999,234.694,0.0,0.0,0.0,0.0,0.0,0,0,0,0
6986276000,0,41.6066978,-86.3554979,234.77,0.0,0.0,0.0,0.0,0.0,0,0,0,0
6986376000,0,41.6066978,-86.35549499999999,234.84,0.0,0.0,0.0,0.0,0.0,0,0,0,0
6986476000,0,41.6066978,-86.3554918,234.916,0.0,0.0,0.0,0.0,0.0,0,0,0,0
6986576000,0,41.6066977,-86.35548879999999,234.989,0.0,0.0,0.0,0.0,0.0,0,0,0,0
6986676000,0,41.6066977,-86.3554858,235.063,0.0,0.0,0.0,0.0,0.0,0,0,0,0
6986776000,0,41.6066977,-86.3554829,235.133,0.0,0.0,0.0,0.0,0.0,0,0,0,0
6986876000,0,41.6066977,-86.3554798,235.209,0.0,0.0,0.0,0.0,0.0,0,0,0,0
6986976000,0,41.6066977,-86.35547679999999,235.282,0.0,0.0,0.0,0.0,0.0,0,0,0,0
6987072000,0,41.6066977,-86.355474,235.35,0.0,0.0,0.0,0.0,0.0,0,0,0,0
6987176000,0,41.6066977,-86.3554709,235.425,0.0,0.0,0.0,0.0,0.0,0,0,0,0
6987276000,0,41.6066976,-86.3554678,235.498,0.0,0.0,0.0,0.0,0.0,0,0,0,0
6987376000,0,41.6066976,-86.3554648,235.57,0.0,0.0,0.0,0.0,0.0,0,0,0,0
6987472000,0,41.6066976,-86.3554619,235.639,0.0,0.0,0.0,0.0,0.0,0,0,0,0
6987572000,0,41.6066976,-86.3554588,235.714,0.0,0.0,0.0,0.0,0.0,0,0,0,0
6987672000,0,41.6066976,-86.3554558,235.786,0.0,0.0,0.0,0.0,0.0,0,0,0,0
6987776000,0,41.6066976,-86.3554527,235.86,0.0,0.0,0.0,0.0,0.0,0,0,0,0
6987876000,0,41.6066976,-86.3554497,235.931,0.0,0.0,0.0,0.0,0.0,0,0,0,0
6987976000,0,41.6066976,-86.3554468,235.999,0.0,0.0,0.0,0.0,0.0,0,0,0,0
6988076000,0,41.6066976,-86.3554437,236.072,0.0,0.0,0.0,0.0,0.0,0,0,0,0
6988176000,0,41.6066976,-86.3554407,236.142,0.0,0.0,0.0,0.0,0.0,0,0,0,0
6988276000,0,41.6066976,-86.3554377,236.211,0.0,0.0,0.0,0.0,0.0,0,0,0,0
6988376000,0,41.6066976,-86.3554348,236.278,0.0,0.0,0.0,0.0,0.0,0,0,0,0
6988472000,0,41.6066976,-86.35543179999999,236.348,0.0,0.0,0.0,0.0,0.0,0,0,0,0
6988576000,0,41.6066976,-86.35542889999999,236.418,0.0,0.0,0.0,0.0,0.0,0,0,0,0
6988672000,0,41.6066976,-86.355426,236.485,0.0,0.0,0.0,0.0,0.0,0,0,0,0
6988776000,0,41.6066976,-86.3554228,236.561,0.0,0.0,0.0,0.0,0.0,0,0,0,0
6988876000,0,41.6066977,-86.35541979999999,236.631,0.0,0.0,0.0,0.0,0.0,0,0,0,0
6988972000,0,41.6066977,-86.3554169,236.698,0.0,0.0,0.0,0.0,0.0,0,0,0,0
6989076000,0,41.6066977,-86.3554138,236.771,0.0,0.0,0.0,0.0,0.0,0,0,0,0
6989176000,0,41.6066977,-86.35541099999999,236.838,0.0,0.0,0.0,0.0,0.0,0,0,0,0
6989272000,0,41.6066977,-86.355408,236.907,0.0,0.0,0.0,0.0,0.0,0,0,0,0
6989376000,0,41.6066977,-86.3554049,236.98,0.0,0.0,0.0,0.0,0.0,0,0,0,0
6989472000,0,41.6066977,-86.355402,237.046,0.0,0.0,0.0,0.0,0.0,0,0,0,0
6989572000,0,41.6066977,-86.35539899999999,237.116,0.0,0.0,0.0,0.0,0.0,0,0,0,0
6989676000,0,41.6066978,-86.35539589999999,237.188,0.0,0.0,0.0,0.0,0.0,0,0,0,0
6989776000,0,41.6066978,-86.35539299999999,237.255,0.0,0.0,0.0,0.0,0.0,0,0,0,0
6989872000,0,41.6066978,-86.35539,237.324,0.0,0.0,0.0,0.0,0.0,0,0,0,0
6989976000,0,41.6066978,-86.3553869,237.397,0.0,0.0,0.0,0.0,0.0,0,0,0,0
6990076000,0,41.6066978,-86.355384,237.464,0.0,0.0,0.0,0.0,0.0,0,0,0,0
6990176000,0,41.6066978,-86.355381,237.535,0.0,0.0,0.0,0.0,0.0,0,0,0,0
6990276000,0,41.6066978,-86.3553779,237.607,0.0,0.0,0.0,0.0,0.0,0,0,0,0
6990376000,0,41.6066978,-86.3553749,237.677,0.0,0.0,0.0,0.0,0.0,0,0,0,0
6990476000,0,41.6066978,-86.355372,237.745,0.0,0.0,0.0,0.0,0.0,0,0,0,0
6990576000,0,41.6066978,-86.3553689,237.818,0.0,0.0,0.0,0.0,0.0,0,0,0,0
6990676000,0,41.6066978,-86.3553659,237.889,0.0,0.0,0.0,0.0,0.0,0,0,0,0
6990776000,0,41.6066979,-86.355363,237.96,0.0,0.0,0.0,0.0,0.0,0,0,0,0
6990876000,0,41.6066979,-86.35535999999999,238.031,0.0,0.0,0.0,0.0,0.0,0,0,0,0
6990972000,0,41.6066979,-86.35535709999999,238.1,0.0,0.0,0.0,0.0,0.0,0,0,0,0
6991072000,0,41.6066979,-86.3553541,238.171,0.0,0.0,0.0,0.0,0.0,0,0,0,0
6991176000,0,41.6066979,-86.355351,238.247,0.0,0.0,0.0,0.0,0.0,0,0,0,0
6991276000,0,41.6066979,-86.3553481,238.317,0.0,0.0,0.0,0.0,0.0,0,0,0,0
6991376000,0,41.6066979,-86.3553451,238.39,0.0,0.0,0.0,0.0,0.0,0,0,0,0
6991472000,0,41.6066979,-86.3553421,238.463,0.0,0.0,0.0,0.0,0.0,0,0,0,0
6991576000,0,41.6066979,-86.3553391,238.535,0.0,0.0,0.0,0.0,0.0,0,0,0,0
6991676000,0,41.6066979,-86.355336,238.611,0.0,0.0,0.0,0.0,0.0,0,0,0,0
6991776000,0,41.6066979,-86.3553331,238.68,0.0,0.0,0.0,0.0,0.0,0,0,0,0
6991872000,0,41.6066979,-86.35533009999999,238.752,0.0,0.0,0.0,0.0,0.0,0,0,0,0
6991976000,0,41.6066979,-86.355327,238.826,0.0,0.0,0.0,0.0,0.0,0,0,0,0
6992076000,0,41.6066979,-86.355324,238.897,0.0,0.0,0.0,0.0,0.0,0,0,0,0
6992176000,0,41.6066979,-86.35532099999999,238.968,0.0,0.0,0.0,0.0,0.0,0,0,0,0
6992272000,0,41.6066979,-86.35531809999999,239.037,0.0,0.0,0.0,0.0,0.0,0,0,0,0
6992376000,0,41.6066979,-86.35531499999999,239.111,0.0,0.0,0.0,0.0,0.0,0,0,0,0
6992476000,0,41.6066979,-86.355312,239.182,0.0,0.0,0.0,0.0,0.0,0,0,0,0
6992576000,0,41.6066979,-86.3553091,239.253,0.0,0.0,0.0,0.0,0.0,0,0,0,0
6992676000,0,41.6066979,-86.3553062,239.322,0.0,0.0,0.0,0.0,0.0,0,0,0,0
6992776000,0,41.6066979,-86.3553032,239.393,0.0,0.0,0.0,0.0,0.0,0,0,0,0
6992876000,0,41.6066979,-86.3553002,239.464,0.0,0.0,0.0,0.0,0.0,0,0,0,0
6992972000,0,41.6066979,-86.3552974,239.532,0.0,0.0,0.0,0.0,0.0,0,0,0,0
6993076000,0,41.6066979,-86.3552941,239.609,0.0,0.0,0.0,0.0,0.0,0,0,0,0
6993176000,0,41.6066979,-86.3552911,239.679,0.0,0.0,0.0,0.0,0.0,0,0,0,0
6993276000,0,41.6066978,-86.35528819999999,239.75,0.0,0.0,0.0,0.0,0.0,0,0,0,0
6993376000,0,41.6066978,-86.35528529999999,239.817,0.0,0.0,0.0,0.0,0.0,0,0,0,0
6993472000,0,41.6066978,-86.3552824,239.885,0.0,0.0,0.0,0.0,0.0,0,0,0,0
6993576000,0,41.6066978,-86.3552792,239.961,0.0,0.0,0.0,0.0,0.0,0,0,0,0
6993676000,0,41.6066978,-86.35527619999999,240.031,0.0,0.0,0.0,0.0,0.0,0,0,0,0
6993776000,0,41.6066978,-86.3552732,240.101,0.0,0.0,0.0,0.0,0.0,0,0,0,0
6993876000,0,41.6066978,-86.35527019999999,240.172,0.0,0.0,0.0,0.0,0.0,0,0,0,0
6993976000,0,41.6066978,-86.3552672,240.243,0.0,0.0,0.0,0.0,0.0,0,0,0,0
6994076000,0,41.6066978,-86.3552642,240.314,0.0,0.0,0.0,0.0,0.0,0,0,0,0
6994176000,0,41.6066978,-86.3552612,240.384,0.0,0.0,0.0,0.0,0.0,0,0,0,0
6994276000,0,41.6066978,-86.3552583,240.453,0.0,0.0,0.0,0.0,0.0,0,0,0,0
6994376000,0,41.6066978,-86.3552552,240.527,0.0,0.0,0.0,0.0,0.0,0,0,0,0
6994476000,0,41.6066978,-86.3552522,240.599,0.0,0.0,0.0,0.0,0.0,0,0,0,0
6994576000,0,41.6066978,-86.3552492,240.67,0.0,0.0,0.0,0.0,0.0,0,0,0,0
6994676000,0,41.6066978,-86.3552462,240.742,0.0,0.0,0.0,0.0,0.0,0,0,0,0
6994776000,0,41.6066978,-86.35524319999999,240.812,0.0,0.0,0.0,0.0,0.0,0,0,0,0
6994876000,0,41.6066978,-86.3552404,240.88,0.0,0.0,0.0,0.0,0.0,0,0,0,0
6994976000,0,41.6066978,-86.3552373,240.952,0.0,0.0,0.0,0.0,0.0,0,0,0,0
6995076000,0,41.6066978,-86.3552344,241.021,0.0,0.0,0.0,0.0,0.0,0,0,0,0
6995176000,0,41.6066978,-86.3552316,241.088,0.0,0.0,0.0,0.0,0.0,0,0,0,0
6995276000,0,41.6066978,-86.35522859999999,241.159,0.0,0.0,0.0,0.0,0.0,0,0,0,0
6995376000,0,41.6066978,-86.3552258,241.227,0.0,0.0,0.0,0.0,0.0,0,0,0,0
6995476000,0,41.6066978,-86.35522309999999,241.294,0.0,0.0,0.0,0.0,0.0,0,0,0,0
6995576000,0,41.6066978,-86.3552205,241.359,0.0,0.0,0.0,0.0,0.0,0,0,0,0
6995676000,0,41.6066978,-86.355218,241.422,0.0,0.0,0.0,0.0,0.0,0,0,0,0
6995776000,0,41.6066977,-86.3552158,241.48,0.0,0.0,0.0,0.0,0.0,0,0,0,0
6995876000,0,41.6066977,-86.3552136,241.537,0.0,0.0,0.0,0.0,0.0,0,0,0,0
6995976000,0,41.6066977,-86.35521159999999,241.587,0.0,0.0,0.0,0.0,0.0,0,0,0,0
6996076000,0,41.6066976,-86.35520989999999,241.633,0.0,0.0,0.0,0.0,0.0,0,0,0,0
6996176000,0,41.6066976,-86.3552083,241.673,0.0,0.0,0.0,0.0,0.0,0,0,0,0
6996272000,0,41.606697499999996,-86.355207,241.706,0.0,0.0,0.0,0.0,0.0,0,0,0,0
6996376000,0,41.606697499999996,-86.3552057,241.741,0.0,0.0,0.0,0.0,0.0,0,0,0,0
6996476000,0,41.6066974,-86.3552047,241.77,0.0,0.0,0.0,0.0,0.0,0,0,0,0
6996576000,0,41.6066974,-86.35520389999999,241.795,0.0,0.0,0.0,0.0,0.0,0,0,0,0
6996676000,0,41.6066973,-86.3552031,241.817,0.0,0.0,0.0,0.0,0.0,0,0,0,0
6996776000,0,41.6066972,-86.35520249999999,241.839,0.0,0.0,0.0,0.0,0.0,0,0,0,0
6996876000,0,41.6066972,-86.35520199999999,241.856,0.0,0.0,0.0,0.0,0.0,0,0,0,0
6996976000,0,41.6066971,-86.3552017,241.872,0.0,0.0,0.0,0.0,0.0,0,0,0,0
6997072000,0,41.606697,-86.3552014,241.885,0.0,0.0,0.0,0.0,0.0,0,0,0,0
6997176000,0,41.606697,-86.3552012,241.898,0.0,0.0,0.0,0.0,0.0,0,0,0,0
6997272000,0,41.606696899999996,-86.355201,241.909,0.0,0.0,0.0,0.0,0.0,0,0,0,0
6997372000,0,41.606696899999996,-86.355201,241.919,0.0,0.0,0.0,0.0,0.0,0,0,0,0
6997476000,0,41.606696799999995,-86.3552009,241.928,0.0,0.0,0.0,0.0,0.0,0,0,0,0
6997576000,0,41.606696799999995,-86.3552009,241.936,0.0,0.0,0.0,0.0,0.0,0,0,0,0
6997676000,0,41.606696799999995,-86.3552009,241.943,0.0,0.0,0.0,0.0,0.0,0,0,0,0
6997776000,0,41.606696799999995,-86.355201,241.949,0.0,0.0,0.0,0.0,0.0,0,0,0,0
6997876000,0,41.606696799999995,-86.355201,241.954,0.0,0.0,0.0,0.0,0.0,0,0,0,0
6997972000,0,41.606696799999995,-86.3552011,241.958,0.0,0.0,0.0,0.0,0.0,0,0,0,0
6998076000,0,41.606696799999995,-86.3552012,241.962,0.0,0.0,0.0,0.0,0.0,0,0,0,0
6998176000,0,41.606696799999995,-86.35520129999999,241.963,0.0,0.0,0.0,0.0,0.0,0,0,0,0
6998276000,0,41.606696799999995,-86.35520129999999,241.96,0.0,0.0,0.0,0.0,0.0,0,0,0,0
6998376000,0,41.606696799999995,-86.3552014,241.954,0.0,0.0,0.0,0.0,0.0,0,0,0,0
6998476000,0,41.6066967,-86.3552016,241.948,0.0,0.0,0.0,0.0,0.0,0,0,0,0
6998576000,0,41.6066967,-86.3552017,241.942,0.0,0.0,0.0,0.0,0.0,0,0,0,0
6998676000,0,41.6066967,-86.35520179999999,241.936,0.0,0.0,0.0,0.0,0.0,0,0,0,0
6998776000,0,41.6066967,-86.3552019,241.931,0.0,0.0,0.0,0.0,0.0,0,0,0,0
6998876000,0,41.6066966,-86.35520199999999,241.925,0.0,0.0,0.0,0.0,0.0,0,0,0,0
6998972000,0,41.6066966,-86.3552021,241.921,0.0,0.0,0.0,0.0,0.0,0,0,0,0
6999072000,0,41.6066966,-86.3552022,241.916,0.0,0.0,0.0,0.0,0.0,0,0,0,0
6999176000,0,41.6066966,-86.3552022,241.912,0.0,0.0,0.0,0.0,0.0,0,0,0,0
6999276000,0,41.6066966,-86.3552023,241.908,0.0,0.0,0.0,0.0,0.0,0,0,0,0
6999376000,0,41.6066966,-86.3552023,241.904,0.0,0.0,0.0,0.0,0.0,0,0,0,0
6999472000,0,41.6066966,-86.3552024,241.901,0.0,0.0,0.0,0.0,0.0,0,0,0,0
6999576000,0,41.6066966,-86.3552024,241.897,0.0,0.0,0.0,0.0,0.0,0,0,0,0
6999676000,0,41.6066966,-86.3552024,241.894,0.0,0.0,0.0,0.0,0.0,0,0,0,0
6999776000,0,41.6066966,-86.3552024,241.891,0.0,0.0,0.0,0.0,0.0,0,0,0,0
6999876000,0,41.6066967,-86.3552024,241.888,0.0,0.0,0.0,0.0,0.0,0,0,0,0
6999972000,0,41.6066967,-86.3552024,241.886,0.0,0.0,0.0,0.0,0.0,0,0,0,0
7000072000,0,41.6066967,-86.3552024,241.883,0.0,0.0,0.0,0.0,0.0,0,0,0,0
7000172000,0,41.6066967,-86.3552023,241.881,0.0,0.0,0.0,0.0,0.0,0,0,0,0
7000276000,0,41.606696799999995,-86.3552023,241.879,0.0,0.0,0.0,0.0,0.0,0,0,0,0
7000376000,0,41.606696799999995,-86.3552022,241.876,0.0,0.0,0.0,0.0,0.0,0,0,0,0
7000476000,0,41.606696799999995,-86.3552022,241.874,0.0,0.0,0.0,0.0,0.0,0,0,0,0
7000576000,0,41.606696899999996,-86.3552021,241.872,0.0,0.0,0.0,0.0,0.0,0,0,0,0
7000676000,0,41.606696899999996,-86.3552021,241.869,0.0,0.0,0.0,0.0,0.0,0,0,0,0
7000776000,0,41.606697,-86.35520199999999,241.867,0.0,0.0,0.0,0.0,0.0,0,0,0,0
7000876000,0,41.606697,-86.3552019,241.865,0.0,0.0,0.0,0.0,0.0,0,0,0,0
7000972000,0,41.6066971,-86.3552019,241.864,0.0,0.0,0.0,0.0,0.0,0,0,0,0
7001076000,0,41.6066971,-86.35520179999999,241.862,0.0,0.0,0.0,0.0,0.0,0,0,0,0
7001176000,0,41.6066972,-86.3552017,241.86,0.0,0.0,0.0,0.0,0.0,0,0,0,0
7001276000,0,41.6066972,-86.3552017,241.859,0.0,0.0,0.0,0.0,0.0,0,0,0,0
7001376000,0,41.6066972,-86.3552016,241.857,0.0,0.0,0.0,0.0,0.0,0,0,0,0
7001476000,0,41.6066973,-86.35520149999999,241.856,0.0,0.0,0.0,0.0,0.0,0,0,0,0
7001576000,0,41.6066973,-86.3552014,241.855,0.0,0.0,0.0,0.0,0.0,0,0,0,0
7001676000,0,41.6066974,-86.3552014,241.853,0.0,0.0,0.0,0.0,0.0,0,0,0,0
7001776000,0,41.6066974,-86.35520129999999,241.851,0.0,0.0,0.0,0.0,0.0,0,0,0,0
7001876000,0,41.606697499999996,-86.3552012,241.849,0.0,0.0,0.0,0.0,0.0,0,0,0,0
7001976000,0,41.606697499999996,-86.3552011,241.847,0.0,0.0,0.0,0.0,0.0,0,0,0,0
7002076000,0,41.606697499999996,-86.3552011,241.845,0.0,0.0,0.0,0.0,0.0,0,0,0,0
7002176000,0,41.6066976,-86.355201,241.843,0.0,0.0,0.0,0.0,0.0,0,0,0,0
7002276000,0,41.6066976,-86.3552009,241.841,0.0,0.0,0.0,0.0,0.0,0,0,0,0
7002376000,0,41.6066976,-86.3552009,241.839,0.0,0.0,0.0,0.0,0.0,0,0,0,0
7002476000,0,41.6066976,-86.35520079999999,241.838,0.0,0.0,0.0,0.0,0.0,0,0,0,0
7002576000,0,41.6066977,-86.35520079999999,241.836,0.0,0.0,0.0,0.0,0.0,0,0,0,0
7002676000,0,41.6066977,-86.3552007,241.834,0.0,0.0,0.0,0.0,0.0,0,0,0,0
7002776000,0,41.6066977,-86.3552007,241.832,0.0,0.0,0.0,0.0,0.0,0,0,0,0
7002876000,0,41.6066977,-86.3552007,241.831,0.0,0.0,0.0,0.0,0.0,0,0,0,0
7002976000,0,41.6066977,-86.35520059999999,241.829,0.0,0.0,0.0,0.0,0.0,0,0,0,0
7003076000,0,41.6066977,-86.35520059999999,241.827,0.0,0.0,0.0,0.0,0.0,0,0,0,0
7003176000,0,41.6066977,-86.35520059999999,241.826,0.0,0.0,0.0,0.0,0.0,0,0,0,0
7003276000,0,41.6066978,-86.35520059999999,241.824,0.0,0.0,0.0,0.0,0.0,0,0,0,0
7003376000,0,41.6066978,-86.3552005,241.824,0.0,0.0,0.0,0.0,0.0,0,0,0,0
7003476000,0,41.6066978,-86.3552005,241.824,0.0,0.0,0.0,0.0,0.0,0,0,0,0
7003576000,0,41.6066978,-86.3552005,241.824,0.0,0.0,0.0,0.0,0.0,0,0,0,0
7003676000,0,41.6066978,-86.3552005,241.824,0.0,0.0,0.0,0.0,0.0,0,0,0,0
7003776000,0,41.6066978,-86.3552005,241.825,0.0,0.0,0.0,0.0,0.0,0,0,0,0
7003876000,0,41.6066978,-86.3552005,241.825,0.0,0.0,0.0,0.0,0.0,0,0,0,0
7003976000,0,41.6066978,-86.3552005,241.826,0.0,0.0,0.0,0.0,0.0,0,0,0,0
7004076000,0,41.6066978,-86.3552004,241.826,0.0,0.0,0.0,0.0,0.0,0,0,0,0
7004176000,0,41.6066978,-86.3552004,241.826,0.0,0.0,0.0,0.0,0.0,0,0,0,0
7004272000,0,41.6066978,-86.3552004,241.826,0.0,0.0,0.0,0.0,0.0,0,0,0,0
7004372000,0,41.6066978,-86.3552004,241.826,0.0,0.0,0.0,0.0,0.0,0,0,0,0
7004472000,0,41.6066978,-86.3552004,241.826,0.0,0.0,0.0,0.0,0.0,0,0,0,0
7004576000,0,41.6066978,-86.3552004,241.826,0.0,0.0,0.0,0.0,0.0,0,0,0,0
7004676000,0,41.6066978,-86.3552004,241.825,0.0,0.0,0.0,0.0,0.0,0,0,0,0
7004776000,0,41.6066978,-86.3552004,241.825,0.0,0.0,0.0,0.0,0.0,0,0,0,0
7004876000,0,41.6066978,-86.3552004,241.825,0.0,0.0,0.0,0.0,0.0,0,0,0,0
7004972000,0,41.6066978,-86.3552004,241.824,0.0,0.0,0.0,0.0,0.0,0,0,0,0
7005072000,0,41.6066978,-86.3552004,241.823,0.0,0.0,0.0,0.0,0.0,0,0,0,0
7005172000,0,41.6066978,-86.3552004,241.822,0.0,0.0,0.0,0.0,0.0,0,0,0,0
7005276000,0,41.6066978,-86.3552004,241.821,0.0,0.0,0.0,0.0,0.0,0,0,0,0
7005376000,0,41.6066977,-86.3552004,241.82,0.0,0.0,0.0,0.0,0.0,0,0,0,0
7005476000,0,41.6066977,-86.3552005,241.819,0.0,0.0,0.0,0.0,0.0,0,0,0,0
7005576000,0,41.6066977,-86.3552005,241.817,0.0,0.0,0.0,0.0,0.0,0,0,0,0
7005676000,0,41.6066977,-86.3552005,241.816,0.0,0.0,0.0,0.0,0.0,0,0,0,0
7005776000,0,41.6066977,-86.3552005,241.814,0.0,0.0,0.0,0.0,0.0,0,0,0,0
7005876000,0,41.6066977,-86.3552005,241.812,0.0,0.0,0.0,0.0,0.0,0,0,0,0
7005972000,0,41.6066976,-86.3552005,241.81,0.0,0.0,0.0,0.0,0.0,0,0,0,0
7006072000,0,41.6066976,-86.3552005,241.808,0.0,0.0,0.0,0.0,0.0,0,0,0,0
7006172000,0,41.6066976,-86.35520059999999,241.805,0.0,0.0,0.0,0.0,0.0,0,0,0,0
7006276000,0,41.6066976,-86.35520059999999,241.803,0.0,0.0,0.0,0.0,0.0,0,0,0,0
7006376000,0,41.606697499999996,-86.35520059999999,241.801,0.0,0.0,0.0,0.0,0.0,0,0,0,0
7006476000,0,41.606697499999996,-86.35520059999999,241.799,0.0,0.0,0.0,0.0,0.0,0,0,0,0
7006576000,0,41.606697499999996,-86.35520059999999,241.797,0.0,0.0,0.0,0.0,0.0,0,0,0,0
7006676000,0,41.606697499999996,-86.35520059999999,241.795,0.0,0.0,0.0,0.0,0.0,0,0,0,0
7006776000,0,41.6066974,-86.3552007,241.794,0.0,0.0,0.0,0.0,0.0,0,0,0,0
7006876000,0,41.6066974,-86.3552007,241.791,0.0,0.0,0.0,0.0,0.0,0,0,0,0
7006976000,0,41.6066974,-86.3552007,241.789,0.0,0.0,0.0,0.0,0.0,0,0,0,0
7007072000,0,41.6066974,-86.3552007,241.786,0.0,0.0,0.0,0.0,0.0,0,0,0,0
7007176000,0,41.6066974,-86.3552007,241.783,0.0,0.0,0.0,0.0,0.0,0,0,0,0
7007276000,0,41.6066973,-86.3552007,241.78,0.0,0.0,0.0,0.0,0.0,0,0,0,0
7007376000,0,41.6066973,-86.3552007,241.778,0.0,0.0,0.0,0.0,0.0,0,0,0,0
7007476000,0,41.6066973,-86.3552007,241.775,0.0,0.0,0.0,0.0,0.0,0,0,0,0
7007576000,0,41.6066973,-86.3552007,241.773,0.0,0.0,0.0,0.0,0.0,0,0,0,0
7007676000,0,41.6066973,-86.3552007,241.771,0.0,0.0,0.0,0.0,0.0,0,0,0,0
7007776000,0,41.6066973,-86.3552007,241.77,0.0,0.0,0.0,0.0,0.0,0,0,0,0
7007872000,0,41.6066972,-86.3552007,241.769,0.0,0.0,0.0,0.0,0.0,0,0,0,0
7007976000,0,41.6066972,-86.3552007,241.768,0.0,0.0,0.0,0.0,0.0,0,0,0,0
7008076000,0,41.6066972,-86.3552007,241.767,0.0,0.0,0.0,0.0,0.0,0,0,0,0
7008176000,0,41.6066972,-86.3552007,241.767,0.0,0.0,0.0,0.0,0.0,0,0,0,0
7008272000,0,41.6066972,-86.3552007,241.766,0.0,0.0,0.0,0.0,0.0,0,0,0,0
7008376000,0,41.6066971,-86.3552007,241.766,0.0,0.0,0.0,0.0,0.0,0,0,0,0
7008476000,0,41.6066971,-86.3552007,241.765,0.0,0.0,0.0,0.0,0.0,0,0,0,0
7008576000,0,41.6066971,-86.3552007,241.766,0.0,0.0,0.0,0.0,0.0,0,0,0,0
7008676000,0,41.6066971,-86.35520059999999,241.766,0.0,0.0,0.0,0.0,0.0,0,0,0,0
7008776000,0,41.606697,-86.35520059999999,241.767,0.0,0.0,0.0,0.0,0.0,0,0,0,0
7008876000,0,41.606697,-86.35520059999999,241.769,0.0,0.0,0.0,0.0,0.0,0,0,0,0
7008976000,0,41.606697,-86.35520059999999,241.77,0.0,0.0,0.0,0.0,0.0,0,0,0,0
7009076000,0,41.606697,-86.3552005,241.773,0.0,0.0,0.0,0.0,0.0,0,0,0,0
7009176000,0,41.606697,-86.3552005,241.775,0.0,0.0,0.0,0.0,0.0,0,0,0,0
7009272000,0,41.606697,-86.3552005,241.778,0.0,0.0,0.0,0.0,0.0,0,0,0,0
7009376000,0,41.606697,-86.3552005,241.78,0.0,0.0,0.0,0.0,0.0,0,0,0,0
7009476000,0,41.606696899999996,-86.3552004,241.783,0.0,0.0,0.0,0.0,0.0,0,0,0,0
7009576000,0,41.606696899999996,-86.3552004,241.785,0.0,0.0,0.0,0.0,0.0,0,0,0,0
7009676000,0,41.606696899999996,-86.3552004,241.786,0.0,0.0,0.0,0.0,0.0,0,0,0,0
7009776000,0,41.606696899999996,-86.3552004,241.788,0.0,0.0,0.0,0.0,0.0,0,0,0,0
7009876000,0,41.606696899999996,-86.3552004,241.789,0.0,0.0,0.0,0.0,0.0,0,0,0,0
7009976000,0,41.606696899999996,-86.35520029999999,241.79,0.0,0.0,0.0,0.0,0.0,0,0,0,0
7010072000,0,41.606696899999996,-86.35520029999999,241.791,0.0,0.0,0.0,0.0,0.0,0,0,0,0
7010176000,0,41.606696899999996,-86.35520029999999,241.792,0.0,0.0,0.0,0.0,0.0,0,0,0,0
7010276000,0,41.606696799999995,-86.35520029999999,241.794,0.0,0.0,0.0,0.0,0.0,0,0,0,0
7010372000,0,41.606696799999995,-86.35520029999999,241.795,0.0,0.0,0.0,0.0,0.0,0,0,0,0
7010472000,0,41.606696799999995,-86.35520029999999,241.796,0.0,0.0,0.0,0.0,0.0,0,0,0,0
7010576000,0,41.606696799999995,-86.35520029999999,241.797,0.0,0.0,0.0,0.0,0.0,0,0,0,0
7010672000,0,41.606696799999995,-86.3552004,241.798,0.0,0.0,0.0,0.0,0.0,0,0,0,0
7010776000,0,41.606696799999995,-86.3552004,241.798,0.0,0.0,0.0,0.0,0.0,0,0,0,0
7010876000,0,41.6066967,-86.3552004,241.798,0.0,0.0,0.0,0.0,0.0,0,0,0,0
7010976000,0,41.6066967,-86.3552004,241.798,0.0,0.0,0.0,0.0,0.0,0,0,0,0
7011076000,0,41.6066967,-86.3552004,241.797,0.0,0.0,0.0,0.0,0.0,0,0,0,0
7011176000,0,41.6066967,-86.3552004,241.797,0.0,0.0,0.0,0.0,0.0,0,0,0,0
7011276000,0,41.6066967,-86.3552004,241.796,0.0,0.0,0.0,0.0,0.0,0,0,0,0
7011376000,0,41.6066966,-86.3552005,241.795,0.0,0.0,0.0,0.0,0.0,0,0,0,0
7011472000,0,41.6066966,-86.3552005,241.795,0.0,0.0,0.0,0.0,0.0,0,0,0,0
7011576000,0,41.6066966,-86.3552005,241.795,0.0,0.0,0.0,0.0,0.0,0,0,0,0
7011672000,0,41.6066966,-86.3552005,241.795,0.0,0.0,0.0,0.0,0.0,0,0,0,0
7011772000,0,41.6066966,-86.3552005,241.795,0.0,0.0,0.0,0.0,0.0,0,0,0,0
7011876000,0,41.6066965,-86.35520059999999,241.796,0.0,0.0,0.0,0.0,0.0,0,0,0,0
7011976000,0,41.6066965,-86.35520059999999,241.797,0.0,0.0,0.0,0.0,0.0,0,0,0,0
7012076000,0,41.6066965,-86.35520059999999,241.798,0.0,0.0,0.0,0.0,0.0,0,0,0,0
7012172000,0,41.6066965,-86.35520059999999,241.799,0.0,0.0,0.0,0.0,0.0,0,0,0,0
7012272000,0,41.6066965,-86.35520059999999,241.8,0.0,0.0,0.0,0.0,0.0,0,0,0,0
7012372000,0,41.6066965,-86.35520059999999,241.8,0.0,0.0,0.0,0.0,0.0,0,0,0,0
7012476000,0,41.6066965,-86.35520059999999,241.8,0.0,0.0,0.0,0.0,0.0,0,0,0,0
7012576000,0,41.6066965,-86.35520059999999,241.8,0.0,0.0,0.0,0.0,0.0,0,0,0,0
7012676000,0,41.6066965,-86.3552007,241.8,0.0,0.0,0.0,0.0,0.0,0,0,0,0
7012776000,0,41.6066965,-86.3552007,241.799,0.0,0.0,0.0,0.0,0.0,0,0,0,0
7012872000,0,41.6066965,-86.3552007,241.799,0.0,0.0,0.0,0.0,0.0,0,0,0,0
7012976000,0,41.6066965,-86.3552007,241.798,0.0,0.0,0.0,0.0,0.0,0,0,0,0
7013072000,0,41.6066965,-86.3552007,241.798,0.0,0.0,0.0,0.0,0.0,0,0,0,0
7013176000,0,41.6066965,-86.3552007,241.796,0.0,0.0,0.0,0.0,0.0,0,0,0,0
7013276000,0,41.6066965,-86.3552007,241.791,0.0,0.0,0.0,0.0,0.0,0,0,0,0
7013376000,0,41.6066965,-86.3552007,241.786,0.0,0.0,0.0,0.0,0.0,0,0,0,0
7013472000,0,41.6066965,-86.35520059999999,241.78,0.0,0.0,0.0,0.0,0.0,0,0,0,0
7013576000,0,41.6066965,-86.35520059999999,241.773,0.0,0.0,0.0,0.0,0.0,0,0,0,0
7013676000,0,41.6066964,-86.35520059999999,241.767,0.0,0.0,0.0,0.0,0.0,0,0,0,0
7013776000,0,41.6066964,-86.35520059999999,241.762,0.0,0.0,0.0,0.0,0.0,0,0,0,0
7013872000,0,41.6066964,-86.35520059999999,241.758,0.0,0.0,0.0,0.0,0.0,0,0,0,0
7013976000,0,41.6066964,-86.35520059999999,241.754,0.0,0.0,0.0,0.0,0.0,0,0,0,0
7014072000,0,41.6066964,-86.35520059999999,241.751,0.0,0.0,0.0,0.0,0.0,0,0,0,0
7014176000,0,41.6066964,-86.35520059999999,241.749,0.0,0.0,0.0,0.0,0.0,0,0,0,0
7014276000,0,41.6066965,-86.35520059999999,241.748,0.0,0.0,0.0,0.0,0.0,0,0,0,0
7014376000,0,41.6066966,-86.35520059999999,241.747,0.0,0.0,0.0,0.0,0.0,0,0,0,0
7014476000,0,41.606696799999995,-86.35520059999999,241.747,0.0,0.0,0.0,0.0,0.0,0,0,0,0
7014576000,0,41.6066971,-86.35520059999999,241.749,0.0,0.0,0.0,0.0,0.0,0,0,0,0
7014676000,0,41.606697499999996,-86.3552007,241.751,0.0,0.0,0.0,0.0,0.0,0,0,0,0
7014776000,0,41.606698099999996,-86.3552007,241.755,0.0,0.0,0.0,0.0,0.0,0,0,0,0
7014876000,0,41.6066988,-86.3552007,241.76,0.0,0.0,0.0,0.0,0.0,0,0,0,0
7014976000,0,41.6066996,-86.35520079999999,241.767,0.0,0.0,0.0,0.0,0.0,0,0,0,0
7015076000,0,41.606700499999995,-86.35520079999999,241.775,0.0,0.0,0.0,0.0,0.0,0,0,0,0
7015176000,0,41.6067016,-86.3552009,241.784,0.0,0.0,0.0,0.0,0.0,0,0,0,0
7015276000,0,41.606702899999995,-86.3552009,241.795,0.0,0.0,0.0,0.0,0.0,0,0,0,0
7015376000,0,41.606704199999996,-86.355201,241.805,0.0,0.0,0.0,0.0,0.0,0,0,0,0
7015476000,0,41.6067057,-86.3552011,241.816,0.0,0.0,0.0,0.0,0.0,0,0,0,0
7015572000,0,41.6067073,-86.3552011,241.826,0.0,0.0,0.0,0.0,0.0,0,0,0,0
7015676000,0,41.606708999999995,-86.3552012,241.837,0.0,0.0,0.0,0.0,0.0,0,0,0,0
7015776000,0,41.606710799999995,-86.35520129999999,241.848,0.0,0.0,0.0,0.0,0.0,0,0,0,0
7015876000,0,41.606712699999996,-86.3552014,241.858,0.0,0.0,0.0,0.0,0.0,0,0,0,0
7015976000,0,41.6067147,-86.3552014,241.867,0.0,0.0,0.0,0.0,0.0,0,0,0,0
7016072000,0,41.6067166,-86.35520149999999,241.875,0.0,0.0,0.0,0.0,0.0,0,0,0,0
7016176000,0,41.606718799999996,-86.3552016,241.883,0.0,0.0,0.0,0.0,0.0,0,0,0,0
7016276000,0,41.6067209,-86.3552016,241.89,0.0,0.0,0.0,0.0,0.0,0,0,0,0
7016372000,0,41.6067229,-86.3552017,241.896,0.0,0.0,0.0,0.0,0.0,0,0,0,0
7016476000,0,41.6067251,-86.3552017,241.901,0.0,0.0,0.0,0.0,0.0,0,0,0,0
7016576000,0,41.6067274,-86.35520179999999,241.907,0.0,0.0,0.0,0.0,0.0,0,0,0,0
7016676000,0,41.606729699999995,-86.35520179999999,241.911,0.0,0.0,0.0,0.0,0.0,0,0,0,0
7016776000,0,41.6067318,-86.35520179999999,241.915,0.0,0.0,0.0,0.0,0.0,0,0,0,0
7016876000,0,41.6067341,-86.3552019,241.919,0.0,0.0,0.0,0.0,0.0,0,0,0,0
7016972000,0,41.606736399999996,-86.3552019,241.923,0.0,0.0,0.0,0.0,0.0,0,0,0,0
7017076000,0,41.6067387,-86.3552019,241.926,0.0,0.0,0.0,0.0,0.0,0,0,0,0
7017176000,0,41.606741,-86.3552019,241.929,0.0,0.0,0.0,0.0,0.0,0,0,0,0
7017276000,0,41.6067433,-86.3552019,241.931,0.0,0.0,0.0,0.0,0.0,0,0,0,0
7017376000,0,41.606745599999996,-86.3552019,241.933,0.0,0.0,0.0,0.0,0.0,0,0,0,0
7017476000,0,41.606747899999995,-86.35520179999999,241.935,0.0,0.0,0.0,0.0,0.0,0,0,0,0
7017576000,0,41.6067502,-86.35520179999999,241.936,0.0,0.0,0.0,0.0,0.0,0,0,0,0
7017676000,0,41.6067524,-86.35520179999999,241.938,0.0,0.0,0.0,0.0,0.0,0,0,0,0
7017776000,0,41.6067548,-86.3552017,241.94,0.0,0.0,0.0,0.0,0.0,0,0,0,0
7017876000,0,41.606756999999995,-86.3552017,241.942,0.0,0.0,0.0,0.0,0.0,0,0,0,0
7017972000,0,41.6067593,-86.3552016,241.944,0.0,0.0,0.0,0.0,0.0,0,0,0,0
7018072000,0,41.6067616,-86.3552016,241.946,0.0,0.0,0.0,0.0,0.0,0,0,0,0
7018172000,0,41.6067639,-86.35520149999999,241.947,0.0,0.0,0.0,0.0,0.0,0,0,0,0
7018276000,0,41.606766199999996,-86.35520149999999,241.949,0.0,0.0,0.0,0.0,0.0,0,0,0,0
7018372000,0,41.6067684,-86.3552014,241.95,0.0,0.0,0.0,0.0,0.0,0,0,0,0
7018476000,0,41.6067708,-86.3552014,241.952,0.0,0.0,0.0,0.0,0.0,0,0,0,0
7018576000,0,41.6067731,-86.35520129999999,241.953,0.0,0.0,0.0,0.0,0.0,0,0,0,0
7018676000,0,41.606775299999995,-86.35520129999999,241.955,0.0,0.0,0.0,0.0,0.0,0,0,0,0
7018776000,0,41.6067775,-86.3552012,241.957,0.0,0.0,0.0,0.0,0.0,0,0,0,0
7018872000,0,41.6067798,-86.3552011,241.958,0.0,0.0,0.0,0.0,0.0,0,0,0,0
7018976000,0,41.6067821,-86.3552011,241.961,0.0,0.0,0.0,0.0,0.0,0,0,0,0
7019072000,0,41.6067843,-86.355201,241.964,0.0,0.0,0.0,0.0,0.0,0,0,0,0
7019176000,0,41.6067865,-86.355201,241.967,0.0,0.0,0.0,0.0,0.0,0,0,0,0
7019276000,0,41.6067888,-86.3552009,241.971,0.0,0.0,0.0,0.0,0.0,0,0,0,0
7019376000,0,41.606791,-86.3552009,241.974,0.0,0.0,0.0,0.0,0.0,0,0,0,0
7019476000,0,41.6067933,-86.35520079999999,241.978,0.0,0.0,0.0,0.0,0.0,0,0,0,0
7019576000,0,41.6067956,-86.3552007,241.983,0.0,0.0,0.0,0.0,0.0,0,0,0,0
7019676000,0,41.606797799999995,-86.3552007,241.987,0.0,0.0,0.0,0.0,0.0,0,0,0,0
7019776000,0,41.6068,-86.35520059999999,241.992,0.0,0.0,0.0,0.0,0.0,0,0,0,0
7019876000,0,41.6068023,-86.35520059999999,241.997,0.0,0.0,0.0,0.0,0.0,0,0,0,0
7019972000,0,41.606804499999996,-86.3552005,242.002,0.0,0.0,0.0,0.0,0.0,0,0,0,0
7020076000,0,41.6068067,-86.3552004,242.006,0.0,0.0,0.0,0.0,0.0,0,0,0,0
7020176000,0,41.606809,-86.35520029999999,242.009,0.0,0.0,0.0,0.0,0.0,0,0,0,0
7020272000,0,41.6068111,-86.35520029999999,242.011,0.0,0.0,0.0,0.0,0.0,0,0,0,0
7020376000,0,41.6068132,-86.3552002,242.012,0.0,0.0,0.0,0.0,0.0,0,0,0,0
7020476000,0,41.6068153,-86.35520009999999,242.011,0.0,0.0,0.0,0.0,0.0,0,0,0,0
7020572000,0,41.6068171,-86.35520009999999,242.01,0.0,0.0,0.0,0.0,0.0,0,0,0,0
7020676000,0,41.606819099999996,-86.3552,242.008,0.0,0.0,0.0,0.0,0.0,0,0,0,0
7020776000,0,41.6068208,-86.3551999,242.005,0.0,0.0,0.0,0.0,0.0,0,0,0,0
7020872000,0,41.6068224,-86.3551998,242.002,0.0,0.0,0.0,0.0,0.0,0,0,0,0
7020972000,0,41.606823899999995,-86.3551998,241.998,0.0,0.0,0.0,0.0,0.0,0,0,0,0
7021076000,0,41.6068253,-86.3551997,241.995,0.0,0.0,0.0,0.0,0.0,0,0,0,0
7021176000,0,41.6068265,-86.35519959999999,241.992,0.0,0.0,0.0,0.0,0.0,0,0,0,0
7021276000,0,41.606827599999995,-86.3551995,241.988,0.0,0.0,0.0,0.0,0.0,0,0,0,0
7021376000,0,41.6068285,-86.35519939999999,241.986,0.0,0.0,0.0,0.0,0.0,0,0,0,0
7021476000,0,41.6068293,-86.3551993,241.984,0.0,0.0,0.0,0.0,0.0,0,0,0,0
7021576000,0,41.6068299,-86.3551992,241.982,0.0,0.0,0.0,0.0,0.0,0,0,0,0
7021676000,0,41.6068305,-86.3551991,241.981,0.0,0.0,0.0,0.0,0.0,0,0,0,0
7021772000,0,41.606831,-86.355199,241.98,0.0,0.0,0.0,0.0,0.0,0,0,0,0
7021876000,0,41.606831299999996,-86.35519889999999,241.98,0.0,0.0,0.0,0.0,0.0,0,0,0,0
7021976000,0,41.6068316,-86.3551988,241.979,0.0,0.0,0.0,0.0,0.0,0,0,0,0
7022076000,0,41.606831799999995,-86.3551987,241.978,0.0,0.0,0.0,0.0,0.0,0,0,0,0
7022176000,0,41.606832,-86.3551987,241.976,0.0,0.0,0.0,0.0,0.0,0,0,0,0
7022276000,0,41.6068321,-86.3551986,241.975,0.0,0.0,0.0,0.0,0.0,0,0,0,0
7022376000,0,41.6068322,-86.3551986,241.973,0.0,0.0,0.0,0.0,0.0,0,0,0,0
7022476000,0,41.6068322,-86.3551985,241.971,0.0,0.0,0.0,0.0,0.0,0,0,0,0
7022576000,0,41.6068322,-86.3551985,241.969,0.0,0.0,0.0,0.0,0.0,0,0,0,0
7022676000,0,41.6068322,-86.3551985,241.967,0.0,0.0,0.0,0.0,0.0,0,0,0,0
7022776000,0,41.6068321,-86.3551985,241.965,0.0,0.0,0.0,0.0,0.0,0,0,0,0
7022876000,0,41.606832,-86.3551985,241.962,0.0,0.0,0.0,0.0,0.0,0,0,0,0
7022972000,0,41.606832,-86.3551985,241.96,0.0,0.0,0.0,0.0,0.0,0,0,0,0
7023076000,0,41.606831899999996,-86.3551985,241.958,0.0,0.0,0.0,0.0,0.0,0,0,0,0
7023176000,0,41.606831799999995,-86.3551985,241.954,0.0,0.0,0.0,0.0,0.0,0,0,0,0
7023276000,0,41.6068317,-86.3551985,241.948,0.0,0.0,0.0,0.0,0.0,0,0,0,0
7023376000,0,41.6068316,-86.3551985,241.942,0.0,0.0,0.0,0.0,0.0,0,0,0,0
7023476000,0,41.6068315,-86.35519839999999,241.935,0.0,0.0,0.0,0.0,0.0,0,0,0,0
7023576000,0,41.6068314,-86.35519839999999,241.928,0.0,0.0,0.0,0.0,0.0,0,0,0,0
7023676000,0,41.606831199999995,-86.35519839999999,241.922,0.0,0.0,0.0,0.0,0.0,0,0,0,0
7023776000,0,41.6068311,-86.3551983,241.915,0.0,0.0,0.0,0.0,0.0,0,0,0,0
7023872000,0,41.606831,-86.3551983,241.908,0.0,0.0,0.0,0.0,0.0,0,0,0,0
7023972000,0,41.6068308,-86.3551983,241.897,0.0,0.0,0.0,0.0,0.0,0,0,0,0
7024072000,0,41.606830699999996,-86.3551983,241.883,0.0,0.0,0.0,0.0,0.0,0,0,0,0
7024176000,0,41.6068305,-86.3551983,241.862,0.0,0.0,0.0,0.0,0.0,0,0,0,0
7024276000,0,41.6068303,-86.35519839999999,241.836,0.0,0.0,0.0,0.0,0.0,0,0,0,0
7024376000,0,41.606830099999996,-86.3551986,241.805,0.0,0.0,0.0,0.0,0.0,0,0,0,0
7024472000,0,41.6068299,-86.35519889999999,241.771,0.0,0.0,0.0,0.0,0.0,0,0,0,0
7024576000,0,41.6068296,-86.3551993,241.73,0.0,0.0,0.0,0.0,0.0,0,0,0,0
7024676000,0,41.6068292,-86.3551999,241.686,0.0,0.0,0.0,0.0,0.0,0,0,0,0
7024772000,0,41.606828799999995,-86.3552005,241.643,0.0,0.0,0.0,0.0,0.0,0,0,0,0
7024872000,0,41.6068284,-86.3552014,241.598,0.0,0.0,0.0,0.0,0.0,0,0,0,0
7024976000,0,41.6068278,-86.35520249999999,241.547,0.0,0.0,0.0,0.0,0.0,0,0,0,0
7025072000,0,41.6068273,-86.35520369999999,241.5,0.0,0.0,0.0,0.0,0.0,0,0,0,0
7025172000,0,41.6068267,-86.355205,241.452,0.0,0.0,0.0,0.0,0.0,0,0,0,0
7025276000,0,41.606826,-86.3552066,241.399,0.0,0.0,0.0,0.0,0.0,0,0,0,0
7025376000,0,41.6068253,-86.3552084,241.345,0.0,0.0,0.0,0.0,0.0,0,0,0,0
7025476000,0,41.606824599999996,-86.3552103,241.289,0.0,0.0,0.0,0.0,0.0,0,0,0,0
7025576000,0,41.6068238,-86.3552124,241.228,0.0,0.0,0.0,0.0,0.0,0,0,0,0
7025676000,0,41.606823,-86.3552146,241.168,0.0,0.0,0.0,0.0,0.0,0,0,0,0
7025776000,0,41.6068223,-86.3552168,241.109,0.0,0.0,0.0,0.0,0.0,0,0,0,0
7025876000,0,41.6068214,-86.3552193,241.043,0.0,0.0,0.0,0.0,0.0,0,0,0,0
7025972000,0,41.6068206,-86.3552217,240.98,0.0,0.0,0.0,0.0,0.0,0,0,0,0
7026072000,0,41.6068198,-86.3552242,240.916,0.0,0.0,0.0,0.0,0.0,0,0,0,0
7026176000,0,41.6068189,-86.355227,240.844,0.0,0.0,0.0,0.0,0.0,0,0,0,0
7026276000,0,41.606818,-86.3552297,240.774,0.0,0.0,0.0,0.0,0.0,0,0,0,0
7026376000,0,41.6068171,-86.3552326,240.699,0.0,0.0,0.0,0.0,0.0,0,0,0,0
7026476000,0,41.6068163,-86.3552354,240.628,0.0,0.0,0.0,0.0,0.0,0,0,0,0
7026572000,0,41.606815399999995,-86.3552382,240.556,0.0,0.0,0.0,0.0,0.0,0,0,0,0
7026676000,0,41.6068145,-86.3552412,240.476,0.0,0.0,0.0,0.0,0.0,0,0,0,0
7026776000,0,41.606813599999995,-86.3552443,240.395,0.0,0.0,0.0,0.0,0.0,0,0,0,0
7026876000,0,41.6068127,-86.3552473,240.317,0.0,0.0,0.0,0.0,0.0,0,0,0,0
7026972000,0,41.606811799999996,-86.3552502,240.241,0.0,0.0,0.0,0.0,0.0,0,0,0,0
7027072000,0,41.6068109,-86.35525319999999,240.161,0.0,0.0,0.0,0.0,0.0,0,0,0,0
7027176000,0,41.606809999999996,-86.3552562,240.08,0.0,0.0,0.0,0.0,0.0,0,0,0,0
7027276000,0,41.6068091,-86.3552594,239.997,0.0,0.0,0.0,0.0,0.0,0,0,0,0
7027376000,0,41.606808199999996,-86.35526229999999,239.92,0.0,0.0,0.0,0.0,0.0,0,0,0,0
7027476000,0,41.6068073,-86.3552655,239.835,0.0,0.0,0.0,0.0,0.0,0,0,0,0
7027576000,0,41.6068065,-86.3552685,239.757,0.0,0.0,0.0,0.0,0.0,0,0,0,0
7027672000,0,41.6068056,-86.3552716,239.675,0.0,0.0,0.0,0.0,0.0,0,0,0,0
7027776000,0,41.6068047,-86.3552747,239.593,0.0,0.0,0.0,0.0,0.0,0,0,0,0
7027872000,0,41.6068038,-86.3552778,239.51,0.0,0.0,0.0,0.0,0.0,0,0,0,0
7027972000,0,41.6068029,-86.3552808,239.428,0.0,0.0,0.0,0.0,0.0,0,0,0,0
7028076000,0,41.606801999999995,-86.35528389999999,239.345,0.0,0.0,0.0,0.0,0.0,0,0,0,0
7028176000,0,41.6068011,-86.3552871,239.259,0.0,0.0,0.0,0.0,0.0,0,0,0,0
7028276000,0,41.606800199999995,-86.3552902,239.177,0.0,0.0,0.0,0.0,0.0,0,0,0,0
7028376000,0,41.6067993,-86.3552933,239.094,0.0,0.0,0.0,0.0,0.0,0,0,0,0
7028476000,0,41.606798399999995,-86.3552964,239.011,0.0,0.0,0.0,0.0,0.0,0,0,0,0
7028576000,0,41.6067976,-86.35529939999999,238.932,0.0,0.0,0.0,0.0,0.0,0,0,0,0
7028676000,0,41.606796599999996,-86.3553026,238.847,0.0,0.0,0.0,0.0,0.0,0,0,0,0
7028776000,0,41.6067958,-86.3553057,238.765,0.0,0.0,0.0,0.0,0.0,0,0,0,0
7028872000,0,41.6067949,-86.35530849999999,238.689,0.0,0.0,0.0,0.0,0.0,0,0,0,0
7028972000,0,41.606794,-86.3553117,238.604,0.0,0.0,0.0,0.0,0.0,0,0,0,0
7029076000,0,41.6067931,-86.3553149,238.519,0.0,0.0,0.0,0.0,0.0,0,0,0,0
7029176000,0,41.606792299999995,-86.3553178,238.441,0.0,0.0,0.0,0.0,0.0,0,0,0,0
7029276000,0,41.6067913,-86.35532099999999,238.357,0.0,0.0,0.0,0.0,0.0,0,0,0,0
7029376000,0,41.606790499999995,-86.355324,238.28,0.0,0.0,0.0,0.0,0.0,0,0,0,0
7029476000,0,41.6067896,-86.355327,238.201,0.0,0.0,0.0,0.0,0.0,0,0,0,0
7029576000,0,41.606788699999996,-86.35533009999999,238.122,0.0,0.0,0.0,0.0,0.0,0,0,0,0
7029676000,0,41.6067878,-86.3553333,238.041,0.0,0.0,0.0,0.0,0.0,0,0,0,0
7029776000,0,41.606786899999996,-86.35533629999999,237.964,0.0,0.0,0.0,0.0,0.0,0,0,0,0
7029876000,0,41.606786,-86.3553393,237.89,0.0,0.0,0.0,0.0,0.0,0,0,0,0
7029976000,0,41.606785099999996,-86.35534249999999,237.81,0.0,0.0,0.0,0.0,0.0,0,0,0,0
7030072000,0,41.6067843,-86.3553453,237.739,0.0,0.0,0.0,0.0,0.0,0,0,0,0
7030176000,0,41.6067834,-86.3553484,237.66,0.0,0.0,0.0,0.0,0.0,0,0,0,0
7030276000,0,41.6067824,-86.35535159999999,237.58,0.0,0.0,0.0,0.0,0.0,0,0,0,0
7030376000,0,41.6067816,-86.3553546,237.504,0.0,0.0,0.0,0.0,0.0,0,0,0,0
7030472000,0,41.6067807,-86.3553575,237.431,0.0,0.0,0.0,0.0,0.0,0,0,0,0
7030576000,0,41.6067798,-86.3553606,237.356,0.0,0.0,0.0,0.0,0.0,0,0,0,0
7030676000,0,41.606778899999995,-86.3553637,237.278,0.0,0.0,0.0,0.0,0.0,0,0,0,0
7030776000,0,41.606778,-86.35536669999999,237.204,0.0,0.0,0.0,0.0,0.0,0,0,0,0
7030876000,0,41.606777099999995,-86.3553697,237.13,0.0,0.0,0.0,0.0,0.0,0,0,0,0
7030972000,0,41.6067762,-86.3553726,237.059,0.0,0.0,0.0,0.0,0.0,0,0,0,0
7031076000,0,41.6067752,-86.35537579999999,236.983,0.0,0.0,0.0,0.0,0.0,0,0,0,0
7031176000,0,41.6067743,-86.3553787,236.914,0.0,0.0,0.0,0.0,0.0,0,0,0,0
7031276000,0,41.6067734,-86.35538179999999,236.839,0.0,0.0,0.0,0.0,0.0,0,0,0,0
7031376000,0,41.6067725,-86.3553847,236.769,0.0,0.0,0.0,0.0,0.0,0,0,0,0
7031476000,0,41.6067715,-86.3553879,236.694,0.0,0.0,0.0,0.0,0.0,0,0,0,0
7031576000,0,41.6067706,-86.35539089999999,236.622,0.0,0.0,0.0,0.0,0.0,0,0,0,0
7031676000,0,41.6067697,-86.3553938,236.552,0.0,0.0,0.0,0.0,0.0,0,0,0,0
7031776000,0,41.606768699999996,-86.3553969,236.477,0.0,0.0,0.0,0.0,0.0,0,0,0,0
7031876000,0,41.6067678,-86.3553998,236.407,0.0,0.0,0.0,0.0,0.0,0,0,0,0
7031976000,0,41.6067669,-86.3554028,236.334,0.0,0.0,0.0,0.0,0.0,0,0,0,0
7032072000,0,41.606766,-86.3554058,236.261,0.0,0.0,0.0,0.0,0.0,0,0,0,0
7032176000,0,41.606764999999996,-86.35540879999999,236.188,0.0,0.0,0.0,0.0,0.0,0,0,0,0
7032276000,0,41.6067641,-86.3554119,236.113,0.0,0.0,0.0,0.0,0.0,0,0,0,0
7032376000,0,41.606763199999996,-86.35541479999999,236.043,0.0,0.0,0.0,0.0,0.0,0,0,0,0
7032472000,0,41.6067622,-86.3554178,235.97,0.0,0.0,0.0,0.0,0.0,0,0,0,0
7032572000,0,41.606761299999995,-86.35542079999999,235.897,0.0,0.0,0.0,0.0,0.0,0,0,0,0
7032676000,0,41.6067603,-86.35542389999999,235.82,0.0,0.0,0.0,0.0,0.0,0,0,0,0
7032776000,0,41.6067593,-86.35542699999999,235.746,0.0,0.0,0.0,0.0,0.0,0,0,0,0
7032876000,0,41.6067584,-86.35543,235.671,0.0,0.0,0.0,0.0,0.0,0,0,0,0
7032972000,0,41.6067575,-86.3554328,235.599,0.0,0.0,0.0,0.0,0.0,0,0,0,0
7033072000,0,41.606756499999996,-86.3554358,235.524,0.0,0.0,0.0,0.0,0.0,0,0,0,0
7033176000,0,41.6067556,-86.3554388,235.45,0.0,0.0,0.0,0.0,0.0,0,0,0,0
7033276000,0,41.606754599999995,-86.3554419,235.375,0.0,0.0,0.0,0.0,0.0,0,0,0,0
7033376000,0,41.6067537,-86.3554449,235.301,0.0,0.0,0.0,0.0,0.0,0,0,0,0
7033476000,0,41.6067527,-86.3554479,235.227,0.0,0.0,0.0,0.0,0.0,0,0,0,0
7033576000,0,41.6067518,-86.3554509,235.153,0.0,0.0,0.0,0.0,0.0,0,0,0,0
7033676000,0,41.6067508,-86.3554539,235.078,0.0,0.0,0.0,0.0,0.0,0,0,0,0
7033776000,0,41.606749799999996,-86.355457,235.001,0.0,0.0,0.0,0.0,0.0,0,0,0,0
7033876000,0,41.6067489,-86.35546,234.927,0.0,0.0,0.0,0.0,0.0,0,0,0,0
7033972000,0,41.606747999999996,-86.3554628,234.858,0.0,0.0,0.0,0.0,0.0,0,0,0,0
7034076000,0,41.606747,-86.35546599999999,234.781,0.0,0.0,0.0,0.0,0.0,0,0,0,0
7034176000,0,41.606746,-86.3554691,234.703,0.0,0.0,0.0,0.0,0.0,0,0,0,0
7034276000,0,41.6067451,-86.35547199999999,234.631,0.0,0.0,0.0,0.0,0.0,0,0,0,0
7034376000,0,41.606744,-86.3554752,234.553,0.0,0.0,0.0,0.0,0.0,0,0,0,0
7034476000,0,41.606743099999996,-86.3554782,234.478,0.0,0.0,0.0,0.0,0.0,0,0,0,0
7034576000,0,41.6067421,-86.3554812,234.403,0.0,0.0,0.0,0.0,0.0,0,0,0,0
7034676000,0,41.606741199999995,-86.3554843,234.328,0.0,0.0,0.0,0.0,0.0,0,0,0,0
7034776000,0,41.6067402,-86.3554872,234.256,0.0,0.0,0.0,0.0,0.0,0,0,0,0
7034876000,0,41.6067393,-86.3554903,234.182,0.0,0.0,0.0,0.0,0.0,0,0,0,0
7034976000,0,41.606738299999996,-86.3554935,234.105,0.0,0.0,0.0,0.0,0.0,0,0,0,0
7035076000,0,41.6067373,-86.3554965,234.032,0.0,0.0,0.0,0.0,0.0,0,0,0,0
7035176000,0,41.606736399999996,-86.3554996,233.959,0.0,0.0,0.0,0.0,0.0,0,0,0,0
7035276000,0,41.6067354,-86.3555026,233.886,0.0,0.0,0.0,0.0,0.0,0,0,0,0
7035376000,0,41.606734499999995,-86.35550549999999,233.815,0.0,0.0,0.0,0.0,0.0,0,0,0,0
7035476000,0,41.6067335,-86.3555087,233.739,0.0,0.0,0.0,0.0,0.0,0,0,0,0
7035576000,0,41.6067326,-86.3555117,233.666,0.0,0.0,0.0,0.0,0.0,0,0,0,0
7035672000,0,41.6067318,-86.3555145,233.599,0.0,0.0,0.0,0.0,0.0,0,0,0,0
7035772000,0,41.6067308,-86.35551749999999,233.526,0.0,0.0,0.0,0.0,0.0,0,0,0,0
7035872000,0,41.6067299,-86.3555205,233.453,0.0,0.0,0.0,0.0,0.0,0,0,0,0
7035976000,0,41.6067289,-86.35552369999999,233.378,0.0,0.0,0.0,0.0,0.0,0,0,0,0
7036072000,0,41.606728,-86.35552659999999,233.309,0.0,0.0,0.0,0.0,0.0,0,0,0,0
7036176000,0,41.6067271,-86.35552969999999,233.234,0.0,0.0,0.0,0.0,0.0,0,0,0,0
7036276000,0,41.606726099999996,-86.35553279999999,233.159,0.0,0.0,0.0,0.0,0.0,0,0,0,0
7036376000,0,41.6067252,-86.35553589999999,233.087,0.0,0.0,0.0,0.0,0.0,0,0,0,0
7036476000,0,41.606724299999996,-86.35553879999999,233.018,0.0,0.0,0.0,0.0,0.0,0,0,0,0
7036576000,0,41.6067234,-86.3555418,232.947,0.0,0.0,0.0,0.0,0.0,0,0,0,0
7036676000,0,41.606722399999995,-86.35554479999999,232.875,0.0,0.0,0.0,0.0,0.0,0,0,0,0
7036776000,0,41.6067215,-86.3555478,232.803,0.0,0.0,0.0,0.0,0.0,0,0,0,0
7036876000,0,41.606720599999996,-86.35555099999999,232.728,0.0,0.0,0.0,0.0,0.0,0,0,0,0
7036976000,0,41.6067196,-86.355554,232.656,0.0,0.0,0.0,0.0,0.0,0,0,0,0
7037076000,0,41.606718699999995,-86.35555699999999,232.584,0.0,0.0,0.0,0.0,0.0,0,0,0,0
7037176000,0,41.6067178,-86.3555599,232.515,0.0,0.0,0.0,0.0,0.0,0,0,0,0
7037272000,0,41.606716999999996,-86.3555628,232.447,0.0,0.0,0.0,0.0,0.0,0,0,0,0
7037376000,0,41.606716,-86.3555659,232.373,0.0,0.0,0.0,0.0,0.0,0,0,0,0
7037476000,0,41.606715099999995,-86.355569,232.299,0.0,0.0,0.0,0.0,0.0,0,0,0,0
7037576000,0,41.6067142,-86.3555719,232.231,0.0,0.0,0.0,0.0,0.0,0,0,0,0
7037676000,0,41.6067132,-86.355575,232.157,0.0,0.0,0.0,0.0,0.0,0,0,0,0
7037776000,0,41.6067124,-86.3555779,232.088,0.0,0.0,0.0,0.0,0.0,0,0,0,0
7037876000,0,41.606711399999995,-86.35558089999999,232.017,0.0,0.0,0.0,0.0,0.0,0,0,0,0
7037972000,0,41.6067105,-86.3555839,231.945,0.0,0.0,0.0,0.0,0.0,0,0,0,0
7038076000,0,41.606709599999995,-86.35558689999999,231.869,0.0,0.0,0.0,0.0,0.0,0,0,0,0
7038176000,0,41.6067087,-86.3555897,231.798,0.0,0.0,0.0,0.0,0.0,0,0,0,0
7038276000,0,41.606707799999995,-86.3555926,231.719,0.0,0.0,0.0,0.0,0.0,0,0,0,0
7038376000,0,41.6067068,-86.3555954,231.641,0.0,0.0,0.0,0.0,0.0,0,0,0,0
7038472000,0,41.606705999999996,-86.35559789999999,231.565,0.0,0.0,0.0,0.0,0.0,0,0,0,0
7038572000,0,41.6067051,-86.3556004,231.486,0.0,0.0,0.0,0.0,0.0,0,0,0,0
7038676000,0,41.606704199999996,-86.3556029,231.405,0.0,0.0,0.0,0.0,0.0,0,0,0,0
7038776000,0,41.6067034,-86.35560509999999,231.33,0.0,0.0,0.0,0.0,0.0,0,0,0,0
7038876000,0,41.6067027,-86.3556071,231.263,0.0,0.0,0.0,0.0,0.0,0,0,0,0
7038976000,0,41.6067019,-86.355609,231.196,0.0,0.0,0.0,0.0,0.0,0,0,0,0
7039072000,0,41.6067013,-86.3556105,231.144,0.0,0.0,0.0,0.0,0.0,0,0,0,0
7039172000,0,41.6067007,-86.3556121,231.093,0.0,0.0,0.0,0.0,0.0,0,0,0,0
7039272000,0,41.6067002,-86.3556134,231.05,0.0,0.0,0.0,0.0,0.0,0,0,0,0
7039376000,0,41.6066997,-86.3556145,231.013,0.0,0.0,0.0,0.0,0.0,0,0,0,0
7039472000,0,41.606699299999995,-86.35561539999999,230.986,0.0,0.0,0.0,0.0,0.0,0,0,0,0
7039576000,0,41.6066989,-86.3556162,230.962,0.0,0.0,0.0,0.0,0.0,0,0,0,0
7039676000,0,41.6066986,-86.3556169,230.944,0.0,0.0,0.0,0.0,0.0,0,0,0,0
7039776000,0,41.6066984,-86.3556174,230.931,0.0,0.0,0.0,0.0,0.0,0,0,0,0
7039876000,0,41.6066982,-86.35561779999999,230.921,0.0,0.0,0.0,0.0,0.0,0,0,0,0
7039976000,0,41.606698099999996,-86.3556181,230.915,0.0,0.0,0.0,0.0,0.0,0,0,0,0
7040076000,0,41.606698,-86.35561829999999,230.912,0.0,0.0,0.0,0.0,0.0,0,0,0,0
7040176000,0,41.6066979,-86.3556184,230.912,0.0,0.0,0.0,0.0,0.0,0,0,0,0
7040276000,0,41.6066979,-86.3556184,230.914,0.0,0.0,0.0,0.0,0.0,0,0,0,0
7040376000,0,41.6066979,-86.3556184,230.917,0.0,0.0,0.0,0.0,0.0,0,0,0,0
7040476000,0,41.6066979,-86.3556184,230.921,0.0,0.0,0.0,0.0,0.0,0,0,0,0
7040576000,0,41.6066979,-86.35561829999999,230.926,0.0,0.0,0.0,0.0,0.0,0,0,0,0
7040676000,0,41.606698,-86.3556181,230.931,0.0,0.0,0.0,0.0,0.0,0,0,0,0
7040776000,0,41.606698,-86.35561799999999,230.937,0.0,0.0,0.0,0.0,0.0,0,0,0,0
7040876000,0,41.606698099999996,-86.3556179,230.942,0.0,0.0,0.0,0.0,0.0,0,0,0,0
7040976000,0,41.6066982,-86.3556177,230.949,0.0,0.0,0.0,0.0,0.0,0,0,0,0
7041076000,0,41.6066982,-86.3556175,230.953,0.0,0.0,0.0,0.0,0.0,0,0,0,0
7041176000,0,41.6066983,-86.3556174,230.949,0.0,0.0,0.0,0.0,0.0,0,0,0,0
7041276000,0,41.6066984,-86.3556172,230.931,0.0,0.0,0.0,0.0,0.0,0,0,0,0
7041376000,0,41.6066984,-86.355617,230.898,0.0,0.0,0.0,0.0,0.0,0,0,0,0
7041476000,0,41.6066985,-86.3556169,230.841,0.0,0.0,0.0,0.0,0.0,0,0,0,0
7041572000,0,41.6066986,-86.3556167,230.774,0.0,0.0,0.0,0.0,0.0,0,0,0,0
7041676000,0,41.6066986,-86.35561659999999,230.694,0.0,0.0,0.0,0.0,0.0,0,0,0,0
7041776000,0,41.606698699999995,-86.3556165,230.618,0.0,0.0,0.0,0.0,0.0,0,0,0,0
7041876000,0,41.606698699999995,-86.3556164,230.548,0.0,0.0,0.0,0.0,0.0,0,0,0,0
7041976000,0,41.606698699999995,-86.3556164,230.484,0.0,0.0,0.0,0.0,0.0,0,0,0,0
7042076000,0,41.606698699999995,-86.3556163,230.425,0.0,0.0,0.0,0.0,0.0,0,0,0,0
7042176000,0,41.6066988,-86.3556163,230.363,0.0,0.0,0.0,0.0,0.0,0,0,0,0
7042276000,0,41.6066988,-86.3556162,230.303,0.0,0.0,0.0,0.0,0.0,0,0,0,0
7042376000,0,41.6066988,-86.3556162,230.246,0.0,0.0,0.0,0.0,0.0,0,0,0,0
7042476000,0,41.6066988,-86.3556162,230.184,0.0,0.0,0.0,0.0,0.0,0,0,0,0
7042576000,0,41.6066988,-86.3556162,230.126,0.0,0.0,0.0,0.0,0.0,0,0,0,0
7042676000,0,41.6066988,-86.3556162,230.063,0.0,0.0,0.0,0.0,0.0,0,0,0,0
7042776000,0,41.6066988,-86.3556163,230.001,0.0,0.0,0.0,0.0,0.0,0,0,0,0
7042876000,0,41.6066988,-86.3556163,229.941,0.0,0.0,0.0,0.0,0.0,0,0,0,0
7042976000,0,41.606698699999995,-86.3556164,229.875,0.0,0.0,0.0,0.0,0.0,0,0,0,0
7043076000,0,41.606698699999995,-86.3556164,229.815,0.0,0.0,0.0,0.0,0.0,0,0,0,0
7043176000,0,41.606698699999995,-86.3556165,229.752,0.0,0.0,0.0,0.0,0.0,0,0,0,0
7043272000,0,41.606698699999995,-86.3556165,229.69,0.0,0.0,0.0,0.0,0.0,0,0,0,0
7043376000,0,41.606698699999995,-86.35561659999999,229.625,0.0,0.0,0.0,0.0,0.0,0,0,0,0
7043472000,0,41.606698699999995,-86.3556167,229.567,0.0,0.0,0.0,0.0,0.0,0,0,0,0
7043572000,0,41.606698699999995,-86.35561679999999,229.503,0.0,0.0,0.0,0.0,0.0,0,0,0,0
7043676000,0,41.606698699999995,-86.35561679999999,229.441,0.0,0.0,0.0,0.0,0.0,0,0,0,0
7043772000,0,41.606698699999995,-86.3556169,229.379,0.0,0.0,0.0,0.0,0.0,0,0,0,0
7043872000,0,41.6066986,-86.355617,229.32,0.0,0.0,0.0,0.0,0.0,0,0,0,0
7043976000,0,41.6066986,-86.355617,229.269,0.0,0.0,0.0,0.0,0.0,0,0,0,0
7044076000,0,41.6066986,-86.355617,229.271,0.0,0.0,0.0,0.0,0.0,0,0,0,0
7044172000,0,41.6066986,-86.355617,229.269,0.0,0.0,0.0,0.0,0.0,0,0,0,0
7044272000,0,41.6066986,-86.355617,229.269,0.0,0.0,0.0,0.0,0.0,0,0,0,0
7044376000,0,41.6066986,-86.355617,229.269,0.0,0.0,0.0,0.0,0.0,0,0,0,0
7044476000,0,41.6066986,-86.355617,229.269,0.0,0.0,0.0,0.0,0.0,0,0,0,0
7044576000,0,41.6066986,-86.355617,229.269,0.0,0.0,0.0,0.0,0.0,0,0,0,0
7044676000,0,41.6066986,-86.355617,229.269,0.0,0.0,0.0,0.0,0.0,0,0,0,0
7044776000,0,41.6066986,-86.355617,229.269,0.0,0.0,0.0,0.0,0.0,0,0,0,0
7044876000,0,41.6066986,-86.355617,229.269,0.0,0.0,0.0,0.0,0.0,0,0,0,0
7044976000,0,41.6066986,-86.355617,229.269,0.0,0.0,0.0,0.0,0.0,0,0,0,0
7045076000,0,41.6066986,-86.355617,229.269,0.0,0.0,0.0,0.0,0.0,0,0,0,0
7045176000,0,41.6066986,-86.355617,229.269,0.0,0.0,0.0,0.0,0.0,0,0,0,0
7045272000,0,41.6066986,-86.355617,229.269,0.0,0.0,0.0,0.0,0.0,0,0,0,0
7045376000,0,41.6066986,-86.355617,229.269,0.0,0.0,0.0,0.0,0.0,0,0,0,0
7045472000,0,41.6066986,-86.355617,229.269,0.0,0.0,0.0,0.0,0.0,0,0,0,0
7045576000,0,41.6066986,-86.355617,229.269,0.0,0.0,0.0,0.0,0.0,0,0,0,0
7045676000,0,41.6066986,-86.355617,229.269,0.0,0.0,0.0,0.0,0.0,0,0,0,0
7045776000,0,41.6066986,-86.355617,229.269,0.0,0.0,0.0,0.0,0.0,0,0,0,0
7045872000,0,41.6066986,-86.355617,229.269,0.0,0.0,0.0,0.0,0.0,0,0,0,0
7045976000,0,41.6066986,-86.355617,229.269,0.0,0.0,0.0,0.0,0.0,0,0,0,0
7046076000,0,41.6066986,-86.355617,229.269,0.0,0.0,0.0,0.0,0.0,0,0,0,0
7046176000,0,41.6066986,-86.355617,229.269,0.0,0.0,0.0,0.0,0.0,0,0,0,0
7046276000,0,41.6066986,-86.355617,229.269,0.0,0.0,0.0,0.0,0.0,0,0,0,0
7046376000,0,41.6066986,-86.355617,229.269,0.0,0.0,0.0,0.0,0.0,0,0,0,0
7046476000,0,41.6066986,-86.355617,229.269,0.0,0.0,0.0,0.0,0.0,0,0,0,0
7046572000,0,41.6066986,-86.355617,229.269,0.0,0.0,0.0,0.0,0.0,0,0,0,0
7046676000,0,41.6066986,-86.355617,229.269,0.0,0.0,0.0,0.0,0.0,0,0,0,0
7046776000,0,41.6066986,-86.355617,229.269,0.0,0.0,0.0,0.0,0.0,0,0,0,0
7046876000,0,41.6066986,-86.355617,229.269,0.0,0.0,0.0,0.0,0.0,0,0,0,0
7046976000,0,41.6066986,-86.355617,229.269,0.0,0.0,0.0,0.0,0.0,0,0,0,0
7047076000,0,41.6066986,-86.355617,229.269,0.0,0.0,0.0,0.0,0.0,0,0,0,0
7047176000,0,41.6066986,-86.355617,229.269,0.0,0.0,0.0,0.0,0.0,0,0,0,0
7047276000,0,41.6066986,-86.355617,229.269,0.0,0.0,0.0,0.0,0.0,0,0,0,0
7047376000,0,41.6066986,-86.355617,229.269,0.0,0.0,0.0,0.0,0.0,0,0,0,0
7047476000,0,41.6066986,-86.355617,229.269,0.0,0.0,0.0,0.0,0.0,0,0,0,0
7047576000,0,41.6066986,-86.355617,229.269,0.0,0.0,0.0,0.0,0.0,0,0,0,0
7047672000,0,41.6066986,-86.355617,229.269,0.0,0.0,0.0,0.0,0.0,0,0,0,0
7047772000,0,41.6066986,-86.355617,229.269,0.0,0.0,0.0,0.0,0.0,0,0,0,0
7047872000,0,41.6066986,-86.355617,229.269,0.0,0.0,0.0,0.0,0.0,0,0,0,0
7047976000,0,41.6066986,-86.355617,229.269,0.0,0.0,0.0,0.0,0.0,0,0,0,0
7048072000,0,41.6066986,-86.355617,229.269,0.0,0.0,0.0,0.0,0.0,0,0,0,0
7048176000,0,41.6066986,-86.355617,229.269,0.0,0.0,0.0,0.0,0.0,0,0,0,0
7048272000,0,41.6066986,-86.355617,229.269,0.0,0.0,0.0,0.0,0.0,0,0,0,0
7048376000,0,41.6066986,-86.355617,229.269,0.0,0.0,0.0,0.0,0.0,0,0,0,0
7048472000,0,41.6066986,-86.355617,229.269,0.0,0.0,0.0,0.0,0.0,0,0,0,0
7048572000,0,41.6066986,-86.355617,229.269,0.0,0.0,0.0,0.0,0.0,0,0,0,0
7048676000,0,41.6066986,-86.355617,229.269,0.0,0.0,0.0,0.0,0.0,0,0,0,0
7048776000,0,41.6066986,-86.355617,229.269,0.0,0.0,0.0,0.0,0.0,0,0,0,0
7048876000,0,41.6066986,-86.355617,229.269,0.0,0.0,0.0,0.0,0.0,0,0,0,0
7048972000,0,41.6066986,-86.355617,229.269,0.0,0.0,0.0,0.0,0.0,0,0,0,0
