timestamp,timestamp_sample,hover_thrust,hover_thrust_var,accel_innov,accel_innov_var,accel_innov_test_ratio,accel_noise_var,valid
6978192000,6978192000,0.49226502,0.0064395056,0.36121213,7.7645726,0.0018670871,5.05811,0
6978200000,6978200000,0.48834756,0.00468727,0.24670005,6.9489775,0.00097313937,5.1149745,0
6978296000,6978296000,0.48825413,0.001125289,-0.06306708,6.050995,7.303586e-05,5.7340164,0
6978392000,6978392000,0.48741361,0.0006661726,0.094994664,6.332864,0.00015832728,6.149586,0
6978496000,6978496000,0.48677665,0.0004679688,0.019713998,6.5710897,6.571576e-06,6.4402075,0
6978592000,6978592000,0.48511338,0.0003682878,0.0849359,6.6812696,0.000119972334,6.570726,0
6978688000,6978688000,0.4841862,0.0003031586,-0.59810245,6.714139,0.0059199543,6.632603,0
6978792000,6978792000,0.48163402,0.00025356244,0.15672249,6.670423,0.0004091351,6.581134,0
6978888000,6978888000,0.48037317,0.00021938534,0.35330158,6.596797,0.0021024009,6.510719,0
6978992000,6978992000,0.4784818,0.00019052824,0.2447092,6.450673,0.0010314615,6.3723803,0
6979088000,6979088000,0.476713,0.00016911214,0.31149966,6.2921743,0.0017134517,6.2177362,0
6979192000,6979192000,0.47520038,0.0001499853,0.20988089,6.1027536,0.00080200564,6.033953,0
6979296000,6979296000,0.47362584,0.0001340294,0.33867356,5.9014072,0.0021595561,5.8352013,0
6979392000,6979392000,0.47226182,0.000121485406,-0.44649053,5.6967993,0.003888222,5.643789,0
6979496000,6979496000,0.4705573,0.00010976602,0.3088282,5.480209,0.0019337231,5.4214473,0
6979592000,6979592000,0.46943712,0.000100338475,0.3847901,5.282173,0.0031145308,5.225755,0
6979688000,6979688000,0.46811712,9.20186e-05,0.22903046,5.0749297,0.001148455,5.022641,0
6979792000,6979792000,0.46675947,8.4049534e-05,0.36664024,4.859441,0.003073629,4.809207,0
6979896000,6979896000,0.46539456,7.7001845e-05,0.74162805,4.6449037,0.013156884,4.596125,0
6979992000,6979992000,0.46439144,7.118121e-05,0.27152494,4.4528356,0.0018396715,4.4083643,0
6980088000,6980088000,0.46365416,6.592517e-05,0.32496083,4.27431,0.0027450703,4.231731,0
6980192000,6980192000,0.46237954,6.0783706e-05,0.29377508,4.073329,0.0023541704,4.033297,0
6980288000,6980288000,0.4615611,5.648996e-05,0.33525088,3.9015098,0.0032008453,3.863316,0
6980392000,6980392000,0.45954916,5.2602998e-05,0.5987186,3.713702,0.010724966,3.6817167,1
6980488000,6980488000,0.46085057,4.9579055e-05,-0.48976606,3.6005428,0.007402304,3.572898,1
6980592000,6980592000,0.4615044,4.6257897e-05,-0.21239132,3.4569848,0.001449885,3.426868,1
6980696000,6980696000,0.4610633,4.3047847e-05,0.1932931,3.2968197,0.0012592007,3.265854,1
6980792000,6980792000,0.46021882,4.024675e-05,0.43183458,3.15067,0.006576418,3.1205587,1
6980888000,6980888000,0.45894438,3.7618156e-05,0.40727416,3.0047488,0.0061337072,2.9759104,1
6980992000,6980992000,0.45747244,3.495556e-05,0.4928458,2.8578043,0.009443808,2.830427,1
6981088000,6981088000,0.45606986,3.2658e-05,0.41891482,2.7252316,0.0071549327,2.6989326,1
6981192000,6981192000,0.45449984,3.0340494e-05,0.46972823,2.5904796,0.009463911,2.5656645,1
6981296000,6981296000,0.45318726,2.8191615e-05,-0.35977516,2.4620779,0.005841415,2.441123,1
6981392000,6981392000,0.45173424,2.6355432e-05,0.43814254,2.350115,0.009076099,2.3277574,1
6981488000,6981488000,0.45046642,2.4659923e-05,0.5418265,2.243307,0.014540831,2.2219892,1
6981592000,6981592000,0.44913715,2.297693e-05,0.32733297,2.1305058,0.0055879727,2.1107094,1
6981696000,6981696000,0.44789153,2.1440077e-05,0.349137,2.0267224,0.0066827466,2.0080116,1
6981792000,6981792000,0.44692478,2.0141824e-05,0.4020725,1.9328111,0.009293446,1.9152101,1
6981888000,6981888000,0.44576895,1.894749e-05,0.39473957,1.8453525,0.009382087,1.8286407,1
6981992000,6981992000,0.4447482,1.7760725e-05,0.39693895,1.756262,0.009968175,1.7406825,1
6982088000,6982088000,0.44364822,1.6755148e-05,0.45222974,1.6745783,0.0135697,1.6599191,1
6982192000,6982192000,0.4426977,1.5745067e-05,0.38806376,1.5930893,0.0105032455,1.5791911,1
6982288000,6982288000,0.44171724,1.48821255e-05,0.40937465,1.5189502,0.012259022,1.5058537,1
6982392000,6982392000,0.4406471,1.4011056e-05,0.3976727,1.445375,0.012157058,1.432953,1
6982496000,6982496000,0.4395181,1.3204018e-05,0.15824944,1.3735814,0.0020257575,1.3620635,1
6982592000,6982592000,0.43862876,1.2507559e-05,0.29633516,1.3111701,0.007441574,1.3000803,1
6982696000,6982696000,0.43768635,1.1801215e-05,0.43330437,1.2473273,0.016724886,1.2367194,1
6982792000,6982792000,0.4368089,1.1189726e-05,0.26510534,1.1894473,0.0065652193,1.1794876,1
6982888000,6982888000,0.43600264,1.0614209e-05,0.51860094,1.1368372,0.02628608,1.127389,1
6982992000,6982992000,0.43511996,1.0026582e-05,0.30410728,1.0798519,0.009515835,1.0708197,1
6983088000,6983088000,0.43427283,9.516938e-06,0.40671718,1.0319837,0.017810237,1.0233972,1
6983192000,6983192000,0.43345058,8.99894e-06,0.72967625,1.0043242,0.05890389,1.0,1
6983296000,6983296000,0.43279785,8.533046e-06,0.21913365,1.0040567,0.0053139487,1.0,1
6983392000,6983392000,0.43244132,8.140121e-06,0.36836618,1.0039638,0.015017545,1.0,1
6983496000,6983496000,0.431701,7.754412e-06,0.29906166,1.0037227,0.009900684,1.0,1
6983592000,6983592000,0.43129975,7.427553e-06,0.24519639,1.0036414,0.0066559045,1.0,1
6983696000,6983696000,0.43080693,7.104311e-06,0.25645086,1.0034423,0.007282381,1.0,1
6983792000,6983792000,0.43049118,6.828848e-06,0.16091645,1.0033809,0.0028674281,1.0,1
6983896000,6983896000,0.43014836,6.5533523e-06,0.15278718,1.0032151,0.0025854567,1.0,1
6983992000,6983992000,0.4297986,6.3171474e-06,0.10250491,1.0031549,0.0011638013,1.0,1
6984088000,6984088000,0.42949536,6.0973475e-06,-0.04784614,1.0030276,0.00025359367,1.0,1
6984192000,6984192000,0.42923388,5.87576e-06,0.0738915,1.0029554,0.0006048738,1.0,1
6984296000,6984296000,0.4290581,5.6698755e-06,0.23882374,1.0028318,0.0063195247,1.0,1
6984392000,6984392000,0.4288407,5.4916645e-06,0.11433099,1.0027866,0.0014483613,1.0,1
6984496000,6984496000,0.4286021,5.3112635e-06,0.296563,1.002667,0.009746187,1.0,1
6984592000,6984592000,0.42845812,5.15454e-06,0.01168219,1.0026385,1.51238255e-05,1.0,1
6984688000,6984688000,0.42830256,5.006906e-06,0.07289412,1.0025446,0.0005888962,1.0,1
6984792000,6984792000,0.42813176,4.855548e-06,0.69288194,1.0025039,0.053209588,1.0,1
6984888000,6984888000,0.42799702,4.7243034e-06,0.20736271,1.0024042,0.0047662403,1.0,1
6984992000,6984992000,0.4279309,4.5906054e-06,0.15338072,1.002365,0.0026077933,1.0,1
6985088000,6985088000,0.42783162,4.4739363e-06,0.0678351,1.0022862,0.00051012274,1.0,1
6985192000,6985192000,0.42778966,4.3539e-06,0.12058662,1.0022565,0.0016120438,1.0,1
6985288000,6985288000,0.42772347,4.2495753e-06,0.04373759,1.0021863,0.0002120893,1.0,1
6985392000,6985392000,0.42770973,4.141495e-06,0.04747637,1.0021611,0.00024990502,1.0,1
6985488000,6985488000,0.42763454,4.047364e-06,0.008355983,1.0020899,7.741871e-06,1.0,1
6985592000,6985592000,0.42754105,3.950167e-06,0.04955588,1.0020556,0.00027230525,1.0,1
6985688000,6985688000,0.42753825,3.8651883e-06,-0.1606017,1.0019966,0.0028601678,1.0,1
6985792000,6985792000,0.42753935,3.77719e-06,-0.013685273,1.0019804,2.0768503e-05,1.0,1
6985888000,6985888000,0.42756152,3.6995755e-06,0.06787181,1.0019337,0.00051085465,1.0,1
6985992000,6985992000,0.4274851,3.6191316e-06,-0.02025442,1.0019089,4.5495544e-05,1.0,1
6986088000,6986088000,0.4274728,3.5482387e-06,0.042561058,1.0018581,0.00020089824,1.0,1
6986192000,6986192000,0.42744735,3.4747789e-06,-0.05869866,1.0018394,0.00038213408,1.0,1
6986288000,6986288000,0.42744172,3.4099833e-06,0.016153479,1.0017853,2.8941096e-05,1.0,1
6986392000,6986392000,0.42741355,3.3429512e-06,-0.16587378,1.00176,0.0030517522,1.0,1
6986488000,6986488000,0.42742845,3.2837927e-06,0.029980283,1.0017171,9.969741e-05,1.0,1
6986592000,6986592000,0.42746714,3.2225023e-06,0.054090887,1.0017116,0.0003245361,1.0,1
6986688000,6986688000,0.42744422,3.168059e-06,-0.07553563,1.0016602,0.0006329083,1.0,1
6986792000,6986792000,0.42745584,3.1114082e-06,0.04446485,1.001646,0.0002193193,1.0,1
6986888000,6986888000,0.4274404,3.0614262e-06,0.04100593,1.0015974,0.00018653386,1.0,1
6986992000,6986992000,0.4274455,3.00956e-06,-0.071153864,1.0015821,0.00056165276,1.0,1
6987096000,6987096000,0.42744738,2.9598095e-06,-0.11823312,1.0015343,0.0015508506,1.0,1
6987192000,6987192000,0.4274618,2.915395e-06,-0.0656152,1.0015377,0.00047763827,1.0,1
6987288000,6987288000,0.42749342,2.872681e-06,0.11459112,1.0015036,0.0014568233,1.0,1
6987392000,6987392000,0.42748988,2.828066e-06,-0.027641794,1.0014927,8.476999e-05,1.0,1
6987488000,6987488000,0.4274947,2.7883843e-06,0.08017528,1.0014576,0.0007131911,1.0,1
6987592000,6987592000,0.42749703,2.746975e-06,-0.07787367,1.0014489,0.0006728372,1.0,1
6987688000,6987688000,0.4275115,2.7101903e-06,-0.12694314,1.0014141,0.0017879785,1.0,1
6987792000,6987792000,0.42751583,2.6717873e-06,0.35152906,1.0014114,0.013710946,1.0,1
6987888000,6987888000,0.4275544,2.6373837e-06,0.03982641,1.00138,0.00017599524,1.0,1
6987992000,6987992000,0.42755455,2.6015357e-06,0.007810835,1.0013764,6.7694764e-06,1.0,1
6988088000,6988088000,0.4275709,2.569454e-06,-0.0856014,1.001348,0.00081308157,1.0,1
6988192000,6988192000,0.42760107,2.5357601e-06,0.11218302,1.0013496,0.0013964521,1.0,1
6988296000,6988296000,0.42763168,2.503076e-06,-0.029842496,1.001314,9.8822864e-05,1.0,1
6988392000,6988392000,0.4276313,2.4738845e-06,-0.07278158,1.0013154,0.00058779994,1.0,1
6988496000,6988496000,0.4276133,2.4432836e-06,0.5668011,1.001283,0.0356502,1.0,1
6988592000,6988592000,0.42762288,2.4159026e-06,0.05284295,1.0012867,0.00030986543,1.0,1
6988688000,6988688000,0.42764738,2.389389e-06,-0.7187507,1.0012556,0.057328302,1.0,1
6988792000,6988792000,0.4276231,2.3615926e-06,-0.07495884,1.0012547,0.0006235318,1.0,1
6988888000,6988888000,0.42763427,2.336711e-06,0.07927046,1.0012301,0.0006973428,1.0,1
6988992000,6988992000,0.4276485,2.3106304e-06,-0.055728406,1.0012283,0.00034464948,1.0,1
6989088000,6989088000,0.4276699,2.2871939e-06,0.012070451,1.0012041,1.616895e-05,1.0,1
6989192000,6989192000,0.42767152,2.262642e-06,-0.04598054,1.0012015,0.00023463031,1.0,1
6989288000,6989288000,0.42767078,2.2406152e-06,-0.088684194,1.0011761,0.00087284966,1.0,1
6989392000,6989392000,0.4277134,2.2175009e-06,-0.7632647,1.0011754,0.06465434,1.0,1
6989488000,6989488000,0.42770112,2.1966953e-06,-0.052430954,1.0011548,0.00030509266,1.0,1
6989592000,6989592000,0.42772117,2.1748695e-06,0.007028125,1.0011557,5.481947e-06,1.0,1
6989688000,6989688000,0.4277178,2.15526e-06,-0.03782031,1.0011334,0.00015875073,1.0,1
6989792000,6989792000,0.4277382,2.1345445e-06,-0.016220383,1.0011376,2.9200208e-05,1.0,1
6989888000,6989888000,0.42776087,2.1159133e-06,-0.055445887,1.0011172,0.00034120172,1.0,1
6989992000,6989992000,0.42775124,2.0962918e-06,-0.009704094,1.0011163,1.0451606e-05,1.0,1
6990088000,6990088000,0.42774785,2.078689e-06,-0.25019735,1.0010931,0.0069478177,1.0,1
6990192000,6990192000,0.4277661,2.0603077e-06,-0.10133292,1.0010949,0.0011396811,1.0,1
6990288000,6990288000,0.42782268,2.0436898e-06,-0.06456369,1.0010846,0.0004626616,1.0,1
6990392000,6990392000,0.42782253,2.0260827e-06,0.05363819,1.0010612,0.00031933395,1.0,1
6990488000,6990488000,0.4278361,2.010159e-06,0.06856829,1.001069,0.0005218433,1.0,1
6990592000,6990592000,0.4278407,1.9934625e-06,0.031513445,1.0010444,0.00011022901,1.0,1
6990688000,6990688000,0.42783162,1.9783843e-06,0.020803463,1.001048,4.8036774e-05,1.0,1
6990792000,6990792000,0.42783046,1.9626075e-06,-0.1569942,1.0010242,0.002735773,1.0,1
6990888000,6990888000,0.4278612,1.948334e-06,-0.034421537,1.0010324,0.00013151337,1.0,1
6990992000,6990992000,0.4278738,1.9332658e-06,0.16712525,1.0010129,0.0031002874,1.0,1
6991096000,6991096000,0.4278682,1.9185256e-06,-0.052679706,1.00101,0.00030803907,1.0,1
6991192000,6991192000,0.42786402,1.9052948e-06,0.047201753,1.0010165,0.0002473048,1.0,1
6991296000,6991296000,0.4278679,1.8914013e-06,0.01834944,1.0009907,3.7374302e-05,1.0,1
6991392000,6991392000,0.42787683,1.8789674e-06,-0.051137377,1.0009984,0.00029026924,1.0,1
6991488000,6991488000,0.42786843,1.8667947e-06,0.49070176,1.0009797,0.026728064,1.0,1
6991592000,6991592000,0.4279049,1.8539995e-06,-0.03938384,1.0009812,0.00017217404,1.0,1
6991696000,6991696000,0.4279383,1.8415293e-06,0.017522687,1.0009631,3.4083238e-05,1.0,1
6991792000,6991792000,0.427948,1.8303226e-06,0.1337053,1.0009499,0.0019844603,1.0,1
6991896000,6991896000,0.42796844,1.8184263e-06,-0.0687539,1.0009527,0.0005247333,1.0,1
6991992000,6991992000,0.4279912,1.8077322e-06,0.008479338,1.0009404,7.981291e-06,1.0,1
6992088000,6992088000,0.42800555,1.7971668e-06,0.055115707,1.0009496,0.00033720658,1.0,1
6992192000,6992192000,0.42799583,1.7860368e-06,0.5531193,1.0009319,0.03396179,1.0,1
6992296000,6992296000,0.42801026,1.7750998e-06,-0.052047525,1.0009336,0.0003007131,1.0,1
6992392000,6992392000,0.42802322,1.7652748e-06,0.24407175,1.0009227,0.0066129,1.0,1
6992488000,6992488000,0.4280041,1.7556414e-06,-0.028644726,1.0009263,9.108456e-05,1.0,1
6992592000,6992592000,0.42803445,1.7455006e-06,0.054572273,1.000912,0.0003306022,1.0,1
6992688000,6992688000,0.42802283,1.7363197e-06,-0.039040007,1.0009147,0.00016919214,1.0,1
6992792000,6992792000,0.42802843,1.7266962e-06,0.05762902,1.0008966,0.00036868098,1.0,1
6992888000,6992888000,0.42804664,1.7179838e-06,-0.09286899,1.0009042,0.0009574287,1.0,1
6992992000,6992992000,0.42805728,1.7087932e-06,0.044993173,1.0008875,0.00022473227,1.0,1
6993088000,6993088000,0.4280983,1.7004335e-06,-0.7439961,1.0008947,0.061448377,1.0,1
6993192000,6993192000,0.42806876,1.6916458e-06,0.07513025,1.0008771,0.000626623,1.0,1
6993288000,6993288000,0.42808068,1.6836867e-06,0.121103644,1.0008874,0.0016281211,1.0,1
6993392000,6993392000,0.42807585,1.6752924e-06,0.002001375,1.0008698,4.4466898e-07,1.0,1
6993496000,6993496000,0.42807698,1.6670178e-06,-0.06191031,1.0008743,0.00042550426,1.0,1
6993592000,6993592000,0.42808747,1.6595595e-06,0.07063453,1.0008646,0.0005538807,1.0,1
6993688000,6993688000,0.42807952,1.6521957e-06,0.042203046,1.0008723,0.0001977272,1.0,1
6993792000,6993792000,0.42808327,1.6444566e-06,-0.60267866,1.0008539,0.040323522,1.0,1
6993888000,6993888000,0.42807123,1.6374182e-06,-0.08251621,1.0008639,0.0007558941,1.0,1
6993992000,6993992000,0.42809507,1.6299599e-06,0.13890031,1.0008531,0.0021418724,1.0,1
6994096000,6994096000,0.4281104,1.6225956e-06,-0.08895953,1.0008556,0.00087855925,1.0,1
6994192000,6994192000,0.4281055,1.615989e-06,0.10274415,1.0008432,0.0011719407,1.0,1
6994296000,6994296000,0.42812952,1.60895e-06,0.041901365,1.000849,0.00019491502,1.0,1
6994392000,6994392000,0.42812404,1.6026189e-06,0.08038238,1.0008365,0.00071732514,1.0,1
6994488000,6994488000,0.42811745,1.5964233e-06,-0.17856847,1.0008419,0.003539986,1.0,1
6994592000,6994592000,0.42812306,1.5899647e-06,0.018102374,1.0008248,3.6380654e-05,1.0,1
6994696000,6994696000,0.42814222,1.5836562e-06,-0.0035192124,1.0008307,1.374953e-06,1.0,1
6994792000,6994792000,0.42817494,1.5779498e-06,-0.103095785,1.000823,0.0011800001,1.0,1
6994888000,6994888000,0.42820808,1.5722535e-06,-0.043238573,1.0008367,0.0002075568,1.0,1
6994992000,6994992000,0.42825532,1.5660914e-06,-0.27220988,1.0008453,0.008226182,1.0,1
6995088000,6995088000,0.42827773,1.5604107e-06,-0.076790385,1.0008342,0.0006546498,1.0,1
6995192000,6995192000,0.42834193,1.5543288e-06,-0.43769053,1.0008429,0.02126796,1.0,1
6995288000,6995288000,0.4284527,1.548729e-06,-0.37793833,1.0008392,0.015857512,1.0,1
6995392000,6995392000,0.42859128,1.5427023e-06,-0.11671946,1.0008345,0.0015124527,1.0,1
6995488000,6995488000,0.42873427,1.5371179e-06,-0.46904227,1.0008383,0.024424043,1.0,1
6995592000,6995592000,0.42891657,1.5312627e-06,-0.34954992,1.0008343,0.013564809,1.0,1
6995688000,6995688000,0.4291191,1.5260746e-06,-0.51322794,1.0008212,0.029242976,1.0,1
6995792000,6995792000,0.42936426,1.5206903e-06,-0.52540463,1.0008134,0.030647298,1.0,1
6995896000,6995896000,0.42964914,1.5155017e-06,-0.6410412,1.0008075,0.045622475,1.0,1
6995992000,6995992000,0.4299006,1.5108287e-06,-0.5737792,1.0008036,0.036550913,1.0,1
6996096000,6996096000,0.43017563,1.5058787e-06,-0.61790323,1.0008024,0.0423887,1.0,1
6996192000,6996192000,0.4304018,1.5013742e-06,-0.54066044,1.0008004,0.03245333,1.0,1
6996288000,6996288000,0.43063956,1.4969194e-06,-0.5892969,1.0008017,0.038554735,1.0,1
6996392000,6996392000,0.43085322,1.4921427e-06,-0.46970865,1.0007993,0.024494447,1.0,1
6996488000,6996488000,0.4310344,1.4878392e-06,-0.6831599,1.0007942,0.05181523,1.0,1
6996592000,6996592000,0.43124267,1.4832999e-06,-0.52274746,1.0007918,0.030338747,1.0,1
6996688000,6996688000,0.43142965,1.4791934e-06,-0.25846943,1.0007905,0.007417076,1.0,1
6996792000,6996792000,0.4315919,1.4748432e-06,-0.37217557,1.000787,0.015378415,1.0,1
6996888000,6996888000,0.43174157,1.4708993e-06,-0.26012447,1.0007867,0.007512395,1.0,1
6996992000,6996992000,0.43188298,1.4667064e-06,-0.3222164,1.0007837,0.011526899,1.0,1
6997088000,6997088000,0.4320097,1.4628965e-06,-0.2728698,1.0007823,0.008266637,1.0,1
6997192000,6997192000,0.43214428,1.4588559e-06,-0.37296814,1.0007803,0.015444085,1.0,1
6997288000,6997288000,0.43226594,1.4551689e-06,-0.3066376,1.0007793,0.010439266,1.0,1
6997392000,6997392000,0.4324137,1.4512457e-06,-0.85028553,1.000777,0.08026935,1.0,1
6997488000,6997488000,0.4325134,1.4476852e-06,-0.33876175,1.0007752,0.01274118,1.0,1
6997592000,6997592000,0.4326337,1.4439125e-06,-0.12379575,1.0007741,0.0017015035,1.0,1
6997688000,6997688000,0.43274084,1.4405032e-06,-0.3307758,1.000772,0.01214758,1.0,1
6997792000,6997792000,0.4328591,1.4368451e-06,-0.22199015,1.0007712,0.0054712947,1.0,1
6997888000,6997888000,0.4329563,1.4335574e-06,-0.20500202,1.0007681,0.004665953,1.0,1
6997992000,6997992000,0.4330596,1.4300758e-06,-0.24794286,1.0007648,0.006825409,1.0,1
6998088000,6998088000,0.43312117,1.4272878e-06,-0.060248695,1.0007157,0.00040303436,1.0,1
6998192000,6998192000,0.43327874,1.4245962e-06,-0.4180209,1.0007367,0.019401427,1.0,1
6998288000,6998288000,0.4334233,1.4218159e-06,-0.272838,1.0007527,0.008264953,1.0,1
6998392000,6998392000,0.43354794,1.4186261e-06,-0.29640904,1.0007602,0.0097546205,1.0,1
6998496000,6998496000,0.43365318,1.4153668e-06,-0.20742944,1.0007625,0.004777132,1.0,1
6998592000,6998592000,0.43372732,1.4123962e-06,0.32651615,1.0007622,0.011836844,1.0,1
6998696000,6998696000,0.43383518,1.4092109e-06,-0.34238192,1.0007603,0.013015146,1.0,1
6998792000,6998792000,0.4339349,1.4063139e-06,-0.070345834,1.0007619,0.0005494188,1.0,1
6998888000,6998888000,0.43400124,1.4034927e-06,-0.20285803,1.0007559,0.004568922,1.0,1
6998992000,6998992000,0.43409857,1.4005127e-06,-0.10490316,1.0007547,0.0012218194,1.0,1
6999088000,6999088000,0.43418452,1.3978309e-06,-0.24703757,1.0007519,0.0067757466,1.0,1
6999192000,6999192000,0.43427795,1.3949726e-06,-0.20415321,1.0007495,0.0046274797,1.0,1
6999288000,6999288000,0.43436113,1.3924148e-06,-0.45191902,1.0007464,0.022675386,1.0,1
6999392000,6999392000,0.43444973,1.3897306e-06,-0.28045288,1.0007424,0.00873283,1.0,1
6999488000,6999488000,0.4345471,1.3872963e-06,-0.06312078,1.0007452,0.00044236297,1.0,1
6999592000,6999592000,0.43463567,1.3846962e-06,-0.26006356,1.0007429,0.007509205,1.0,1
6999688000,6999688000,0.43471086,1.3823285e-06,-0.12784308,1.0007412,0.0018146387,1.0,1
6999792000,6999792000,0.4348038,1.3798243e-06,-0.16209877,1.0007393,0.0029173996,1.0,1
6999896000,6999896000,0.43487453,1.3774034e-06,-0.21794294,1.0007348,0.0052738055,1.0,1
6999992000,6999992000,0.43496343,1.3752295e-06,-0.06555304,1.0007341,0.00047711653,1.0,1
7000088000,7000088000,0.43502468,1.3731081e-06,-0.25388807,1.0007306,0.007156899,1.0,1
7000192000,7000192000,0.43510965,1.3708702e-06,-0.10315384,1.000729,0.0011814404,1.0,1
7000288000,7000288000,0.43519545,1.3688659e-06,-0.25736228,1.0007278,0.0073541305,1.0,1
7000392000,7000392000,0.4352711,1.36673e-06,-0.1739029,1.0007247,0.003357813,1.0,1
7000488000,7000488000,0.4353463,1.3648073e-06,0.12725943,1.000726,0.0017981351,1.0,1
7000592000,7000592000,0.43543747,1.3627258e-06,-0.2629314,1.0007241,0.0076758782,1.0,1
7000688000,7000688000,0.4355246,1.360845e-06,0.015770137,1.000726,2.7612981e-05,1.0,1
7000792000,7000792000,0.43558773,1.3588664e-06,-0.15170825,1.0007205,0.0025554243,1.0,1
7000888000,7000888000,0.43566498,1.3570916e-06,-0.18878809,1.0007195,0.003957257,1.0,1
7000992000,7000992000,0.43573812,1.3552271e-06,-0.25972444,1.0007166,0.007489831,1.0,1
7001096000,7001096000,0.4358141,1.3533926e-06,-0.15500228,1.0007162,0.0026676124,1.0,1
7001192000,7001192000,0.4358745,1.351731e-06,-0.3642531,1.000713,0.014731755,1.0,1
7001288000,7001288000,0.43594852,1.3501036e-06,-0.18136705,1.0007133,0.0036522844,1.0,1
7001392000,7001392000,0.4360211,1.348397e-06,-0.11176553,1.0007117,0.0013869612,1.0,1
7001488000,7001488000,0.4360886,1.3468807e-06,-0.26784045,1.0007085,0.007965302,1.0,1
7001592000,7001592000,0.43616533,1.3452684e-06,-0.16312121,1.0007071,0.0029544139,1.0,1
7001696000,7001696000,0.43624523,1.3437068e-06,-0.24490285,1.0007067,0.00665945,1.0,1
7001792000,7001792000,0.43630552,1.3422834e-06,-0.21562648,1.0007044,0.00516245,1.0,1
7001888000,7001888000,0.4363995,1.340883e-06,-0.91719675,1.0007042,0.09340644,1.0,1
7001992000,7001992000,0.4364545,1.339394e-06,-0.2727843,1.0007031,0.00826211,1.0,1
7002088000,7002088000,0.43652678,1.3380413e-06,-0.10198013,1.0007051,0.0011547353,1.0,1
7002192000,7002192000,0.43658453,1.3365989e-06,-0.1345832,1.0007027,0.0020111022,1.0,1
7002296000,7002296000,0.4366434,1.3351968e-06,-0.16089126,1.0007005,0.002874209,1.0,1
7002392000,7002392000,0.43670422,1.3339483e-06,-0.19592914,1.0006987,0.0042623803,1.0,1
7002496000,7002496000,0.43677092,1.3326309e-06,-0.20926997,1.0006981,0.0048625967,1.0,1
7002592000,7002592000,0.4368453,1.33143e-06,-0.73252577,1.0006969,0.059580028,1.0,1
7002696000,7002696000,0.4368939,1.3301611e-06,-0.23055387,1.000695,0.0059020184,1.0,1
7002792000,7002792000,0.43696856,1.3290241e-06,-0.0908161,1.0006958,0.00091575884,1.0,1
7002888000,7002888000,0.43702826,1.327901e-06,-0.16722804,1.0006955,0.003105087,1.0,1
7002992000,7002992000,0.43708852,1.3266887e-06,-0.13825157,1.0006936,0.0021222502,1.0,1
7003088000,7003088000,0.4371486,1.3256132e-06,-0.21545368,1.0006937,0.005154235,1.0,1
7003192000,7003192000,0.43721363,1.3244373e-06,-0.14190246,1.0006934,0.0022358173,1.0,1
7003288000,7003288000,0.43729573,1.3233667e-06,-0.95525855,1.000693,0.10132077,1.0,1
7003392000,7003392000,0.43733734,1.3222186e-06,-0.17302936,1.0006924,0.0033242716,1.0,1
7003496000,7003496000,0.43740052,1.3211172e-06,-0.03423333,1.0006908,0.00013012356,1.0,1
7003592000,7003592000,0.43745106,1.3201636e-06,-0.111026205,1.0006871,0.001368706,1.0,1
7003688000,7003688000,0.43750387,1.3192503e-06,-0.14859246,1.0006855,0.0024516217,1.0,1
7003792000,7003792000,0.43755245,1.3182885e-06,0.39566517,1.0006847,0.017382646,1.0,1
7003888000,7003888000,0.43762335,1.31742e-06,-0.12287036,1.0006839,0.0016763121,1.0,1
7003992000,7003992000,0.43769866,1.3164989e-06,-0.11156444,1.0006852,0.0013820115,1.0,1
7004088000,7004088000,0.43774453,1.315668e-06,-0.19353828,1.0006819,0.00415906,1.0,1
7004192000,7004192000,0.43779957,1.3147987e-06,0.012159944,1.0006806,1.6418184e-05,1.0,1
7004288000,7004288000,0.43785134,1.3140351e-06,-0.17820385,1.0006801,0.0035261146,1.0,1
7004392000,7004392000,0.43789402,1.3132167e-06,-0.15748444,1.0006778,0.002753839,1.0,1
7004488000,7004488000,0.43795294,1.3124768e-06,-0.41396743,1.0006787,0.01902809,1.0,1
7004592000,7004592000,0.4380156,1.3116681e-06,-0.13384506,1.0006783,0.001989151,1.0,1
7004688000,7004688000,0.43806744,1.3109599e-06,-0.08449099,1.0006784,0.00079265423,1.0,1
7004792000,7004792000,0.4381154,1.310217e-06,-0.1428417,1.0006765,0.0022655507,1.0,1
7004888000,7004888000,0.43816134,1.3095421e-06,-0.058642857,1.0006754,0.0003818515,1.0,1
7004992000,7004992000,0.43822095,1.3088494e-06,-0.17846635,1.0006742,0.0035365308,1.0,1
7005096000,7005096000,0.43827382,1.3081609e-06,-0.09364112,1.0006747,0.00097363844,1.0,1
7005192000,7005192000,0.4383363,1.3075279e-06,-0.08891295,1.0006753,0.0008777974,1.0,1
7005296000,7005296000,0.43837732,1.3068461e-06,-0.21821971,1.0006738,0.0052875313,1.0,1
7005392000,7005392000,0.43841627,1.3062352e-06,0.012644142,1.0006728,1.7751869e-05,1.0,1
7005496000,7005496000,0.43846467,1.3056226e-06,-0.15124117,1.0006715,0.002539838,1.0,1
7005592000,7005592000,0.43850735,1.3050584e-06,-0.11936601,1.0006706,0.0015820776,1.0,1
7005688000,7005688000,0.43854505,1.3045126e-06,0.2725586,1.000671,0.008248708,1.0,1
7005792000,7005792000,0.43860045,1.3039223e-06,-0.15932503,1.0006698,0.0028186084,1.0,1
7005888000,7005888000,0.43866804,1.3033797e-06,-0.064540304,1.0006738,0.0004625163,1.0,1
7005992000,7005992000,0.43869567,1.3027918e-06,-0.12803227,1.00067,0.001820143,1.0,1
7006096000,7006096000,0.43873814,1.3022322e-06,-0.07958423,1.0006698,0.00070326787,1.0,1
7006192000,7006192000,0.43878627,1.3017203e-06,-0.14919004,1.0006702,0.0024714177,1.0,1
7006296000,7006296000,0.43882436,1.3011677e-06,-0.12707546,1.0006697,0.0017930408,1.0,1
7006392000,7006392000,0.43887493,1.3006655e-06,-0.7087976,1.0006688,0.05578425,1.0,1
7006488000,7006488000,0.438904,1.3001707e-06,-0.14246516,1.0006686,0.00225364,1.0,1
7006592000,7006592000,0.4389493,1.2996588e-06,-0.0026407242,1.0006684,7.7430735e-07,1.0,1
7006688000,7006688000,0.4389773,1.299227e-06,-0.053112186,1.0006651,0.00031322552,1.0,1
7006792000,7006792000,0.43901503,1.2987932e-06,-0.08313747,1.0006627,0.0007674734,1.0,1
7006896000,7006896000,0.43906146,1.2983805e-06,-0.38752556,1.0006634,0.016675167,1.0,1
7006992000,7006992000,0.43911228,1.2979833e-06,-0.16514829,1.0006641,0.0030284284,1.0,1
7007088000,7007088000,0.43917447,1.2975771e-06,0.01698324,1.0006684,3.2026423e-05,1.0,1
7007192000,7007192000,0.43920776,1.2971192e-06,-0.14843339,1.0006659,0.0024464233,1.0,1
7007288000,7007288000,0.43923894,1.2967168e-06,-0.077032134,1.0006653,0.00065888936,1.0,1
7007392000,7007392000,0.4392891,1.2962935e-06,-0.19442719,1.0006652,0.0041974224,1.0,1
7007488000,7007488000,0.43932542,1.2958873e-06,-0.07737439,1.0006664,0.0006647566,1.0,1
7007592000,7007592000,0.4393731,1.2954455e-06,-0.76792574,1.0006651,0.06547978,1.0,1
7007688000,7007688000,0.4393858,1.2950484e-06,-0.008110568,1.0006655,7.304174e-06,1.0,1
7007792000,7007792000,0.43942368,1.2946368e-06,0.015073106,1.0006653,2.5227495e-05,1.0,1
7007888000,7007888000,0.43944964,1.2942937e-06,-0.039569758,1.0006623,0.00017385882,1.0,1
7007992000,7007992000,0.43948814,1.2939461e-06,-0.013167933,1.0006609,1.9253326e-05,1.0,1
7008088000,7008088000,0.4395306,1.2936345e-06,-0.13744852,1.0006622,0.0020977329,1.0,1
7008192000,7008192000,0.4395617,1.293288e-06,-0.123602666,1.0006607,0.0016963925,1.0,1
7008288000,7008288000,0.43961492,1.2929825e-06,0.026889667,1.0006628,8.028614e-05,1.0,1
7008392000,7008392000,0.43964002,1.2926437e-06,-0.08491428,1.0006611,0.0008006302,1.0,1
7008488000,7008488000,0.43968073,1.2923252e-06,-0.027201533,1.0006634,8.2159204e-05,1.0,1
7008592000,7008592000,0.4397098,1.2919866e-06,-0.07631427,1.0006616,0.00064666854,1.0,1
7008688000,7008688000,0.43973914,1.291687e-06,-0.12564111,1.0006616,0.0017528057,1.0,1
7008792000,7008792000,0.43977487,1.2913496e-06,-0.29055932,1.0006607,0.009374331,1.0,1
7008888000,7008888000,0.4397994,1.2910532e-06,-0.12066687,1.0006602,0.0016167653,1.0,1
7008992000,7008992000,0.43984112,1.2907509e-06,0.04184854,1.0006613,0.00019446034,1.0,1
7009088000,7009088000,0.4398734,1.2904981e-06,-0.101134755,1.0006592,0.0011357224,1.0,1
7009192000,7009192000,0.4399057,1.2902291e-06,-0.029751822,1.0006579,9.828766e-05,1.0,1
7009296000,7009296000,0.43994844,1.2899981e-06,-0.14416756,1.0006564,0.0023078502,1.0,1
7009392000,7009392000,0.43997946,1.2898116e-06,-0.19003978,1.0006537,0.0040101693,1.0,1
7009496000,7009496000,0.4400255,1.2896343e-06,0.02510532,1.0006547,6.998497e-05,1.0,1
7009592000,7009592000,0.4400481,1.2894697e-06,-0.09613752,1.0006533,0.0010262656,1.0,1
7009688000,7009688000,0.44008946,1.2893114e-06,-0.015438072,1.0006545,2.6464246e-05,1.0,1
7009792000,7009792000,0.44012383,1.2891502e-06,-0.10624683,1.0006528,0.0012534473,1.0,1
7009888000,7009888000,0.4401603,1.2889972e-06,-0.12330286,1.0006541,0.0016881842,1.0,1
7009992000,7009992000,0.44018927,1.2888067e-06,0.5087422,1.0006559,0.028738774,1.0,1
7010088000,7010088000,0.44023293,1.2886183e-06,-0.037612915,1.0006554,0.00015708942,1.0,1
7010192000,7010192000,0.4402722,1.2884332e-06,0.031172946,1.0006547,0.00010790187,1.0,1
7010288000,7010288000,0.44029278,1.2882799e-06,-0.12130904,1.0006533,0.0016340307,1.0,1
7010392000,7010392000,0.4403262,1.2881295e-06,0.05249854,1.0006524,0.00030603333,1.0,1
7010488000,7010488000,0.44036314,1.2880269e-06,-0.16672745,1.0006503,0.0030866642,1.0,1
7010592000,7010592000,0.44040284,1.2879276e-06,-0.0802902,1.0006491,0.00071581494,1.0,1
7010688000,7010688000,0.44043082,1.2878374e-06,0.41578814,1.0006509,0.01919637,1.0,1
7010792000,7010792000,0.44047058,1.287725e-06,-0.03305374,1.0006497,0.00012131561,1.0,1
7010888000,7010888000,0.4405154,1.2876403e-06,0.03208676,1.0006517,0.00011432107,1.0,1
7010992000,7010992000,0.44053987,1.2875474e-06,-0.06333339,1.0006492,0.0004453907,1.0,1
7011088000,7011088000,0.44057116,1.2874685e-06,-0.056831725,1.0006497,0.00035863864,1.0,1
7011192000,7011192000,0.44060573,1.2873808e-06,-0.10545626,1.0006499,0.0012348667,1.0,1
7011288000,7011288000,0.4406362,1.2872729e-06,-0.070925966,1.0006523,0.0005585793,1.0,1
7011392000,7011392000,0.44067976,1.2871321e-06,-0.8197617,1.0006517,0.07461906,1.0,1
7011488000,7011488000,0.44067773,1.2870111e-06,-0.0031598732,1.0006517,1.1086995e-06,1.0,1
7011592000,7011592000,0.44070876,1.2868926e-06,0.05601754,1.0006527,0.00034843534,1.0,1
7011688000,7011688000,0.44073707,1.2867844e-06,-0.11427839,1.0006523,0.0014501152,1.0,1
7011792000,7011792000,0.44076827,1.2866399e-06,0.038048685,1.000653,0.00016075085,1.0,1
7011896000,7011896000,0.44077665,1.2865262e-06,0.5167665,1.0006506,0.029652664,1.0,1
7011992000,7011992000,0.44081324,1.2864497e-06,0.045519188,1.0006485,0.00023007262,1.0,1
7012088000,7012088000,0.4408551,1.2864009e-06,-0.58320713,1.0006477,0.037767824,1.0,1
7012192000,7012192000,0.44086066,1.2863572e-06,-0.11080286,1.0006458,0.0013632611,1.0,1
7012296000,7012296000,0.44089383,1.2863311e-06,0.011085376,1.0006466,1.3645129e-05,1.0,1
7012392000,7012392000,0.44092932,1.2863071e-06,-0.14987771,1.0006465,0.0024943128,1.0,1
7012488000,7012488000,0.44094983,1.2862805e-06,-0.05060807,1.0006465,0.00028439134,1.0,1
7012592000,7012592000,0.4409854,1.2862383e-06,-0.3667263,1.0006473,0.014933464,1.0,1
7012688000,7012688000,0.44101095,1.2861921e-06,-0.14143568,1.000647,0.0022212355,1.0,1
7012792000,7012792000,0.44104275,1.2861531e-06,0.018204167,1.0006487,3.679743e-05,1.0,1
7012896000,7012896000,0.44105965,1.2861243e-06,-0.12899345,1.0006459,0.0018476191,1.0,1
7012992000,7012992000,0.4410836,1.2861059e-06,0.007225834,1.0006453,5.797667e-06,1.0,1
7013096000,7013096000,0.4410896,1.2862299e-06,0.05075981,1.000623,0.00028610602,1.0,1
7013192000,7013192000,0.44114834,1.2864953e-06,-0.19885248,1.000633,0.0043908106,1.0,1
7013288000,7013288000,0.44120708,1.2865927e-06,-0.30768952,1.0006404,0.010512471,1.0,1
7013392000,7013392000,0.44125146,1.2865952e-06,-0.04512635,1.0006458,0.00022611924,1.0,1
7013488000,7013488000,0.44129613,1.2865443e-06,-0.020283245,1.0006508,4.5682496e-05,1.0,1
7013592000,7013592000,0.44132072,1.2864476e-06,-0.0571488,1.0006515,0.000362651,1.0,1
7013688000,7013688000,0.44133908,1.2863231e-06,0.069028795,1.0006531,0.00052909605,1.0,1
7013792000,7013792000,0.44134784,1.2861856e-06,0.4957232,1.0006539,0.027286764,1.0,1
7013888000,7013888000,0.44136262,1.2860569e-06,0.049356416,1.000652,0.0002704965,1.0,1
7013992000,7013992000,0.44138375,1.2859532e-06,0.017828867,1.0006524,3.5295692e-05,1.0,1
7014096000,7014096000,0.44138858,1.2858685e-06,-0.048165746,1.0006497,0.00025760368,1.0,1
7014192000,7014192000,0.44139588,1.2858037e-06,0.031175993,1.0006484,0.00010792364,1.0,1
7014288000,7014288000,0.44139236,1.2857879e-06,-0.034287527,1.0006452,0.00013054186,1.0,1
7014392000,7014392000,0.44136754,1.2858185e-06,0.0617665,1.0006405,0.00042362872,1.0,1
7014488000,7014488000,0.44133514,1.2859276e-06,-0.117767364,1.0006335,0.0015400414,1.0,1
7014592000,7014592000,0.4412842,1.2861482e-06,0.1518013,1.0006278,0.0025587978,1.0,1
7014688000,7014688000,0.4412145,1.2864562e-06,0.34224278,1.0006229,0.013006357,1.0,1
7014792000,7014792000,0.44109556,1.2869195e-06,0.43506438,1.0006129,0.021018341,1.0,1
7014888000,7014888000,0.44097194,1.2874768e-06,0.36484003,1.0006044,0.014780871,1.0,1
7014992000,7014992000,0.4408001,1.2882307e-06,0.3411157,1.0005927,0.012921222,1.0,1
7015096000,7015096000,0.44063053,1.2891336e-06,0.5560019,1.0005862,0.034328558,1.0,1
7015192000,7015192000,0.44045386,1.2900837e-06,0.60649127,1.0005789,0.040846538,1.0,1
7015296000,7015296000,0.4402383,1.2912467e-06,0.5487496,1.0005702,0.033439394,1.0,1
7015392000,7015392000,0.44003206,1.2924052e-06,0.6157254,1.0005642,0.04210044,1.0,1
7015488000,7015488000,0.43982017,1.2936353e-06,1.16663,1.0005612,0.15114024,1.0,1
7015592000,7015592000,0.43960807,1.2949971e-06,0.66825235,1.0005583,0.049590226,1.0,1
7015688000,7015688000,0.43939283,1.2963029e-06,0.8702097,1.0005544,0.08409392,1.0,1
7015792000,7015792000,0.43912348,1.2978018e-06,0.7309859,1.0005484,0.059338614,1.0,1
7015888000,7015888000,0.43890992,1.2992057e-06,0.8055413,1.0005496,0.07206004,1.0,1
7015992000,7015992000,0.43866536,1.3007186e-06,0.6357652,1.0005486,0.044886198,1.0,1
7016096000,7016096000,0.4384271,1.3021918e-06,0.7453714,1.0005515,0.061696924,1.0,1
7016192000,7016192000,0.43820295,1.3035101e-06,0.66496855,1.0005528,0.049104318,1.0,1
7016296000,7016296000,0.4379508,1.3049048e-06,0.7030346,1.0005542,0.054887097,1.0,1
7016392000,7016392000,0.4377281,1.306145e-06,0.46742085,1.0005571,0.024262289,1.0,1
7016488000,7016488000,0.43751717,1.3073272e-06,0.6248696,1.0005608,0.043360353,1.0,1
7016592000,7016592000,0.4372946,1.308536e-06,0.10014576,1.000564,0.0011137244,1.0,1
7016696000,7016696000,0.43702734,1.3097043e-06,0.66071975,1.0005646,0.04847825,1.0,1
7016792000,7016792000,0.43681732,1.3107575e-06,0.6884445,1.000569,0.052631807,1.0,1
7016888000,7016888000,0.4365942,1.3117597e-06,0.62731177,1.0005702,0.043699533,1.0,1
7016992000,7016992000,0.43636188,1.3127838e-06,0.7505541,1.0005738,0.06255648,1.0,1
7017088000,7017088000,0.43615657,1.3136852e-06,0.5547229,1.000576,0.03417115,1.0,1
7017192000,7017192000,0.4359426,1.314585e-06,0.71292204,1.0005801,0.056440353,1.0,1
7017288000,7017288000,0.4357391,1.3153742e-06,0.5323848,1.0005819,0.031474307,1.0,1
7017392000,7017392000,0.43552983,1.3161668e-06,0.5816458,1.0005854,0.037568208,1.0,1
7017488000,7017488000,0.43534082,1.3168418e-06,0.51753163,1.0005893,0.029742362,1.0,1
7017592000,7017592000,0.43512443,1.3175043e-06,0.7027915,1.000592,0.054847077,1.0,1
7017688000,7017688000,0.43492517,1.318099e-06,0.5506319,1.0005925,0.03366844,1.0,1
7017792000,7017792000,0.4347199,1.3186991e-06,0.5791942,1.000595,0.037251826,1.0,1
7017896000,7017896000,0.43452653,1.319255e-06,0.55544305,1.0005977,0.034259185,1.0,1
7017992000,7017992000,0.43434685,1.3197215e-06,0.56365174,1.0006001,0.035279196,1.0,1
7018088000,7018088000,0.43417424,1.3201535e-06,0.4849068,1.0006025,0.026110334,1.0,1
7018192000,7018192000,0.43398994,1.320557e-06,0.5455161,1.0006061,0.03304528,1.0,1
7018288000,7018288000,0.4338193,1.3208977e-06,0.4604636,1.0006075,0.023544224,1.0,1
7018392000,7018392000,0.43363366,1.3212295e-06,0.4802712,1.0006094,0.025613327,1.0,1
7018496000,7018496000,0.43347764,1.3215096e-06,0.40858084,1.0006136,0.018537328,1.0,1
7018592000,7018592000,0.4333187,1.3217124e-06,0.44026092,1.0006155,0.021523384,1.0,1
7018688000,7018688000,0.4331696,1.3218945e-06,0.3421317,1.000617,0.012997991,1.0,1
7018792000,7018792000,0.43301004,1.3220429e-06,0.41942316,1.0006201,0.019534087,1.0,1
7018896000,7018896000,0.4328393,1.322147e-06,0.20940349,1.000621,0.0048691784,1.0,1
7018992000,7018992000,0.4326942,1.322222e-06,0.48611358,1.0006227,0.026239928,1.0,1
7019088000,7019088000,0.43253413,1.3222777e-06,0.9040804,1.0006248,0.09076122,1.0,1
7019192000,7019192000,0.43237612,1.3223306e-06,0.3670995,1.0006244,0.0149642145,1.0,1
7019288000,7019288000,0.4322254,1.3223463e-06,0.9584882,1.0006276,0.102013715,1.0,1
7019392000,7019392000,0.43208998,1.3223239e-06,0.43754172,1.000629,0.021258047,1.0,1
7019488000,7019488000,0.43194914,1.3222804e-06,0.86979103,1.0006305,0.08400664,1.0,1
7019592000,7019592000,0.4318066,1.322243e-06,0.35457864,1.0006287,0.013960781,1.0,1
7019688000,7019688000,0.43168315,1.3221955e-06,0.078399986,1.0006312,0.00068252004,1.0,1
7019792000,7019792000,0.43153754,1.3221054e-06,0.3761699,1.000632,0.01571271,1.0,1
7019888000,7019888000,0.4314333,1.3220265e-06,-0.3544835,1.0006319,0.013953242,1.0,1
7019992000,7019992000,0.43131384,1.3218915e-06,0.22012538,1.0006372,0.005380481,1.0,1
7020088000,7020088000,0.4312517,1.3216907e-06,-0.34383613,1.0006424,0.013127486,1.0,1
7020192000,7020192000,0.4311835,1.3213428e-06,0.11753062,1.0006512,0.0015338286,1.0,1
7020288000,7020288000,0.4311422,1.3208996e-06,0.6273386,1.0006597,0.04369936,1.0,1
7020392000,7020392000,0.4311422,1.3202779e-06,-0.034010224,1.0006684,0.00012843584,1.0,1
7020496000,7020496000,0.43117046,1.3194872e-06,-0.108052164,1.0006793,0.0012963717,1.0,1
7020592000,7020592000,0.43121317,1.3185919e-06,-0.1365835,1.0006894,0.0020713557,1.0,1
7020688000,7020688000,0.43127275,1.3175716e-06,-0.21488771,1.0006975,0.0051271715,1.0,1
7020792000,7020792000,0.43133757,1.3163602e-06,-0.18227881,1.0007033,0.0036891347,1.0,1
7020888000,7020888000,0.43140516,1.3151549e-06,0.4013664,1.0007102,0.01788674,1.0,1
7020992000,7020992000,0.43151623,1.3137508e-06,-0.22993429,1.0007154,0.0058702203,1.0,1
7021096000,7021096000,0.43160114,1.3122987e-06,0.25961792,1.0007173,0.0074836845,1.0,1
7021192000,7021192000,0.4317151,1.3109504e-06,-0.23938301,1.0007187,0.006362563,1.0,1
7021296000,7021296000,0.4318227,1.3094922e-06,-0.2659652,1.0007191,0.007854072,1.0,1
7021392000,7021392000,0.43189976,1.3081622e-06,-0.19071136,1.000717,0.004038307,1.0,1
7021496000,7021496000,0.43199757,1.3067688e-06,-0.24355373,1.000716,0.0065862196,1.0,1
7021592000,7021592000,0.43207505,1.3055176e-06,-0.21119228,1.0007131,0.004952266,1.0,1
7021688000,7021688000,0.43214306,1.3043505e-06,-0.19655004,1.0007083,0.004289397,1.0,1
7021792000,7021792000,0.43222266,1.3031488e-06,-0.055552557,1.0007057,0.00034265668,1.0,1
7021896000,7021896000,0.43230417,1.3020325e-06,-0.2367693,1.0007015,0.006224489,1.0,1
7021992000,7021992000,0.43237922,1.3010447e-06,-0.13585766,1.0006994,0.0020493781,1.0,1
7022088000,7022088000,0.43247318,1.3000853e-06,-0.24078748,1.0006996,0.0064375633,1.0,1
7022192000,7022192000,0.4325516,1.2990619e-06,-0.26447892,1.0006977,0.0077667027,1.0,1
7022296000,7022296000,0.4326323,1.298062e-06,-0.42873225,1.0006964,0.02040927,1.0,1
7022392000,7022392000,0.43270567,1.2971403e-06,-0.19628349,1.0006975,0.0042778174,1.0,1
7022496000,7022496000,0.43279773,1.2961682e-06,-0.120163485,1.0006988,0.0016032422,1.0,1
7022592000,7022592000,0.4328681,1.295286e-06,-0.18638927,1.000697,0.0038574177,1.0,1
7022688000,7022688000,0.432954,1.2944096e-06,-0.17038861,1.0006977,0.0032235594,1.0,1
7022792000,7022792000,0.43302956,1.2934769e-06,-0.20143682,1.0006956,0.0045053987,1.0,1
7022888000,7022888000,0.4331065,1.2926325e-06,-0.18366346,1.0006964,0.003745421,1.0,1
7022992000,7022992000,0.4331872,1.2917005e-06,-0.36921227,1.0006967,0.0151358675,1.0,1
7023088000,7023088000,0.4332372,1.2911385e-06,-0.2368339,1.0006689,0.0062280893,1.0,1
7023192000,7023192000,0.43335545,1.2905995e-06,-0.22003162,1.0006809,0.0053756633,1.0,1
7023288000,7023288000,0.43346342,1.289952e-06,-0.29216516,1.0006881,0.009477976,1.0,1
7023392000,7023392000,0.43356347,1.2891409e-06,-0.18847045,1.0006942,0.0039440524,1.0,1
7023488000,7023488000,0.43364894,1.2883415e-06,-0.30089098,1.0006964,0.010052486,1.0,1
7023592000,7023592000,0.43372053,1.2874742e-06,-0.17333773,1.0006937,0.0033361267,1.0,1
7023688000,7023688000,0.4337711,1.2868052e-06,-0.41380793,1.0006825,0.019013356,1.0,1
7023792000,7023792000,0.4338707,1.2862257e-06,-0.38143468,1.000677,0.016154887,1.0,1
7023888000,7023888000,0.4339646,1.2858842e-06,-0.15358147,1.0006622,0.0026190733,1.0,1
7023992000,7023992000,0.43407512,1.2857457e-06,-0.304376,1.0006429,0.010287248,1.0,1
7024096000,7024096000,0.43419728,1.2857801e-06,-0.33855873,1.0006417,0.012727613,1.0,1
7024192000,7024192000,0.434329,1.2859191e-06,-0.30911064,1.0006281,0.010609934,1.0,1
7024296000,7024296000,0.43445683,1.2861213e-06,-0.3099385,1.0006348,0.01066677,1.0,1
7024392000,7024392000,0.43456146,1.2863413e-06,-0.95128524,1.0006214,0.10048684,1.0,1
7024488000,7024488000,0.4345945,1.2866182e-06,0.012283549,1.0006242,1.6754606e-05,1.0,1
7024592000,7024592000,0.43460944,1.287028e-06,0.15646712,1.0006118,0.0027185546,1.0,1
7024688000,7024688000,0.43456224,1.2875295e-06,0.20259194,1.0006076,0.004557619,1.0,1
7024792000,7024792000,0.43446207,1.2881922e-06,0.37370977,1.0006031,0.015508313,1.0,1
7024888000,7024888000,0.43432736,1.2890346e-06,0.47866297,1.0005817,0.02544278,1.0,1
7024992000,7024992000,0.43413675,1.2901208e-06,0.59297687,1.0005769,0.039046537,1.0,1
7025088000,7025088000,0.43391603,1.2913541e-06,0.6896225,1.0005547,0.05281284,1.0,1
7025192000,7025192000,0.43364653,1.2928812e-06,0.7641989,1.0005497,0.064853236,1.0,1
7025296000,7025296000,0.43339223,1.2945936e-06,0.8447541,1.0005385,0.07924727,1.0,1
7025392000,7025392000,0.4331182,1.2962034e-06,0.8528947,1.0005393,0.080781914,1.0,1
7025488000,7025488000,0.43284827,1.2978833e-06,0.99210554,1.0005293,0.10930586,1.0,1
7025592000,7025592000,0.43252936,1.2997131e-06,0.9148189,1.000534,0.09293854,1.0,1
7025696000,7025696000,0.43219498,1.3016025e-06,0.9518628,1.0005257,0.10061853,1.0,1
7025792000,7025792000,0.4318854,1.3033249e-06,1.3285071,1.0005318,0.19599922,1.0,1
7025888000,7025888000,0.43157053,1.305068e-06,0.9632535,1.0005223,0.10304143,1.0,1
7025992000,7025992000,0.43122098,1.3069603e-06,1.2086042,1.0005193,0.16221845,1.0,1
7026088000,7026088000,0.43088168,1.308699e-06,0.9930959,1.0005233,0.10952484,1.0,1
7026192000,7026192000,0.4305185,1.3105617e-06,1.2064744,1.0005178,0.16164747,1.0,1
7026296000,7026296000,0.4301548,1.3123832e-06,1.4819202,1.0005305,0.24388036,1.0,1
7026392000,7026392000,0.42982408,1.3139797e-06,0.9799906,1.0005367,0.10665182,1.0,1
7026496000,7026496000,0.4294683,1.3157e-06,1.085959,1.0005366,0.13096382,1.0,1
7026592000,7026592000,0.42913687,1.31718e-06,0.92919767,1.0005454,0.09588196,1.0,1
7026688000,7026688000,0.42879766,1.3186016e-06,1.0728788,1.0005407,0.12782744,1.0,1
7026792000,7026792000,0.42844224,1.3200078e-06,1.0090234,1.0005543,0.113062695,1.0,1
7026888000,7026888000,0.42809525,1.3212638e-06,1.0757726,1.0005482,0.12851696,1.0,1
7026992000,7026992000,0.4277412,1.3225214e-06,1.055675,1.000563,0.12375808,1.0,1
7027088000,7027088000,0.42740595,1.3236291e-06,1.0022497,1.0005583,0.11154933,1.0,1
7027192000,7027192000,0.42705694,1.3246613e-06,1.0084685,1.0005738,0.11293618,1.0,1
7027296000,7027296000,0.42668837,1.325675e-06,1.0634267,1.0005683,0.12558156,1.0,1
7027392000,7027392000,0.42635432,1.3265756e-06,1.0266705,1.0005746,0.117049664,1.0,1
7027488000,7027488000,0.4260406,1.3274662e-06,0.35339904,1.000568,0.013868886,1.0,1
7027592000,7027592000,0.42568707,1.328322e-06,0.8805105,1.0005816,0.08609423,1.0,1
7027688000,7027688000,0.42538208,1.3290655e-06,1.0444106,1.0005784,0.12112922,1.0,1
7027792000,7027792000,0.4250575,1.3297521e-06,0.88115084,1.0005918,0.086218625,1.0,1
7027896000,7027896000,0.42472377,1.3303861e-06,0.88067406,1.0005898,0.086125515,1.0,1
7027992000,7027992000,0.42443278,1.3308892e-06,0.41858894,1.0005834,0.01945717,1.0,1
7028096000,7028096000,0.4240825,1.3314352e-06,0.80704206,1.0005955,0.072325476,1.0,1
7028192000,7028192000,0.42378202,1.3318862e-06,1.0145315,1.0005895,0.114296414,1.0,1
7028288000,7028288000,0.42349005,1.3322558e-06,0.81239307,1.0005994,0.073287465,1.0,1
7028392000,7028392000,0.4231659,1.3325515e-06,0.7798035,1.0006115,0.06752465,1.0,1
7028488000,7028488000,0.42287633,1.332813e-06,0.72781307,1.0006046,0.058821306,1.0,1
7028592000,7028592000,0.42258415,1.3329698e-06,0.71124804,1.0006205,0.056173343,1.0,1
7028688000,7028688000,0.4223077,1.3330966e-06,0.87688506,1.0006127,0.08538406,1.0,1
7028792000,7028792000,0.42201728,1.3332019e-06,0.74074024,1.0006226,0.060928296,1.0,1
7028888000,7028888000,0.42174438,1.3332829e-06,0.79521036,1.0006164,0.07021888,1.0,1
7028992000,7028992000,0.42145604,1.3332905e-06,0.5813265,1.0006272,0.037525408,1.0,1
7029096000,7029096000,0.4211884,1.3332453e-06,0.7424,1.0006284,0.061201297,1.0,1
7029192000,7029192000,0.42093983,1.3331028e-06,0.7607664,1.0006386,0.064266235,1.0,1
7029288000,7029288000,0.4206813,1.3329509e-06,0.70192975,1.0006312,0.054710507,1.0,1
7029392000,7029392000,0.420419,1.3326886e-06,0.61877924,1.0006443,0.042515688,1.0,1
7029488000,7029488000,0.4201637,1.3324401e-06,1.1174535,1.0006375,0.13865629,1.0,1
7029592000,7029592000,0.41990185,1.3321095e-06,0.65064293,1.0006468,0.047006957,1.0,1
7029696000,7029696000,0.4196416,1.3318139e-06,0.75843287,1.0006427,0.06387233,1.0,1
7029792000,7029792000,0.41940612,1.3314637e-06,0.5760768,1.0006496,0.036849894,1.0,1
7029896000,7029896000,0.4191517,1.33107e-06,0.730634,1.0006417,0.059275962,1.0,1
7029992000,7029992000,0.41891947,1.3307334e-06,1.035921,1.0006473,0.11915978,1.0,1
7030096000,7030096000,0.41869587,1.3303525e-06,0.6076146,1.0006448,0.040995285,1.0,1
7030192000,7030192000,0.41849563,1.3299194e-06,0.6374149,1.000656,0.045114595,1.0,1
7030296000,7030296000,0.41826552,1.3294155e-06,0.57736975,1.000652,0.0370154,1.0,1
7030392000,7030392000,0.4180445,1.3289073e-06,0.6056608,1.0006584,0.04073152,1.0,1
7030488000,7030488000,0.4178333,1.3284176e-06,0.6039417,1.0006495,0.04050098,1.0,1
7030592000,7030592000,0.41760108,1.3278683e-06,0.57229465,1.0006592,0.036367267,1.0,1
7030696000,7030696000,0.41740397,1.3273017e-06,0.6710694,1.0006589,0.05000418,1.0,1
7030792000,7030792000,0.41719466,1.3267153e-06,0.5210997,1.0006645,0.030151617,1.0,1
7030888000,7030888000,0.41700146,1.3261307e-06,0.5305124,1.0006567,0.03125096,1.0,1
7030992000,7030992000,0.41678193,1.3254611e-06,0.54672533,1.0006679,0.0331899,1.0,1
7031096000,7031096000,0.4165604,1.3248116e-06,0.6000588,1.0006609,0.039981417,1.0,1
7031192000,7031192000,0.41637447,1.3241979e-06,0.6001539,1.00067,0.039993733,1.0,1
7031288000,7031288000,0.41617072,1.3236029e-06,0.5846136,1.0006557,0.037949905,1.0,1
7031392000,7031392000,0.4159725,1.3230074e-06,0.5441499,1.0006645,0.032878052,1.0,1
7031488000,7031488000,0.41580108,1.3223943e-06,0.4206879,1.0006727,0.019651039,1.0,1
7031592000,7031592000,0.41561204,1.3217305e-06,0.49818525,1.0006663,0.027558142,1.0,1
7031688000,7031688000,0.4154485,1.3211013e-06,-0.15285957,1.000673,0.0025944812,1.0,1
7031792000,7031792000,0.41525105,1.3204316e-06,0.41971382,1.0006678,0.019560236,1.0,1
7031888000,7031888000,0.41508383,1.3197719e-06,0.46527043,1.0006778,0.024036659,1.0,1
7031992000,7031992000,0.4149024,1.3190484e-06,0.46254712,1.0006729,0.023756217,1.0,1
7032088000,7032088000,0.41473103,1.3183493e-06,0.5295407,1.0006642,0.03113636,1.0,1
7032192000,7032192000,0.41454852,1.3176323e-06,-0.06614405,1.0006715,0.00048578886,1.0,1
7032288000,7032288000,0.4143624,1.3169525e-06,0.44884995,1.0006788,0.022369957,1.0,1
7032392000,7032392000,0.41417867,1.3162457e-06,0.5427773,1.000672,0.03271215,1.0,1
7032488000,7032488000,0.41400588,1.3156061e-06,0.4289936,1.0006763,0.020434573,1.0,1
7032592000,7032592000,0.41383603,1.3149568e-06,0.38040733,1.0006688,0.016068114,1.0,1
7032696000,7032696000,0.41366902,1.3142798e-06,-0.085870504,1.0006636,0.0008187615,1.0,1
7032792000,7032792000,0.41350695,1.3136106e-06,0.419366,1.0006744,0.019527704,1.0,1
7032888000,7032888000,0.4133546,1.312896e-06,0.4304162,1.0006851,0.020570142,1.0,1
7032992000,7032992000,0.41317225,1.3121287e-06,0.49900052,1.0006781,0.027648088,1.0,1
7033096000,7033096000,0.41298985,1.3113478e-06,0.53643024,1.0006706,0.031951617,1.0,1
7033192000,7033192000,0.4128358,1.3106218e-06,0.32424197,1.0006764,0.011673532,1.0,1
7033288000,7033288000,0.41268125,1.3098777e-06,0.39480278,1.0006845,0.017306956,1.0,1
7033392000,7033392000,0.4125152,1.3091098e-06,0.5951793,1.0006789,0.03933312,1.0,1
7033488000,7033488000,0.41236517,1.3083582e-06,0.38763544,1.0006857,0.016684253,1.0,1
7033592000,7033592000,0.4121989,1.307544e-06,0.5071062,1.0006783,0.028553596,1.0,1
7033688000,7033688000,0.41204366,1.3068036e-06,0.8133917,1.0006859,0.07346139,1.0,1
7033792000,7033792000,0.41189304,1.3059974e-06,0.43495432,1.0006793,0.021006316,1.0,1
7033888000,7033888000,0.41175833,1.3052488e-06,0.5287719,1.0006878,0.03104528,1.0,1
7033992000,7033992000,0.41158423,1.3044794e-06,0.4569767,1.0006764,0.023187397,1.0,1
7034096000,7034096000,0.41142693,1.303715e-06,0.35829973,1.0006881,0.014254492,1.0,1
7034192000,7034192000,0.41126895,1.3031133e-06,0.20487496,1.000677,0.0046605947,1.0,1
7034288000,7034288000,0.41112798,1.3024637e-06,0.42201927,1.0006732,0.019775607,1.0,1
7034392000,7034392000,0.4109668,1.3016848e-06,0.52938914,1.0006862,0.031117855,1.0,1
7034488000,7034488000,0.41080993,1.3009322e-06,0.3496099,1.000692,0.013571396,1.0,1
7034592000,7034592000,0.41064677,1.3001371e-06,0.4059977,1.0006855,0.018302357,1.0,1
7034688000,7034688000,0.4105105,1.2993667e-06,0.14329635,1.0006952,0.002279953,1.0,1
7034792000,7034792000,0.41037172,1.2984937e-06,0.35740486,1.0006912,0.014183334,1.0,1
7034888000,7034888000,0.41023842,1.297662e-06,0.3790401,1.0007004,0.015952317,1.0,1
7034992000,7034992000,0.4100923,1.2967126e-06,0.29474553,1.0006922,0.009646093,1.0,1
7035088000,7035088000,0.40996194,1.2958417e-06,0.35903296,1.0006982,0.014312748,1.0,1
7035192000,7035192000,0.40981546,1.2949637e-06,0.20604931,1.0006866,0.004714132,1.0,1
7035288000,7035288000,0.40969843,1.2941416e-06,0.30615082,1.0006974,0.010407001,1.0,1
7035392000,7035392000,0.40955734,1.2932538e-06,0.42680284,1.0006909,0.020226099,1.0,1
7035488000,7035488000,0.4094363,1.2924379e-06,0.26548997,1.0006987,0.0078261895,1.0,1
7035592000,7035592000,0.40931913,1.2915225e-06,0.3591768,1.0006938,0.014324281,1.0,1
7035688000,7035688000,0.40919253,1.2906653e-06,0.7506399,1.000702,0.06256278,1.0,1
7035792000,7035792000,0.4090691,1.2897474e-06,0.35272905,1.0006937,0.013814616,1.0,1
7035896000,7035896000,0.40894297,1.2888319e-06,0.3961711,1.0007058,0.017426759,1.0,1
7035992000,7035992000,0.40882194,1.2880115e-06,0.2610889,1.0006944,0.007568902,1.0,1
7036096000,7036096000,0.40870765,1.28708e-06,0.25667095,1.0007068,0.0073148278,1.0,1
7036192000,7036192000,0.4085868,1.2862404e-06,0.7469007,1.0006965,0.06194137,1.0,1
7036296000,7036296000,0.408468,1.2853461e-06,0.41563618,1.0006878,0.019181633,1.0,1
7036392000,7036392000,0.40837577,1.2845551e-06,0.37049472,1.0006977,0.015241181,1.0,1
7036488000,7036488000,0.40827084,1.2837531e-06,0.2502758,1.0007042,0.006954877,1.0,1
7036592000,7036592000,0.40814474,1.2829154e-06,0.32900265,1.000695,0.012018618,1.0,1
7036688000,7036688000,0.4080387,1.2821399e-06,0.78059757,1.0007055,0.067655884,1.0,1
7036792000,7036792000,0.40793276,1.2812949e-06,0.2784855,1.0006981,0.008611119,1.0,1
7036888000,7036888000,0.40785328,1.2804364e-06,0.31222856,1.0007092,0.0108241765,1.0,1
7036992000,7036992000,0.40775403,1.2794867e-06,0.28934374,1.0007024,0.009295672,1.0,1
7037088000,7037088000,0.40765944,1.2786035e-06,0.23942164,1.0007098,0.006364674,1.0,1
7037192000,7037192000,0.4075349,1.2776674e-06,0.8158754,1.0007013,0.07390958,1.0,1
7037296000,7037296000,0.40745538,1.2767467e-06,0.13844886,1.0007107,0.002128275,1.0,1
7037392000,7037392000,0.40737888,1.2759249e-06,0.31727776,1.0007024,0.011177169,1.0,1
7037488000,7037488000,0.40728852,1.2750963e-06,0.14482859,1.0007074,0.0023289435,1.0,1
7037592000,7037592000,0.40720493,1.2741975e-06,0.31479666,1.0007019,0.011003047,1.0,1
7037696000,7037696000,0.40711084,1.2732938e-06,0.6644078,1.0007128,0.049013704,1.0,1
7037792000,7037792000,0.40706158,1.2724747e-06,0.128071,1.0007035,0.0018211831,1.0,1
7037896000,7037896000,0.40701288,1.2715236e-06,0.20688376,1.0007191,0.004752237,1.0,1
7037992000,7037992000,0.40696838,1.2706323e-06,0.08085771,1.0007104,0.0007259253,1.0,1
7038096000,7038096000,0.4069566,1.2695551e-06,-0.00804197,1.000727,7.1807003e-06,1.0,1
7038192000,7038192000,0.4069839,1.2684885e-06,-0.135919,1.000727,0.0020511728,1.0,1
7038296000,7038296000,0.40705588,1.2670772e-06,-0.28398356,1.0007533,0.008953995,1.0,1
7038392000,7038392000,0.4071947,1.2654818e-06,-0.23680782,1.0016507,0.0062206145,1.0,1
7038488000,7038488000,0.4073747,1.2634366e-06,-0.5660759,1.000808,0.03557592,1.0,1
7038592000,7038592000,0.40761968,1.260632e-06,-0.5506895,1.000844,0.033667024,1.0,1
7038688000,7038688000,0.40786883,1.2575587e-06,-0.7089443,1.0008771,0.05579573,1.0,1
7038792000,7038792000,0.40815178,1.2537603e-06,-0.73040086,1.0009043,0.0592226,1.0,1
7038888000,7038888000,0.4084343,1.2499737e-06,-0.5851003,1.0009235,0.038002945,1.0,1
7038992000,7038992000,0.40871596,1.2457372e-06,-0.64051014,1.0009286,0.045541402,1.0,1
7039088000,7039088000,0.40898547,1.24183e-06,-0.6588833,1.0009274,0.04819166,1.0,1
7039192000,7039192000,0.40927914,1.2377401e-06,-1.3519558,1.0009176,0.20290099,1.0004039,1
7039288000,7039288000,0.40952465,1.2341375e-06,-0.6370896,1.0009091,0.04505717,1.0,1
7039392000,7039392000,0.4098021,1.2304641e-06,-0.5683348,1.000896,0.035857257,1.0,1
7039496000,7039496000,0.41008618,1.227063e-06,-0.7542963,1.0008823,0.06316238,1.0,1
7039592000,7039592000,0.41033244,1.2241352e-06,-0.58127105,1.0008692,0.03750918,1.0,1
7039688000,7039688000,0.4106009,1.2214429e-06,-0.5873587,1.0008568,0.038299438,1.0,1
7039792000,7039792000,0.41084698,1.2187704e-06,-0.70744574,1.0008414,0.055562083,1.0,1
7039896000,7039896000,0.41112757,1.2163067e-06,-0.68320787,1.0008332,0.05182049,1.0,1
7039992000,7039992000,0.41138744,1.2141708e-06,-0.7324228,1.0008261,0.059555598,1.0,1
7040096000,7040096000,0.41164503,1.2120079e-06,-0.6186083,1.0008149,0.04248496,1.0,1
7040192000,7040192000,0.41189548,1.2101984e-06,-0.5642445,1.0008073,0.03534612,1.0,1
7040288000,7040288000,0.4121385,1.2085163e-06,-0.69936323,1.0007991,0.054302044,1.0,1
7040392000,7040392000,0.4124328,1.2067803e-06,-0.62028384,1.0007958,0.04271623,1.0,1
7040496000,7040496000,0.412721,1.2051487e-06,-0.769661,1.0007896,0.065767854,1.0,1
7040592000,7040592000,0.41298375,1.2037182e-06,-0.751953,1.0007854,0.06277662,1.0,1
7040688000,7040688000,0.41326454,1.2023451e-06,-0.9000897,1.0007825,0.08994756,1.0,1
7040792000,7040792000,0.4135675,1.2008878e-06,-0.76772654,1.000782,0.065438166,1.0,1
7040888000,7040888000,0.413853,1.1995871e-06,-0.65436566,1.0007813,0.047540013,1.0,1
7040992000,7040992000,0.4140955,1.1986058e-06,-0.56579065,1.0007207,0.035543166,1.0,1
7041096000,7041096000,0.41438186,1.1986266e-06,-0.9679556,1.0006766,0.10403383,1.0,1
7041192000,7041192000,0.4147308,1.1992433e-06,-1.1094482,1.0006367,0.1366769,1.0,1
7041296000,7041296000,0.41515845,1.2004016e-06,-1.3826925,1.0006136,0.21229625,1.0,1
7041392000,7041392000,0.41561884,1.2018729e-06,-1.5782555,1.005427,0.2752717,1.00326,1
7041496000,7041496000,0.4162443,1.2024893e-06,-1.6679813,1.0006956,0.30891418,1.0,1
7041592000,7041592000,0.4167482,1.2019219e-06,-1.1747658,1.000759,0.15322533,1.0,1
7041688000,7041688000,0.41716224,1.2005438e-06,-0.9951691,1.0008086,0.109951265,1.0,1
7041792000,7041792000,0.41751707,1.1983599e-06,-0.73123384,1.0008487,0.059361055,1.0,1
7041888000,7041888000,0.41770357,1.1964001e-06,-0.42800987,1.0008134,0.020338174,1.0,1
7041992000,7041992000,0.4179259,1.194804e-06,-0.71707124,1.0007854,0.057087515,1.0,1
7042088000,7042088000,0.41818756,1.1936336e-06,-1.2954016,1.00077,0.18630823,1.0,1
7042192000,7042192000,0.41847354,1.1925387e-06,-0.8718038,1.0007627,0.08438474,1.0,1
7042288000,7042288000,0.41876468,1.1916161e-06,-0.6871943,1.0007595,0.052430846,1.0,1
7042392000,7042392000,0.41906217,1.1907083e-06,-0.7876097,1.0007539,0.068873525,1.0,1
7042496000,7042496000,0.41936043,1.1898571e-06,-0.73418564,1.0007511,0.0598471,1.0,1
7042592000,7042592000,0.41963726,1.1891857e-06,-0.8809699,1.0007442,0.086170085,1.0,1
7042688000,7042688000,0.41991308,1.1885321e-06,-0.7540109,1.000743,0.063123375,1.0,1
7042792000,7042792000,0.4202289,1.1878534e-06,-1.4432406,1.0007417,0.23126662,1.0,1
7042896000,7042896000,0.4205233,1.1871546e-06,-0.83278537,1.0007478,0.07700147,1.0,1
7042992000,7042992000,0.42079693,1.1864971e-06,-0.6717011,1.0007464,0.05009398,1.0,1
7043096000,7043096000,0.42107514,1.1858288e-06,-0.7308467,1.0007446,0.059304386,1.0,1
7043192000,7043192000,0.4213301,1.185259e-06,-0.6849618,1.000739,0.0520918,1.0,1
7043288000,7043288000,0.421579,1.1847276e-06,-0.14095443,1.0007377,0.002205945,1.0,1
7043392000,7043392000,0.4218691,1.1841875e-06,-0.8365543,1.0007346,0.07770105,1.0,1
7043488000,7043488000,0.4221451,1.1837118e-06,-0.6596606,1.0007343,0.048314754,1.0,1
7043592000,7043592000,0.42239773,1.1832358e-06,-0.7739657,1.0007302,0.06650954,1.0,1
7043688000,7043688000,0.42263803,1.1828507e-06,-0.6142534,1.000727,0.04189257,1.0,1
7043792000,7043792000,0.4228999,1.1825042e-06,-0.8007675,1.0007234,0.071196124,1.0,1
7043888000,7043888000,0.4231397,1.1822101e-06,-0.72006273,1.0007207,0.057568543,1.0,1
7043992000,7043992000,0.42327785,1.1860955e-06,3.1018777,14.737325,0.07254177,14.716136,1
7044088000,7044088000,0.4232743,1.1956691e-06,-1.870441,14.132441,0.027506057,14.090182,1
7044192000,7044192000,0.42323095,1.2060805e-06,2.3899767,14.462786,0.043882657,14.421469,1
7044288000,7044288000,0.4231858,1.2156773e-06,2.6950583,14.00298,0.05763328,13.965169,1
7044392000,7044392000,0.4231313,1.2260873e-06,2.5984852,13.570025,0.055286273,13.528786,1
7044488000,7044488000,0.42307606,1.2357146e-06,2.897877,13.195339,0.070712596,13.156748,1
7044592000,7044592000,0.42301077,1.2461702e-06,3.8450775,12.832718,0.12801152,12.807917,1
7044696000,7044696000,0.4229439,1.2566799e-06,3.54881,12.70044,0.11018036,12.665281,1
7044792000,7044792000,0.42287755,1.2663488e-06,3.6342366,12.380737,0.118532486,12.344772,1
7044896000,7044896000,0.4228013,1.2768595e-06,4.410186,12.083883,0.17884004,12.057689,1
7044992000,7044992000,0.42272845,1.2865827e-06,4.7452574,11.838601,0.21133754,11.815031,1
7045088000,7045088000,0.4226535,1.296317e-06,5.3750954,11.594031,0.2768824,11.579504,1
7045192000,7045192000,0.42257115,1.3068752e-06,4.5933094,11.342897,0.20667355,11.310302,1
7045296000,7045296000,0.4224853,1.3174466e-06,6.1781793,11.085685,0.38257447,11.079916,1
7045392000,7045392000,0.42241755,1.3273004e-06,6.6082783,11.149088,0.43520594,11.145594,1
7045488000,7045488000,0.42235157,1.3371707e-06,6.3257313,11.192275,0.397247,11.174509,1
7045592000,7045592000,0.42227924,1.347862e-06,6.9590406,11.110131,0.48432517,11.099525,1
7045696000,7045696000,0.422206,1.3585508e-06,6.5907288,10.944754,0.44097948,10.921353,1
7045792000,7045792000,0.4221367,1.3684142e-06,6.4235907,10.736583,0.42701894,10.707379,1
7045896000,7045896000,0.42205828,1.3790963e-06,7.8768196,10.46423,0.6587976,10.459785,1
7045992000,7045992000,0.42198372,1.3889527e-06,7.667569,10.190093,0.6410542,10.17743,1
7046000000,0,nan,nan,nan,nan,nan,nan,0
