timestamp,timestamp_sample,baro_device_id,baro_alt_meter,baro_temp_celcius,baro_pressure_pa,rho,calibration_count
6970964000,6970927000,6620172,228.5897,13.515131,98609.33,1.171642,0
6970988000,6970988000,6620172,228.40475,13.515131,98611.484,1.1716676,0
6971084000,6971047000,6620172,228.55008,13.515131,98609.78,1.1716473,0
6971108000,6971108000,6620172,228.62405,13.515131,98608.914,1.171637,0
6971204000,6971168000,6620172,228.45758,13.515131,98610.875,1.1716604,0
6971224000,6971224000,6620172,228.47081,13.515131,98610.73,1.1716586,0
6971300000,6971276000,6620172,228.45494,13.515132,98610.91,1.1716607,0
6971344000,6971332000,6620172,228.57387,13.515131,98609.5,1.171644,0
6971396000,6971384000,6620172,228.49458,13.515131,98610.43,1.171655,0
6971468000,6971444000,6620172,228.49988,13.515132,98610.36,1.1716542,0
6971516000,6971504000,6620172,228.5897,13.515131,98609.33,1.171642,0
6971588000,6971562666,6620172,228.47609,13.515132,98610.65,1.1716577,0
6971636000,6971624000,6620172,228.36775,13.515131,98611.94,1.1716729,0
6971708000,6971684000,6620172,228.5765,13.515132,98609.47,1.1716436,0
6971756000,6971742000,6620172,228.52629,13.515131,98610.06,1.1716506,0
6971804000,6971792000,6620172,228.53687,13.515131,98609.94,1.1716492,0
6971872000,6971850666,6620172,228.41795,13.515132,98611.34,1.1716659,0
6971924000,6971912000,6620172,228.49194,13.515131,98610.47,1.1716554,0
6971992000,6971968000,6620172,228.48929,13.515132,98610.5,1.1716559,0
6972040000,6972028000,6620172,228.53157,13.515131,98610.0,1.1716499,0
6972092000,6972080000,6620172,228.46553,13.515131,98610.76,1.1716589,0
6972160000,6972138666,6620172,228.43382,13.515132,98611.15,1.1716636,0
6972212000,6972200000,6620172,228.48401,13.515131,98610.55,1.1716564,0
6972284000,6972260000,6620172,228.44702,13.515132,98611.0,1.1716619,0
6972332000,6972320000,6620172,228.53421,13.515131,98609.97,1.1716496,0
6972404000,6972377333,6620172,228.57915,13.515132,98609.42,1.1716431,0
6972428000,6972428000,6620172,228.56856,13.515131,98609.555,1.1716447,0
6972520000,6972486000,6620172,228.53687,13.515131,98609.945,1.1716492,0
6972548000,6972548000,6620172,228.5078,13.515131,98610.28,1.1716533,0
6972640000,6972606000,6620172,228.50252,13.515131,98610.336,1.1716539,0
6972668000,6972668000,6620172,228.36511,13.515131,98611.95,1.1716732,0
6972764000,6972728000,6620172,228.48665,13.515131,98610.53,1.1716563,0
6972788000,6972788000,6620172,228.37039,13.515131,98611.88,1.1716723,0
6972884000,6972846000,6620172,228.53687,13.515131,98609.94,1.1716492,0
6972908000,6972908000,6620172,228.42587,13.515131,98611.24,1.1716646,0
6973004000,6972967000,6620172,228.44702,13.515131,98610.99,1.1716617,0
6973028000,6973028000,6620172,228.49722,13.515131,98610.41,1.1716547,0
6973120000,6973086000,6620172,228.49722,13.515131,98610.41,1.1716547,0
6973144000,6973144000,6620172,228.558,13.515131,98609.67,1.171646,0
6973216000,6973194666,6620172,228.48929,13.515132,98610.484,1.1716557,0
6973268000,6973256000,6620172,228.50252,13.515131,98610.35,1.1716541,0
6973340000,6973316000,6620172,228.51572,13.515132,98610.19,1.1716522,0
6973388000,6973376000,6620172,228.51308,13.515131,98610.22,1.1716526,0
6973460000,6973436000,6620172,228.48137,13.515132,98610.61,1.1716571,0
6973508000,6973494000,6620172,228.56064,13.515131,98609.664,1.1716459,0
6973580000,6973554666,6620172,228.47873,13.515132,98610.625,1.1716573,0
6973628000,6973614000,6620172,228.56856,13.515131,98609.58,1.1716448,0
6973676000,6973664000,6620172,228.43382,13.515131,98611.15,1.1716636,0
6973748000,6973724000,6620172,228.46286,13.515132,98610.8,1.1716595,0
6973796000,6973782000,6620172,228.5765,13.515131,98609.47,1.1716436,0
6973844000,6973832000,6620172,228.39946,13.515131,98611.55,1.1716683,0
6973912000,6973890666,6620172,228.54214,13.515132,98609.87,1.1716483,0
6973964000,6973950000,6620172,228.52893,13.515131,98610.016,1.17165,0
6974012000,6974000000,6620172,228.55536,13.515131,98609.734,1.1716467,0
6974080000,6974057333,6620172,228.51572,13.515132,98610.19,1.1716522,0
6974108000,6974108000,6620172,228.67691,13.515131,98608.29,1.1716295,0
6974204000,6974167000,6620172,228.51308,13.515131,98610.22,1.1716526,0
6974228000,6974228000,6620172,228.47081,13.515131,98610.73,1.1716586,0
6974320000,6974287000,6620172,228.42851,13.515131,98611.2,1.1716642,0
6974348000,6974348000,6620172,228.62141,13.515131,98608.95,1.1716374,0
6974444000,6974408000,6620172,228.52893,13.515131,98610.04,1.1716504,0
6974468000,6974468000,6620172,228.66104,13.515131,98608.47,1.1716317,0
6974564000,6974528000,6620172,228.48665,13.515131,98610.53,1.1716563,0
6974588000,6974588000,6620172,228.41795,13.515131,98611.336,1.1716658,0
6974680000,6974647000,6620172,228.46553,13.515131,98610.76,1.1716589,0
6974708000,6974708000,6620172,228.62141,13.515131,98608.96,1.1716375,0
6974800000,6974767000,6620172,228.45494,13.515131,98610.914,1.1716608,0
6974828000,6974828000,6620172,228.45758,13.515131,98610.86,1.1716602,0
6974924000,6974888000,6620172,228.48929,13.515131,98610.5,1.1716559,0
6974948000,6974948000,6620172,228.37039,13.515131,98611.88,1.1716723,0
6975044000,6975007000,6620172,228.44438,13.515131,98611.016,1.171662,0
6975068000,6975068000,6620172,228.49194,13.515131,98610.48,1.1716555,0
6975164000,6975128000,6620172,228.42587,13.515131,98611.23,1.1716645,0
6975184000,6975184000,6620172,228.48401,13.515131,98610.56,1.1716566,0
6975260000,6975236000,6620172,228.56328,13.515132,98609.625,1.1716455,0
6975308000,6975296000,6620172,228.47081,13.515131,98610.72,1.1716585,0
6975380000,6975354666,6620172,228.49458,13.515132,98610.44,1.1716552,0
6975428000,6975416000,6620172,228.47081,13.515131,98610.7,1.1716583,0
6975496000,6975474666,6620172,228.51572,13.515132,98610.19,1.1716522,0
6975548000,6975536000,6620172,228.6029,13.515131,98609.17,1.17164,0
6975620000,6975596000,6620172,228.50516,13.515132,98610.31,1.1716536,0
6975668000,6975656000,6620172,228.51836,13.515131,98610.16,1.1716517,0
6975736000,6975713333,6620172,228.45494,13.515132,98610.91,1.1716607,0
6975764000,6975764000,6620172,228.51836,13.515131,98610.16,1.1716517,0
6975856000,6975823000,6620172,228.47345,13.515131,98610.67,1.1716579,0
6975884000,6975884000,6620172,228.55272,13.515131,98609.75,1.171647,0
6975976000,6975942000,6620172,228.51836,13.515131,98610.16,1.1716517,0
6976004000,6976004000,6620172,228.63197,13.515131,98608.805,1.1716357,0
6976100000,6976064000,6620172,228.48929,13.515131,98610.49,1.1716558,0
6976124000,6976124000,6620172,228.51572,13.515131,98610.195,1.1716522,0
6976220000,6976183000,6620172,228.51308,13.515131,98610.21,1.1716524,0
6976244000,6976244000,6620172,228.38097,13.515131,98611.76,1.1716708,0
6976340000,6976304000,6620172,228.51308,13.515131,98610.234,1.1716527,0
6976360000,6976360000,6620172,228.44966,13.515131,98610.95,1.1716613,0
6976432000,6976410666,6620172,228.50252,13.515132,98610.34,1.171654,0
6976484000,6976470000,6620172,228.48665,13.515131,98610.516,1.171656,0
6976556000,6976530666,6620172,228.51308,13.515132,98610.234,1.1716527,0
6976604000,6976592000,6620172,228.51836,13.515131,98610.17,1.171652,0
6976672000,6976650666,6620172,228.56856,13.515132,98609.56,1.1716448,0
6976724000,6976712000,6620172,228.45494,13.515131,98610.914,1.1716608,0
6976796000,6976772000,6620172,228.55008,13.515132,98609.8,1.1716474,0
6976844000,6976832000,6620172,228.41795,13.515131,98611.32,1.1716655,0
6976916000,6976892000,6620172,228.47081,13.515132,98610.7,1.1716583,0
6976964000,6976952000,6620172,228.61086,13.515131,98609.08,1.171639,0
6977036000,6977012000,6620172,228.46286,13.515132,98610.8,1.1716595,0
6977084000,6977072000,6620172,228.42851,13.515131,98611.21,1.1716644,0
6977156000,6977130666,6620172,228.6637,13.515132,98608.46,1.1716316,0
6977200000,6977188000,6620172,228.56328,13.515131,98609.625,1.1716455,0
6977248000,6977238000,6620172,228.41003,13.515116,98611.42,1.1716669,0
6977324000,6977298666,6620172,228.48665,13.515071,98610.53,1.1716563,0
6977372000,6977360000,6620172,228.5078,13.514963,98610.27,1.1716532,0
6977440000,6977416000,6620172,228.52365,13.514827,98610.08,1.1716509,0
6977488000,6977476000,6620172,228.5395,13.514643,98609.914,1.1716489,0
6977540000,6977528000,6620172,228.60822,13.51446,98609.09,1.1716391,0
6977612000,6977588000,6620172,228.55272,13.514186,98609.74,1.1716468,0
6977656000,6977646000,6620172,228.74295,13.51388,98607.53,1.1716206,0
6977708000,6977696000,6620172,228.70068,13.51359,98608.016,1.1716263,0
6977780000,6977756000,6620172,228.82487,13.513179,98606.56,1.171609,0
6977828000,6977816000,6620172,228.93849,13.512735,98605.23,1.1715932,0
6977896000,6977874666,6620172,228.97812,13.512233,98604.766,1.1715877,0
6977948000,6977936000,6620172,228.99399,13.511698,98604.58,1.1715856,0
6978020000,6977996000,6620172,229.1578,13.511104,98602.66,1.1715627,0
6978064000,6978052000,6620172,229.23178,13.510492,98601.766,1.1715521,0
6978136000,6978112000,6620172,229.25821,13.509883,98601.46,1.1715485,0
6978184000,6978172000,6620172,229.40617,13.509287,98599.734,1.171528,0
6978236000,6978222000,6620172,229.46696,13.508829,98599.0,1.1715192,0
6978284000,6978272000,6620172,229.61757,13.508402,98597.25,1.1714984,0
6978356000,6978332000,6620172,229.59644,13.507879,98597.49,1.1715013,0
6978404000,6978392000,6620172,229.71005,13.507395,98596.15,1.1714854,0
6978476000,6978450666,6620172,229.72325,13.506943,98596.0,1.1714836,0
6978520000,6978510000,6620172,229.74968,13.50651,98595.69,1.1714798,0
6978572000,6978560000,6620172,229.82103,13.506189,98594.84,1.1714698,0
6978644000,6978618666,6620172,229.96107,13.505804,98593.21,1.1714504,0
6978692000,6978680000,6620172,230.09055,13.505442,98591.69,1.1714324,0
6978764000,6978740000,6620172,230.08527,13.505112,98591.734,1.1714329,0
6978812000,6978800000,6620172,229.9558,13.504786,98593.25,1.1714509,0
6978884000,6978860000,6620172,230.15926,13.504501,98590.86,1.1714225,0
6978932000,6978920000,6620172,230.12755,13.504221,98591.26,1.1714272,0
6979004000,6978980000,6620172,230.18301,13.503952,98590.61,1.1714196,0
6979048000,6979038000,6620172,230.31514,13.503702,98589.03,1.1714008,0
6979100000,6979088000,6620172,230.30986,13.503519,98589.125,1.1714019,0
6979168000,6979146666,6620172,230.40498,13.503302,98587.984,1.1713884,0
6979220000,6979208000,6620172,230.4737,13.503092,98587.19,1.1713789,0
6979292000,6979268000,6620172,230.28871,13.502905,98589.34,1.1714045,0
6979340000,6979328000,6620172,230.3257,13.50271,98588.94,1.1713997,0
6979412000,6979388000,6620172,230.39969,13.502539,98588.055,1.1713892,0
6979460000,6979448000,6620172,230.47102,13.502375,98587.23,1.1713793,0
6979532000,6979508000,6620172,230.48953,13.502223,98586.984,1.1713765,0
6979580000,6979568000,6620172,230.56088,13.502069,98586.17,1.1713668,0
6979652000,6979628000,6620172,230.57144,13.501938,98586.02,1.171365,0
6979700000,6979688000,6620172,230.5186,13.501795,98586.664,1.1713727,0
6979772000,6979746666,6620172,230.55031,13.501684,98586.27,1.171368,0
6979820000,6979806000,6620172,230.61902,13.501566,98585.48,1.1713586,0
6979868000,6979856000,6620172,230.60843,13.501474,98585.61,1.1713601,0
6979940000,6979916000,6620172,230.61374,13.5013685,98585.55,1.1713594,0
6979984000,6979972000,6620172,230.63222,13.501276,98585.31,1.1713566,0
6980060000,6980033333,6620172,230.71149,13.501185,98584.4,1.1713457,0
6980084000,6980084000,6620172,230.6243,13.501123,98585.41,1.1713578,0
6980176000,6980142000,6620172,230.61374,13.501017,98585.53,1.1713592,0
6980200000,6980200000,6620172,230.78546,13.50094,98583.52,1.1713353,0
6980276000,6980250666,6620172,230.65337,13.50088,98585.06,1.1713536,0
6980324000,6980312000,6620172,230.7062,13.500803,98584.45,1.1713464,0
6980396000,6980372000,6620172,230.7247,13.500748,98584.25,1.171344,0
6980444000,6980432000,6620172,230.66393,13.500696,98584.94,1.1713521,0
6980516000,6980490666,6620172,230.80133,13.500667,98583.34,1.1713332,0
6980560000,6980550000,6620172,230.6745,13.500696,98584.81,1.1713507,0
6980636000,6980610666,6620172,230.70093,13.500717,98584.53,1.1713474,0
6980680000,6980670000,6620172,230.66129,13.500772,98584.984,1.1713526,0
6980732000,6980720000,6620172,230.55031,13.500803,98586.3,1.1713682,0
6980804000,6980778666,6620172,230.69563,13.500839,98584.58,1.1713479,0
6980852000,6980840000,6620172,230.71413,13.500879,98584.34,1.171345,0
6980924000,6980900000,6620172,230.67978,13.500921,98584.75,1.1713499,0
6980972000,6980960000,6620172,230.65337,13.50094,98585.06,1.1713536,0
6981044000,6981020000,6620172,230.70093,13.500972,98584.52,1.1713473,0
6981092000,6981080000,6620172,230.71413,13.500971,98584.36,1.1713452,0
6981164000,6981140000,6620172,230.71149,13.500961,98584.375,1.1713455,0
6981212000,6981200000,6620172,230.73792,13.50094,98584.06,1.1713417,0
6981284000,6981260000,6620172,230.66129,13.5009,98584.97,1.1713525,0
6981328000,6981318000,6620172,230.73792,13.500849,98584.08,1.1713419,0
6981380000,6981368000,6620172,230.75642,13.500803,98583.875,1.1713395,0
6981452000,6981428000,6620172,230.72736,13.500708,98584.2,1.1713433,0
6981500000,6981488000,6620172,230.60051,13.50062,98585.69,1.1713611,0
6981568000,6981546666,6620172,230.79869,13.500494,98583.375,1.1713336,0
6981616000,6981606000,6620172,230.78546,13.5003605,98583.53,1.1713355,0
6981668000,6981656000,6620172,230.8304,13.500238,98582.99,1.171329,0
6981740000,6981714666,6620172,230.77754,13.500087,98583.61,1.1713364,0
6981788000,6981776000,6620172,230.87003,13.499933,98582.52,1.1713235,0
6981860000,6981834666,6620172,230.91495,13.499741,98581.99,1.1713171,0
6981908000,6981896000,6620172,230.87532,13.499552,98582.445,1.1713226,0
6981980000,6981956000,6620172,230.9493,13.499354,98581.61,1.1713126,0
6982028000,6982016000,6620172,231.02065,13.499125,98580.766,1.1713026,0
6982100000,6982074666,6620172,230.98894,13.498907,98581.125,1.1713068,0
6982148000,6982136000,6620172,230.89645,13.498667,98582.22,1.1713198,0
6982216000,6982192000,6620172,231.13954,13.498439,98579.375,1.171286,0
6982264000,6982252000,6620172,231.07878,13.498209,98580.07,1.1712943,0
6982316000,6982304000,6620172,231.14484,13.497995,98579.29,1.1712849,0
6982388000,6982364000,6620172,231.20296,13.497747,98578.62,1.171277,0
6982436000,6982424000,6620172,231.16069,13.497492,98579.09,1.1712826,0
6982508000,6982484000,6620172,231.29544,13.497229,98577.53,1.1712642,0
6982556000,6982544000,6620172,231.33244,13.496958,98577.09,1.1712589,0
6982624000,6982600000,6620172,231.38527,13.496679,98576.484,1.1712517,0
6982652000,6982652000,6620172,231.58345,13.496454,98574.14,1.1712239,0
6982748000,6982711000,6620172,231.43285,13.496172,98575.914,1.1712449,0
6982772000,6982772000,6620172,231.4672,13.495905,98575.51,1.1712401,0
6982868000,6982831000,6620172,231.47247,13.495615,98575.44,1.1712393,0
6982892000,6982892000,6620172,231.26373,13.495325,98577.914,1.1712687,0
6982988000,6982952000,6620172,231.58345,13.495043,98574.14,1.1712239,0
6983012000,6983012000,6620172,231.57025,13.494745,98574.31,1.1712258,0
6983108000,6983071000,6620172,231.56761,13.494463,98574.336,1.1712261,0
6983132000,6983132000,6620172,231.93224,13.494165,98570.05,1.1711752,0
6983228000,6983192000,6620172,231.73405,13.493883,98572.375,1.1712028,0
6983248000,6983248000,6620172,231.81598,13.493586,98571.41,1.1711913,0
6983320000,6983298666,6620172,231.86354,13.493362,98570.86,1.1711848,0
6983372000,6983360000,6620172,231.7737,13.493067,98571.92,1.1711975,0
6983444000,6983420000,6620172,231.92432,13.492793,98570.16,1.1711766,0
6983492000,6983478000,6620172,231.9058,13.492487,98570.36,1.1711789,0
6983560000,6983537333,6620172,232.10928,13.492213,98567.984,1.1711507,0
6983588000,6983588000,6620172,232.06436,13.491968,98568.51,1.1711569,0
6983684000,6983647000,6620172,232.0485,13.4916935,98568.68,1.171159,0
6983708000,6983708000,6620172,232.17534,13.491419,98567.195,1.1711413,0
6983804000,6983768000,6620172,232.28104,13.491129,98565.94,1.1711264,0
6983828000,6983828000,6620172,232.10135,13.490839,98568.06,1.1711516,0
6983924000,6983888000,6620172,232.28896,13.490557,98565.86,1.1711255,0
6983948000,6983948000,6620172,232.17798,13.49029,98567.164,1.171141,0
6984044000,6984008000,6620172,232.45543,13.49,98563.91,1.1711023,0
6984068000,6984068000,6620172,232.47127,13.48971,98563.71,1.1710999,0
6984164000,6984128000,6620172,232.43164,13.489443,98564.17,1.1711054,0
6984188000,6984188000,6620172,232.57697,13.489161,98562.48,1.1710854,0
6984284000,6984248000,6620172,232.55847,13.488878,98562.7,1.1710879,0
6984308000,6984308000,6620172,232.7355,13.488611,98560.62,1.1710632,0
6984404000,6984368000,6620172,232.59811,13.488321,98562.234,1.1710824,0
6984424000,6984424000,6620172,232.59283,13.488031,98562.27,1.1710829,0
6984500000,6984474666,6620172,232.76723,13.487819,98560.25,1.1710588,0
6984548000,6984536000,6620172,232.7857,13.487543,98560.016,1.171056,0
6984620000,6984596000,6620172,232.65889,13.487269,98561.5,1.1710737,0
6984668000,6984656000,6620172,232.95482,13.486994,98558.03,1.1710324,0
6984736000,6984712000,6620172,232.86234,13.48671,98559.12,1.1710453,0
6984764000,6984764000,6620172,232.78043,13.486475,98560.086,1.1710569,0
6984856000,6984823000,6620172,232.95746,13.486208,98558.016,1.1710322,0
6984884000,6984884000,6620172,233.0843,13.485926,98556.51,1.1710143,0
6984980000,6984943000,6620172,232.97331,13.485643,98557.81,1.1710298,0
6985004000,6985004000,6620172,232.94426,13.485376,98558.16,1.1710339,0
6985100000,6985064000,6620172,233.1662,13.485086,98555.56,1.1710031,0
6985124000,6985124000,6620172,233.0975,13.484797,98556.375,1.1710128,0
6985220000,6985184000,6620172,233.25339,13.484514,98554.53,1.1709908,0
6985244000,6985244000,6620172,233.30888,13.484247,98553.89,1.1709833,0
6985340000,6985303000,6620172,233.31418,13.483957,98553.81,1.1709824,0
6985364000,6985364000,6620172,233.56255,13.483667,98550.89,1.1709476,0
6985460000,6985424000,6620172,233.35117,13.4834,98553.375,1.1709771,0
6985484000,6985484000,6620172,233.46744,13.483118,98552.01,1.1709609,0
6985580000,6985544000,6620172,233.51764,13.482836,98551.42,1.1709539,0
6985604000,6985604000,6620172,233.50177,13.482538,98551.625,1.1709564,0
6985696000,6985662000,6620172,233.50177,13.482271,98551.61,1.1709561,0
6985724000,6985724000,6620172,233.61804,13.481989,98550.25,1.1709399,0
6985820000,6985784000,6620172,233.60483,13.481707,98550.41,1.1709418,0
6985844000,6985844000,6620172,233.71846,13.48144,98549.06,1.170926,0
6985940000,6985904000,6620172,233.73958,13.48115,98548.82,1.170923,0
6985964000,6985964000,6620172,233.58633,13.48089,98550.625,1.1709445,0
6986060000,6986024000,6620172,233.83472,13.480593,98547.7,1.1709096,0
6986084000,6986084000,6620172,233.95625,13.48031,98546.27,1.1708927,0
6986180000,6986144000,6620172,233.9589,13.480028,98546.24,1.1708924,0
6986200000,6986200000,6620172,233.96155,13.479761,98546.22,1.1708921,0
6986276000,6986252000,6620172,233.9774,13.479518,98546.05,1.17089,0
6986324000,6986312000,6620172,234.02495,13.479242,98545.47,1.1708832,0
6986392000,6986370666,6620172,233.97476,13.478949,98546.06,1.1708902,0
6986444000,6986432000,6620172,234.08308,13.4786625,98544.8,1.1708752,0
6986516000,6986492000,6620172,234.13593,13.478378,98544.17,1.1708677,0
6986564000,6986552000,6620172,234.13329,13.478083,98544.22,1.1708684,0
6986636000,6986612000,6620172,234.18878,13.477809,98543.56,1.1708605,0
6986684000,6986672000,6620172,234.2839,13.477533,98542.445,1.1708472,0
6986756000,6986732000,6620172,234.23105,13.47724,98543.055,1.1708546,0
6986804000,6986792000,6620172,234.2892,13.4769535,98542.36,1.1708463,0
6986876000,6986852000,6620172,234.3209,13.476669,98541.99,1.1708419,0
6986924000,6986912000,6620172,234.50586,13.476374,98539.81,1.170816,0
6986996000,6986972000,6620172,234.51378,13.4761,98539.72,1.1708149,0
6987044000,6987032000,6620172,234.65382,13.475809,98538.086,1.1707954,0
6987116000,6987092000,6620172,234.60892,13.47552,98538.625,1.1708019,0
6987160000,6987150000,6620172,234.53757,13.4752445,98539.45,1.1708118,0
6987212000,6987200000,6620172,234.54285,13.475016,98539.375,1.1708108,0
6987284000,6987258666,6620172,234.66174,13.474737,98537.984,1.1707942,0
6987332000,6987320000,6620172,234.6459,13.474451,98538.19,1.1707966,0
6987404000,6987378666,6620172,234.78331,13.474167,98536.56,1.1707773,0
6987452000,6987440000,6620172,234.80179,13.4738865,98536.34,1.1707748,0
6987520000,6987498666,6620172,234.99469,13.473608,98534.086,1.1707479,0
6987572000,6987560000,6620172,234.88107,13.473322,98535.42,1.1707639,0
6987644000,6987620000,6620172,234.99733,13.473048,98534.05,1.1707475,0
6987692000,6987680000,6620172,235.03433,13.472773,98533.61,1.1707423,0
6987764000,6987738666,6620172,235.02376,13.472488,98533.734,1.1707437,0
6987812000,6987800000,6620172,234.98677,13.472208,98534.19,1.1707492,0
6987880000,6987858666,6620172,235.14265,13.471939,98532.34,1.1707271,0
6987932000,6987918000,6620172,235.07924,13.471659,98533.08,1.170736,0
6987980000,6987968000,6620172,235.30385,13.47143,98530.44,1.1707046,0
6988048000,6988025333,6620172,235.24571,13.471167,98531.15,1.1707131,0
6988076000,6988076000,6620172,235.24307,13.470942,98531.16,1.1707132,0
6988172000,6988136000,6620172,235.4069,13.470667,98529.24,1.1706903,0
6988196000,6988196000,6620172,235.29062,13.470392,98530.59,1.1707065,0
6988292000,6988255000,6620172,235.38312,13.470133,98529.516,1.1706936,0
6988316000,6988316000,6620172,235.54428,13.469843,98527.625,1.1706712,0
6988408000,6988374000,6620172,235.53372,13.4695835,98527.766,1.1706729,0
6988436000,6988436000,6620172,235.41483,13.469324,98529.14,1.1706892,0
6988532000,6988495000,6620172,235.5813,13.469034,98527.2,1.1706662,0
6988556000,6988556000,6620172,235.63148,13.468775,98526.59,1.170659,0
6988652000,6988616000,6620172,235.70284,13.4684925,98525.78,1.1706492,0
6988676000,6988676000,6620172,235.77417,13.4682255,98524.93,1.1706392,0
6988772000,6988735000,6620172,235.72131,13.467951,98525.55,1.1706465,0
6988792000,6988792000,6620172,235.8323,13.467676,98524.25,1.170631,0
6988868000,6988842666,6620172,235.75833,13.467453,98525.125,1.1706414,0
6988916000,6988904000,6620172,235.95914,13.467188,98522.75,1.1706132,0
6988988000,6988964000,6620172,235.8508,13.466904,98524.03,1.1706285,0
6989036000,6989024000,6620172,235.95386,13.466639,98522.83,1.1706141,0
6989108000,6989082666,6620172,235.95914,13.466365,98522.75,1.1706132,0
6989152000,6989142000,6620172,235.9195,13.466089,98523.234,1.170619,0
6989204000,6989192000,6620172,236.01463,13.465876,98522.11,1.1706057,0
6989272000,6989249333,6620172,236.09918,13.465612,98521.125,1.170594,0
6989300000,6989300000,6620172,236.1943,13.465387,98519.99,1.1705805,0
6989396000,6989359000,6620172,236.18639,13.465113,98520.09,1.1705817,0
6989420000,6989420000,6620172,236.29207,13.464838,98518.86,1.170567,0
6989516000,6989480000,6620172,236.32379,13.464579,98518.484,1.1705626,0
6989540000,6989540000,6620172,236.3132,13.464289,98518.59,1.1705638,0
6989636000,6989600000,6620172,236.39249,13.464029,98517.66,1.1705527,0
6989660000,6989660000,6620172,236.40305,13.46377,98517.55,1.1705514,0
6989756000,6989720000,6620172,236.46382,13.463488,98516.82,1.1705428,0
6989780000,6989780000,6620172,236.50082,13.463221,98516.41,1.1705378,0
6989876000,6989840000,6620172,236.5061,13.462946,98516.33,1.1705369,0
6989900000,6989900000,6620172,236.55365,13.462671,98515.79,1.1705306,0
6989996000,6989960000,6620172,236.61972,13.462404,98515.0,1.1705211,0
6990020000,6990020000,6620172,236.76505,13.462122,98513.3,1.1705009,0
6990116000,6990079000,6620172,236.70691,13.461855,98513.98,1.170509,0
6990140000,6990140000,6620172,236.7122,13.461573,98513.91,1.1705081,0
6990236000,6990200000,6620172,236.77824,13.461313,98513.15,1.1704992,0
6990260000,6990260000,6620172,236.79147,13.461023,98512.984,1.1704972,0
6990356000,6990320000,6620172,236.8813,13.460764,98511.94,1.1704848,0
6990376000,6990376000,6620172,236.88924,13.460505,98511.836,1.1704836,0
6990452000,6990428000,6620172,236.88924,13.460272,98511.83,1.1704835,0
6990500000,6990488000,6620172,237.10591,13.460001,98509.3,1.1704534,0
6990572000,6990548000,6620172,236.99757,13.4597225,98510.56,1.1704684,0
6990620000,6990608000,6620172,237.0874,13.459452,98509.516,1.170456,0
6990692000,6990668000,6620172,237.11383,13.459173,98509.21,1.1704524,0
6990740000,6990728000,6620172,237.24332,13.458887,98507.68,1.1704341,0
6990812000,6990788000,6620172,237.14554,13.458613,98508.81,1.1704477,0
6990856000,6990846000,6620172,237.28294,13.458338,98507.2,1.1704285,0
6990928000,6990904000,6620172,237.27238,13.458064,98507.36,1.1704304,0
6990976000,6990964000,6620172,237.25124,13.457788,98507.58,1.170433,0
6991024000,6991014000,6620172,237.33842,13.45756,98506.56,1.1704209,0
6991076000,6991064000,6620172,237.3807,13.457331,98506.06,1.170415,0
6991148000,6991122666,6620172,237.3992,13.457057,98505.86,1.1704125,0
6991196000,6991184000,6620172,237.349,13.456766,98506.44,1.1704195,0
6991268000,6991244000,6620172,237.49696,13.456488,98504.69,1.1703986,0
6991312000,6991300000,6620172,237.5181,13.456202,98504.47,1.1703961,0
6991364000,6991352000,6620172,237.7665,13.455973,98501.555,1.1703614,0
6991436000,6991410666,6620172,237.64493,13.455684,98502.97,1.1703782,0
6991480000,6991468000,6620172,237.63173,13.455408,98503.12,1.17038,0
6991532000,6991518000,6620172,237.82726,13.455179,98500.81,1.1703526,0
6991604000,6991578666,6620172,237.68457,13.45489,98502.484,1.1703724,0
6991652000,6991640000,6620172,237.79555,13.454615,98501.2,1.1703572,0
6991724000,6991700000,6620172,237.89331,13.45433,98500.03,1.1703433,0
6991772000,6991760000,6620172,237.9488,13.45405,98499.414,1.170336,0
6991844000,6991820000,6620172,237.96466,13.453772,98499.21,1.1703336,0
6991892000,6991880000,6620172,238.11526,13.4534855,98497.44,1.1703124,0
6991964000,6991940000,6620172,237.94087,13.453212,98499.484,1.1703368,0
6992012000,6992000000,6620172,238.00429,13.452936,98498.734,1.1703279,0
6992080000,6992058666,6620172,238.10205,13.452652,98497.61,1.1703146,0
6992128000,6992116000,6620172,238.15225,13.452372,98497.0,1.1703073,0
6992180000,6992168000,6620172,238.22095,13.452158,98496.21,1.1702979,0
6992252000,6992226666,6620172,238.15755,13.4518795,98496.95,1.1703067,0
6992300000,6992288000,6620172,238.32137,13.451593,98495.03,1.1702839,0
6992372000,6992348000,6620172,238.36894,13.45132,98494.46,1.1702771,0
6992420000,6992408000,6620172,238.35571,13.451044,98494.625,1.170279,0
6992492000,6992468000,6620172,238.3795,13.45077,98494.336,1.1702756,0
6992540000,6992528000,6620172,238.46405,13.450495,98493.34,1.1702639,0
6992612000,6992588000,6620172,238.54597,13.450211,98492.41,1.1702527,0
6992660000,6992648000,6620172,238.57503,13.44993,98492.03,1.1702483,0
6992732000,6992708000,6620172,238.63844,13.449652,98491.3,1.1702396,0
6992780000,6992768000,6620172,238.66223,13.449366,98491.03,1.1702363,0
6992852000,6992828000,6620172,238.68071,13.449102,98490.81,1.1702337,0
6992900000,6992886000,6620172,238.78377,13.448816,98489.59,1.1702193,0
6992948000,6992936000,6620172,238.7415,13.448603,98490.1,1.1702253,0
6993020000,6992996000,6620172,238.75735,13.4483185,98489.91,1.170223,0
6993068000,6993056000,6620172,238.77849,13.448053,98489.66,1.17022,0
6993136000,6993114666,6620172,238.90532,13.447769,98488.19,1.1702026,0
6993188000,6993176000,6620172,239.00046,13.447504,98487.06,1.1701891,0
6993260000,6993234666,6620172,238.8921,13.44722,98488.336,1.1702044,0
6993308000,6993296000,6620172,238.90532,13.446955,98488.19,1.1702026,0
6993380000,6993356000,6620172,238.9978,13.446671,98487.086,1.1701895,0
6993428000,6993416000,6620172,239.13783,13.446405,98485.45,1.1701702,0
6993500000,6993474666,6620172,239.11935,13.446121,98485.65,1.1701725,0
6993548000,6993534000,6620172,239.09029,13.445856,98486.01,1.1701767,0
6993596000,6993584000,6620172,239.32018,13.445627,98483.3,1.1701444,0
6993668000,6993644000,6620172,239.23825,13.445358,98484.266,1.170156,0
6993716000,6993704000,6620172,239.17749,13.445078,98484.984,1.1701645,0
6993788000,6993764000,6620172,239.29375,13.444809,98483.625,1.1701484,0
6993836000,6993824000,6620172,239.28583,13.444529,98483.69,1.1701491,0
6993908000,6993884000,6620172,239.43115,13.44426,98482.0,1.1701291,0
6993956000,6993942000,6620172,239.42851,13.443979,98482.02,1.1701293,0
6994004000,6993992000,6620172,239.59232,13.44375,98480.11,1.1701066,0
6994076000,6994050666,6620172,239.49721,13.443487,98481.21,1.1701196,0
6994120000,6994110000,6620172,239.54741,13.443201,98480.64,1.1701128,0
6994196000,6994170666,6620172,239.65309,13.442927,98479.4,1.1700982,0
6994244000,6994232000,6620172,239.64517,13.442652,98479.48,1.170099,0
6994316000,6994292000,6620172,239.735,13.442378,98478.44,1.1700867,0
6994364000,6994352000,6620172,239.65839,13.442102,98479.33,1.1700972,0
6994436000,6994410666,6620172,239.76407,13.441818,98478.086,1.1700826,0
6994484000,6994470000,6620172,239.83278,13.441538,98477.3,1.1700733,0
6994532000,6994520000,6620172,239.93054,13.441309,98476.14,1.1700594,0
6994600000,6994578666,6620172,239.92526,13.441035,98476.19,1.17006,0
6994652000,6994640000,6620172,239.8592,13.44076,98476.99,1.1700696,0
6994724000,6994698666,6620172,239.99132,13.440475,98475.42,1.170051,0
6994772000,6994760000,6620172,240.07587,13.44021,98474.44,1.1700392,0
6994840000,6994818666,6620172,240.0653,13.439926,98474.555,1.1700406,0
6994892000,6994880000,6620172,240.07059,13.439661,98474.5,1.1700399,0
6994964000,6994940000,6620172,240.17628,13.439387,98473.24,1.170025,0
6995008000,6994996000,6620172,240.134,13.439112,98473.76,1.1700312,0
6995060000,6995048000,6620172,240.08908,13.438898,98474.28,1.1700373,0
6995132000,6995108000,6620172,240.22911,13.438635,98472.64,1.1700178,0
6995180000,6995166000,6620172,240.208,13.438364,98472.89,1.1700208,0
6995228000,6995216000,6620172,240.45901,13.43815,98469.94,1.1699858,0
6995300000,6995276000,6620172,240.3401,13.437872,98471.336,1.1700023,0
6995348000,6995336000,6620172,240.40086,13.437601,98470.625,1.1699939,0
6995420000,6995396000,6620172,240.50128,13.437353,98469.45,1.1699799,0
6995468000,6995454000,6620172,240.38766,13.437082,98470.766,1.1699955,0
6995516000,6995504000,6620172,240.4405,13.436884,98470.14,1.1699882,0
6995588000,6995564000,6620172,240.56734,13.436621,98468.65,1.1699705,0
6995636000,6995624000,6620172,240.51715,13.43638,98469.26,1.1699777,0
6995708000,6995682666,6620172,240.62283,13.436122,98468.016,1.1699629,0
6995756000,6995742000,6620172,240.74437,13.435892,98466.58,1.1699458,0
6995804000,6995792000,6620172,240.72589,13.435709,98466.805,1.1699485,0
6995876000,6995852000,6620172,240.76288,13.435501,98466.37,1.1699433,0
6995924000,6995910000,6620172,240.71794,13.435297,98466.89,1.1699495,0
6995992000,6995969333,6620172,240.74437,13.435104,98466.58,1.1699458,0
6996020000,6996020000,6620172,240.82628,13.434961,98465.625,1.1699345,0
6996112000,6996078000,6620172,240.91348,13.434778,98464.61,1.1699225,0
6996140000,6996140000,6620172,240.82628,13.434626,98465.63,1.1699345,0
6996236000,6996200000,6620172,240.87122,13.434473,98465.09,1.1699282,0
6996260000,6996260000,6620172,240.99275,13.43432,98463.69,1.1699115,0
6996356000,6996319000,6620172,240.9716,13.434198,98463.93,1.1699144,0
6996380000,6996380000,6620172,240.97691,13.434076,98463.87,1.1699136,0
6996472000,6996438000,6620172,241.01126,13.433954,98463.45,1.1699088,0
6996500000,6996500000,6620172,240.91612,13.433863,98464.56,1.1699219,0
6996596000,6996560000,6620172,240.93727,13.433756,98464.31,1.1699189,0
6996620000,6996620000,6620172,241.03767,13.433649,98463.14,1.169905,0
6996716000,6996680000,6620172,241.0773,13.433573,98462.69,1.1698996,0
6996740000,6996740000,6620172,241.0773,13.433496,98462.68,1.1698995,0
6996836000,6996800000,6620172,241.0826,13.43342,98462.625,1.1698989,0
6996860000,6996860000,6620172,241.12752,13.433344,98462.09,1.1698925,0
6996956000,6996918000,6620172,241.05617,13.433283,98462.914,1.1699023,0
6996980000,6996980000,6620172,241.13016,13.433222,98462.07,1.1698923,0
6997076000,6997037000,6620172,241.12224,13.433168,98462.14,1.1698931,0
6997096000,6997096000,6620172,241.02182,13.4331,98463.336,1.1699073,0
6997172000,6997148000,6620172,241.10637,13.433081,98462.34,1.1698955,0
6997220000,6997208000,6620172,241.22792,13.433023,98460.91,1.1698785,0
6997292000,6997266666,6620172,241.16978,13.432989,98461.586,1.1698865,0
6997340000,6997328000,6620172,241.17506,13.432947,98461.53,1.1698859,0
6997412000,6997386666,6620172,241.14867,13.432907,98461.836,1.1698895,0
6997460000,6997448000,6620172,241.0773,13.432871,98462.67,1.1698993,0
6997532000,6997508000,6620172,241.13808,13.432846,98461.97,1.169891,0
6997580000,6997568000,6620172,241.14336,13.43281,98461.89,1.1698902,0
6997648000,6997624000,6620172,241.20943,13.432785,98461.125,1.1698811,0
6997696000,6997684000,6620172,241.30455,13.432764,98460.0,1.1698676,0
6997748000,6997736000,6620172,241.2332,13.432734,98460.84,1.1698778,0
6997820000,6997796000,6620172,241.19885,13.432724,98461.234,1.1698823,0
6997868000,6997854000,6620172,241.14336,13.432703,98461.91,1.1698903,0
6997916000,6997904000,6620172,241.14867,13.4326725,98461.84,1.1698896,0
6997984000,6997962666,6620172,241.11696,13.432673,98462.2,1.1698939,0
6998036000,6998024000,6620172,241.22528,13.432642,98460.92,1.1698786,0
6998108000,6998084000,6620172,241.2147,13.432643,98461.05,1.1698802,0
6998156000,6998144000,6620172,241.04561,13.432642,98463.05,1.1699039,0
6998228000,6998204000,6620172,241.17506,13.432643,98461.55,1.169886,0
6998276000,6998264000,6620172,241.1883,13.432642,98461.39,1.1698842,0
6998348000,6998324000,6620172,241.1328,13.432673,98462.016,1.1698917,0
6998396000,6998384000,6620172,241.146,13.432688,98461.875,1.1698899,0
6998468000,6998441333,6620172,241.19093,13.432714,98461.336,1.1698835,0
6998492000,6998492000,6620172,240.9716,13.432734,98463.93,1.1699144,0
6998588000,6998551000,6620172,241.19621,13.432756,98461.28,1.1698829,0
6998612000,6998612000,6620172,241.29135,13.432795,98460.17,1.1698697,0
6998704000,6998671000,6620172,241.20149,13.432802,98461.22,1.1698822,0
6998732000,6998732000,6620172,241.19885,13.432825,98461.26,1.1698827,0
6998828000,6998792000,6620172,241.16187,13.432848,98461.69,1.1698877,0
6998852000,6998852000,6620172,241.0641,13.432856,98462.836,1.1699014,0
6998948000,6998912000,6620172,241.09317,13.432886,98462.5,1.1698974,0
6998972000,6998972000,6620172,241.13544,13.432917,98462.0,1.1698915,0
6999064000,6999031000,6620172,241.1328,13.432924,98462.05,1.169892,0
6999088000,6999088000,6620172,241.18036,13.432947,98461.47,1.1698852,0
6999188000,6999150000,6620172,241.07466,13.432955,98462.695,1.1698997,0
6999212000,6999212000,6620172,241.06145,13.432978,98462.87,1.1699017,0
6999308000,6999271000,6620172,241.13016,13.432985,98462.06,1.1698922,0
6999332000,6999332000,6620172,241.05353,13.433008,98462.96,1.1699028,0
6999428000,6999391000,6620172,241.08788,13.433016,98462.56,1.1698982,0
6999452000,6999452000,6620172,241.14867,13.433039,98461.836,1.1698895,0
6999544000,6999511000,6620172,241.1143,13.433046,98462.234,1.1698942,0
6999572000,6999572000,6620172,241.1883,13.433069,98461.37,1.169884,0
6999668000,6999632000,6620172,241.06938,13.433069,98462.77,1.1699007,0
6999692000,6999692000,6620172,241.3706,13.4331,98459.24,1.1698587,0
6999788000,6999752000,6620172,241.12752,13.4331,98462.09,1.1698925,0
6999812000,6999812000,6620172,241.00595,13.4331,98463.516,1.1699095,0
6999908000,6999870000,6620172,241.183,13.433123,98461.45,1.1698849,0
6999932000,6999932000,6620172,241.02446,13.43313,98463.29,1.1699067,0
7000028000,6999992000,6620172,241.11696,13.43313,98462.22,1.1698941,0
7000052000,7000052000,6620172,241.22792,13.433161,98460.914,1.1698786,0
7000144000,7000110000,6620172,241.1328,13.433161,98462.02,1.1698917,0
7000168000,7000168000,6620172,241.12224,13.433161,98462.15,1.1698933,0
7000268000,7000230000,6620172,241.09581,13.433168,98462.445,1.1698967,0
7000292000,7000292000,6620172,241.14072,13.433191,98461.92,1.1698905,0
7000388000,7000351000,6620172,241.09581,13.433191,98462.45,1.1698967,0
7000408000,7000408000,6620172,241.24113,13.433191,98460.75,1.1698766,0
7000484000,7000460000,6620172,241.10637,13.433212,98462.33,1.1698953,0
7000532000,7000518000,6620172,241.14072,13.433222,98461.92,1.1698905,0
7000580000,7000568000,6620172,241.19621,13.433222,98461.3,1.169883,0
7000652000,7000628000,6620172,241.15923,13.433233,98461.72,1.1698881,0
7000700000,7000686000,6620172,241.10901,13.433252,98462.305,1.169895,0
7000748000,7000736000,6620172,240.98483,13.433252,98463.78,1.1699126,0
7000820000,7000796000,6620172,241.09317,13.433253,98462.5,1.1698974,0
7000868000,7000856000,6620172,241.02182,13.433252,98463.33,1.1699072,0
7000940000,7000916000,6620172,241.10109,13.433284,98462.4,1.1698961,0
7000988000,7000976000,6620172,241.10373,13.433283,98462.37,1.1698959,0
7001060000,7001036000,6620172,240.96896,13.433284,98463.94,1.1699145,0
7001108000,7001096000,6620172,241.14336,13.433283,98461.914,1.1698904,0
7001180000,7001156000,6620172,241.15659,13.433294,98461.74,1.1698884,0
7001228000,7001214000,6620172,241.04031,13.433313,98463.125,1.1699048,0
7001276000,7001264000,6620172,241.16714,13.433313,98461.61,1.1698868,0
7001348000,7001322666,6620172,241.15659,13.433314,98461.734,1.1698883,0
7001396000,7001384000,6620172,241.07466,13.433313,98462.71,1.1699,0
7001468000,7001444000,6620172,241.02974,13.433314,98463.234,1.1699061,0
7001516000,7001502000,6620172,241.13016,13.433329,98462.06,1.1698922,0
7001564000,7001552000,6620172,241.06674,13.433344,98462.8,1.1699009,0
7001636000,7001612000,6620172,241.09845,13.433345,98462.42,1.1698965,0
7001684000,7001672000,6620172,241.11165,13.433344,98462.266,1.1698946,0
7001756000,7001732000,6620172,240.97427,13.433345,98463.875,1.1699138,0
7001804000,7001792000,6620172,241.12224,13.433374,98462.16,1.1698934,0
7001876000,7001852000,6620172,241.09053,13.433375,98462.53,1.1698977,0
7001924000,7001910000,6620172,241.04561,13.433374,98463.055,1.169904,0
7001972000,7001960000,6620172,241.02974,13.433374,98463.22,1.1699059,0
7002044000,7002020000,6620172,241.06938,13.433395,98462.77,1.1699007,0
7002092000,7002080000,6620172,241.06145,13.433405,98462.86,1.1699016,0
7002164000,7002140000,6620172,241.11165,13.433406,98462.28,1.1698948,0
7002212000,7002200000,6620172,241.11696,13.433405,98462.22,1.1698941,0
7002284000,7002258666,6620172,241.1143,13.433426,98462.234,1.1698942,0
7002332000,7002320000,6620172,241.12752,13.433435,98462.08,1.1698924,0
7002404000,7002380000,6620172,241.15659,13.433436,98461.766,1.1698886,0
7002448000,7002438000,6620172,241.183,13.433435,98461.45,1.1698849,0
7002520000,7002496000,6620172,241.04297,13.433447,98463.086,1.1699044,0
7002568000,7002556000,6620172,241.0773,13.433466,98462.67,1.1698993,0
7002620000,7002608000,6620172,241.09581,13.433466,98462.46,1.1698968,0
7002692000,7002668000,6620172,241.05353,13.433467,98462.96,1.1699028,0
7002740000,7002728000,6620172,241.00862,13.433466,98463.484,1.169909,0
7002812000,7002788000,6620172,241.11165,13.433487,98462.266,1.1698946,0
7002860000,7002848000,6620172,241.13808,13.433496,98461.95,1.1698909,0
7002928000,7002906666,6620172,241.01126,13.433497,98463.46,1.1699088,0
7002980000,7002968000,6620172,241.0826,13.433496,98462.61,1.1698986,0
7003052000,7003026666,6620172,241.04031,13.433508,98463.12,1.1699047,0
7003100000,7003088000,6620172,241.09317,13.433527,98462.49,1.1698973,0
7003172000,7003148000,6620172,241.04825,13.433528,98463.016,1.1699035,0
7003220000,7003208000,6620172,241.06145,13.433527,98462.86,1.1699016,0
7003292000,7003268000,6620172,241.01918,13.433528,98463.375,1.1699078,0
7003340000,7003328000,6620172,240.99275,13.433527,98463.67,1.1699114,0
7003412000,7003388000,6620172,241.0773,13.433528,98462.68,1.1698995,0
7003460000,7003448000,6620172,241.05353,13.433527,98462.96,1.1699028,0
7003532000,7003508000,6620172,240.9716,13.433528,98463.92,1.1699142,0
7003580000,7003568000,6620172,241.06938,13.433527,98462.78,1.1699008,0
7003652000,7003628000,6620172,241.05089,13.433528,98462.99,1.1699033,0
7003700000,7003688000,6620172,241.0826,13.433527,98462.62,1.1698987,0
7003772000,7003748000,6620172,241.09845,13.433528,98462.44,1.1698967,0
7003820000,7003808000,6620172,241.11696,13.433527,98462.22,1.1698941,0
7003892000,7003868000,6620172,241.11165,13.433528,98462.27,1.1698947,0
7003940000,7003928000,6620172,241.05089,13.433527,98462.99,1.1699033,0
7004012000,7003988000,6620172,240.99539,13.433528,98463.64,1.1699109,0
7004056000,7004046000,6620172,241.07466,13.433527,98462.7,1.1698998,0
7004108000,7004096000,6620172,240.9822,13.433527,98463.8,1.1699128,0
7004180000,7004156000,6620172,241.0773,13.433528,98462.67,1.1698993,0
7004228000,7004216000,6620172,241.12752,13.433527,98462.09,1.1698925,0
7004300000,7004276000,6620172,241.01918,13.433528,98463.375,1.1699078,0
7004348000,7004334000,6620172,241.03767,13.433527,98463.14,1.169905,0
7004396000,7004384000,6620172,241.0826,13.433527,98462.61,1.1698986,0
7004468000,7004444000,6620172,241.0588,13.433528,98462.9,1.1699021,0
7004516000,7004504000,6620172,241.12224,13.433527,98462.14,1.1698931,0
7004588000,7004564000,6620172,240.95576,13.433528,98464.09,1.1699164,0
7004636000,7004624000,6620172,241.13016,13.433527,98462.06,1.1698922,0
7004708000,7004682666,6620172,240.99539,13.433528,98463.64,1.1699109,0
7004756000,7004744000,6620172,241.1196,13.433527,98462.17,1.1698934,0
7004824000,7004802666,6620172,241.19093,13.433528,98461.34,1.1698836,0
7004876000,7004862000,6620172,241.0588,13.433527,98462.89,1.169902,0
7004924000,7004912000,6620172,241.07202,13.433527,98462.75,1.1699003,0
7004996000,7004972000,6620172,241.04031,13.433528,98463.125,1.1699048,0
7005044000,7005030000,6620172,241.0588,13.433527,98462.89,1.169902,0
7005116000,7005090666,6620172,241.09845,13.433538,98462.42,1.1698965,0
7005164000,7005150000,6620172,241.00067,13.4335575,98463.57,1.1699101,0
7005212000,7005200000,6620172,241.03767,13.4335575,98463.14,1.169905,0
7005280000,7005257333,6620172,241.01126,13.433558,98463.45,1.1699088,0
7005308000,7005308000,6620172,240.99539,13.4335575,98463.66,1.1699111,0
7005404000,7005368000,6620172,241.06938,13.4335575,98462.78,1.1699008,0
7005428000,7005428000,6620172,241.0773,13.4335575,98462.68,1.1698995,0
7005524000,7005488000,6620172,241.0588,13.433565,98462.91,1.1699022,0
7005544000,7005544000,6620172,241.02974,13.433588,98463.24,1.1699063,0
7005620000,7005596000,6620172,241.01654,13.433589,98463.39,1.1699079,0
7005668000,7005656000,6620172,241.00331,13.433588,98463.55,1.1699098,0
7005740000,7005716000,6620172,241.07466,13.433589,98462.72,1.1699,0
7005788000,7005776000,6620172,241.04825,13.433603,98463.016,1.1699035,0
7005856000,7005834666,6620172,241.0588,13.4336195,98462.89,1.169902,0
7005908000,7005896000,6620172,241.03503,13.433619,98463.19,1.1699055,0
7005980000,7005956000,6620172,241.02182,13.4336195,98463.336,1.1699073,0
7006028000,7006016000,6620172,241.07996,13.433634,98462.66,1.1698992,0
7006100000,7006074666,6620172,241.05353,13.43365,98462.95,1.1699028,0
7006148000,7006136000,6620172,241.04297,13.433649,98463.086,1.1699044,0
7006220000,7006196000,6620172,241.0139,13.43365,98463.44,1.1699085,0
7006268000,7006254000,6620172,241.03767,13.43368,98463.16,1.1699052,0
7006316000,7006304000,6620172,241.10109,13.43368,98462.38,1.1698959,0
7006388000,7006364000,6620172,241.02182,13.433681,98463.31,1.1699071,0
7006436000,7006422000,6620172,240.97955,13.43368,98463.836,1.1699132,0
7006508000,7006482666,6620172,240.93727,13.433711,98464.336,1.1699191,0
7006556000,7006544000,6620172,241.06674,13.43371,98462.81,1.169901,0
7006624000,7006601333,6620172,240.9716,13.433711,98463.91,1.169914,0
7006652000,7006652000,6620172,241.16187,13.43371,98461.69,1.1698877,0
7006748000,7006712000,6620172,241.02182,13.433725,98463.31,1.1699071,0
7006772000,7006772000,6620172,240.96104,13.433741,98464.05,1.1699157,0
7006868000,7006832000,6620172,241.03238,13.433741,98463.21,1.1699058,0
7006892000,7006892000,6620172,241.0641,13.433741,98462.82,1.1699011,0
7006988000,7006952000,6620172,241.04031,13.4337635,98463.11,1.1699046,0
7007012000,7007012000,6620172,240.84215,13.433771,98465.445,1.1699324,0
7007108000,7007072000,6620172,241.05353,13.433779,98462.945,1.1699027,0
7007132000,7007132000,6620172,241.09581,13.433802,98462.48,1.1698971,0
7007228000,7007192000,6620172,240.9716,13.433802,98463.91,1.169914,0
7007252000,7007252000,6620172,241.14867,13.433802,98461.84,1.1698896,0
7007348000,7007311000,6620172,241.01918,13.433832,98463.37,1.1699077,0
7007372000,7007372000,6620172,240.97427,13.433832,98463.88,1.1699139,0
7007468000,7007432000,6620172,240.98483,13.43384,98463.766,1.1699123,0
7007492000,7007492000,6620172,240.97955,13.433863,98463.81,1.169913,0
7007584000,7007550000,6620172,241.05617,13.433863,98462.93,1.1699024,0
7007612000,7007612000,6620172,241.15923,13.433863,98461.7,1.1698879,0
7007708000,7007671000,6620172,241.06145,13.433878,98462.85,1.1699016,0
7007732000,7007732000,6620172,240.94519,13.433893,98464.24,1.1699181,0
7007824000,7007790000,6620172,240.9584,13.433893,98464.08,1.1699162,0
7007848000,7007848000,6620172,240.95576,13.433893,98464.125,1.1699166,0
7007924000,7007898666,6620172,240.99803,13.433894,98463.625,1.1699107,0
7007972000,7007960000,6620172,240.93198,13.433893,98464.375,1.1699197,0
7008044000,7008018666,6620172,240.99275,13.433894,98463.67,1.1699114,0
7008088000,7008078000,6620172,241.0588,13.433893,98462.91,1.1699022,0
7008140000,7008128000,6620172,241.03767,13.433893,98463.14,1.169905,0
7008212000,7008188000,6620172,240.9584,13.433914,98464.086,1.1699163,0
7008256000,7008246000,6620172,241.00595,13.433924,98463.516,1.1699095,0
7008332000,7008306666,6620172,240.88177,13.433925,98464.984,1.1699269,0
7008380000,7008368000,6620172,240.9716,13.433924,98463.92,1.1699142,0
7008452000,7008428000,6620172,241.00331,13.433925,98463.55,1.1699098,0
7008500000,7008488000,6620172,240.95312,13.433924,98464.15,1.169917,0
7008572000,7008548000,6620172,240.92406,13.433925,98464.47,1.1699208,0
7008620000,7008608000,6620172,240.91612,13.433924,98464.56,1.1699219,0
7008692000,7008668000,6620172,240.97427,13.433925,98463.875,1.1699138,0
7008740000,7008728000,6620172,240.94785,13.433908,98464.2,1.1699176,0
7008812000,7008788000,6620172,240.93991,13.433894,98464.3,1.1699188,0
7008860000,7008848000,6620172,241.04561,13.433893,98463.05,1.1699039,0
7008928000,7008906666,6620172,241.04825,13.433894,98463.016,1.1699035,0
7008980000,7008968000,6620172,241.02974,13.433893,98463.22,1.1699059,0
7009052000,7009028000,6620172,240.93727,13.433874,98464.31,1.1699189,0
7009100000,7009088000,6620172,241.02974,13.433863,98463.22,1.1699059,0
7009168000,7009146666,6620172,240.99803,13.433864,98463.59,1.1699104,0
7009220000,7009206000,6620172,240.99011,13.433847,98463.695,1.1699115,0
7009292000,7009266666,6620172,240.97955,13.433833,98463.836,1.1699132,0
7009340000,7009328000,6620172,241.10637,13.433832,98462.33,1.1698953,0
7009412000,7009388000,6620172,241.02446,13.433823,98463.28,1.1699066,0
7009456000,7009446000,6620172,240.99011,13.433802,98463.72,1.1699119,0
7009508000,7009496000,6620172,240.99803,13.433802,98463.6,1.1699106,0
7009580000,7009556000,6620172,241.02182,13.433803,98463.31,1.1699071,0
7009628000,7009616000,6620172,241.00862,13.433786,98463.5,1.1699092,0
7009700000,7009676000,6620172,241.03503,13.433772,98463.17,1.1699053,0
7009748000,7009736000,6620172,240.9822,13.433771,98463.8,1.1699128,0
7009820000,7009794666,6620172,241.03238,13.433772,98463.21,1.1699058,0
7009868000,7009854000,6620172,240.94519,13.433771,98464.234,1.1699181,0
7009916000,7009904000,6620172,241.0826,13.433771,98462.625,1.1698989,0
7009988000,7009964000,6620172,241.04297,13.433772,98463.086,1.1699044,0
7010036000,7010024000,6620172,241.00067,13.433741,98463.58,1.1699102,0
7010108000,7010084000,6620172,241.07466,13.433742,98462.72,1.1699,0
7010156000,7010144000,6620172,241.00067,13.433741,98463.56,1.16991,0
7010224000,7010201333,6620172,241.0139,13.433742,98463.43,1.1699084,0
7010252000,7010252000,6620172,241.22,13.433741,98461.01,1.1698796,0
7010348000,7010311000,6620172,241.02446,13.433741,98463.29,1.1699067,0
7010368000,7010368000,6620172,241.2332,13.433741,98460.87,1.1698779,0
7010444000,7010420000,6620172,241.07202,13.433711,98462.75,1.1699003,0
7010492000,7010480000,6620172,241.02182,13.43371,98463.336,1.1699073,0
7010560000,7010538666,6620172,241.0271,13.433711,98463.27,1.1699065,0
7010612000,7010600000,6620172,240.96104,13.43371,98464.05,1.1699157,0
7010684000,7010660000,6620172,241.00067,13.433711,98463.586,1.1699103,0
7010732000,7010720000,6620172,240.93991,13.43371,98464.3,1.1699188,0
7010804000,7010778666,6620172,241.02182,13.433711,98463.336,1.1699073,0
7010852000,7010840000,6620172,241.02974,13.43371,98463.234,1.1699061,0
7010924000,7010900000,6620172,240.99275,13.433711,98463.69,1.1699115,0
7010972000,7010958000,6620172,241.0826,13.43371,98462.625,1.1698989,0
7011020000,7011008000,6620172,241.01126,13.43371,98463.47,1.1699089,0
7011092000,7011068000,6620172,240.9716,13.433711,98463.92,1.1699142,0
7011140000,7011126000,6620172,240.93991,13.43371,98464.3,1.1699188,0
7011188000,7011176000,6620172,241.05353,13.43371,98462.96,1.1699028,0
7011260000,7011236000,6620172,241.0271,13.433711,98463.25,1.1699063,0
7011308000,7011296000,6620172,241.04031,13.43371,98463.11,1.1699046,0
7011380000,7011356000,6620172,240.98483,13.433711,98463.77,1.1699125,0
7011428000,7011416000,6620172,241.02446,13.43371,98463.28,1.1699066,0
7011496000,7011473333,6620172,241.00331,13.433722,98463.55,1.1699098,0
7011524000,7011524000,6620172,241.00331,13.433741,98463.54,1.1699097,0
7011620000,7011583000,6620172,241.04031,13.433741,98463.125,1.1699048,0
7011644000,7011644000,6620172,240.99011,13.433741,98463.7,1.1699116,0
7011740000,7011704000,6620172,241.04031,13.433733,98463.11,1.1699046,0
7011764000,7011764000,6620172,241.08788,13.43371,98462.54,1.1698978,0
7011856000,7011823000,6620172,240.99803,13.43371,98463.59,1.1699104,0
7011884000,7011884000,6620172,241.1143,13.43371,98462.234,1.1698942,0
7011980000,7011944000,6620172,241.06938,13.43371,98462.78,1.1699008,0
7012004000,7012004000,6620172,241.04561,13.43371,98463.06,1.1699041,0
7012100000,7012064000,6620172,241.05089,13.43371,98463.0,1.1699033,0
7012124000,7012124000,6620172,241.14867,13.43371,98461.84,1.1698896,0
7012216000,7012183000,6620172,240.98483,13.43371,98463.77,1.1699125,0
7012244000,7012244000,6620172,240.99539,13.43371,98463.64,1.1699109,0
7012340000,7012304000,6620172,241.0271,13.433687,98463.25,1.1699063,0
7012364000,7012364000,6620172,241.05089,13.43368,98463.0,1.1699033,0
7012456000,7012423000,6620172,241.00862,13.43368,98463.5,1.1699092,0
7012484000,7012484000,6620172,241.15659,13.43368,98461.76,1.1698885,0
7012580000,7012544000,6620172,240.9584,13.43368,98464.08,1.1699162,0
7012604000,7012604000,6620172,240.99011,13.43368,98463.71,1.1699117,0
7012700000,7012664000,6620172,240.96104,13.43368,98464.05,1.1699157,0
7012724000,7012724000,6620172,241.09053,13.43371,98462.516,1.1698976,0
7012820000,7012784000,6620172,241.03503,13.43371,98463.17,1.1699053,0
7012844000,7012844000,6620172,241.12488,13.43371,98462.125,1.1698929,0
7012940000,7012904000,6620172,241.01126,13.43371,98463.45,1.1699088,0
7012964000,7012964000,6620172,240.99539,13.43371,98463.65,1.169911,0
7013060000,7013022000,6620172,241.02446,13.43371,98463.305,1.169907,0
7013084000,7013084000,6620172,240.99539,13.43371,98463.63,1.1699108,0
7013180000,7013143000,6620172,241.0139,13.43371,98463.414,1.1699082,0
7013200000,7013200000,6620172,241.07996,13.433741,98462.66,1.1698992,0
7013276000,7013252000,6620172,241.04031,13.433742,98463.125,1.1699048,0
7013320000,7013310000,6620172,241.0641,13.433756,98462.82,1.1699011,0
7013396000,7013370666,6620172,240.94255,13.433783,98464.25,1.1699182,0
7013444000,7013432000,6620172,241.06674,13.433802,98462.805,1.169901,0
7013516000,7013492000,6620172,240.89499,13.433833,98464.81,1.1699249,0
7013564000,7013550000,6620172,241.01918,13.433863,98463.34,1.1699073,0
7013612000,7013600000,6620172,240.87386,13.433878,98465.06,1.1699278,0
7013684000,7013660000,6620172,241.05089,13.433894,98462.99,1.1699033,0
7013732000,7013720000,6620172,241.0271,13.433924,98463.25,1.1699063,0
7013804000,7013780000,6620172,240.97691,13.433935,98463.87,1.1699136,0
7013852000,7013840000,6620172,241.0773,13.433954,98462.67,1.1698993,0
7013920000,7013898666,6620172,240.89499,13.433975,98464.81,1.1699249,0
7013972000,7013958000,6620172,241.0139,13.433985,98463.42,1.1699083,0
7014040000,7014017333,6620172,240.99275,13.433996,98463.67,1.1699114,0
7014092000,7014078000,6620172,241.00067,13.434015,98463.586,1.1699103,0
7014140000,7014128000,6620172,240.89763,13.434015,98464.8,1.1699246,0
7014212000,7014188000,6620172,240.96632,13.434016,98463.97,1.1699147,0
7014256000,7014246000,6620172,241.01654,13.434031,98463.4,1.169908,0
7014308000,7014296000,6620172,240.93991,13.434046,98464.3,1.1699188,0
7014380000,7014356000,6620172,241.04561,13.434047,98463.055,1.169904,0
7014428000,7014416000,6620172,240.96368,13.434046,98464.016,1.1699154,0
7014496000,7014474666,6620172,240.94255,13.434047,98464.25,1.1699182,0
7014548000,7014534000,6620172,240.96368,13.434031,98464.016,1.1699154,0
7014596000,7014584000,6620172,241.01654,13.434015,98463.4,1.169908,0
7014668000,7014642666,6620172,240.92406,13.434016,98464.47,1.1699208,0
7014716000,7014704000,6620172,240.80252,13.434015,98465.91,1.1699378,0
7014788000,7014764000,6620172,240.97427,13.433986,98463.9,1.1699139,0
7014836000,7014824000,6620172,240.8897,13.4339695,98464.88,1.1699257,0
7014904000,7014882666,6620172,240.92406,13.433945,98464.46,1.1699207,0
7014956000,7014944000,6620172,241.0588,13.433924,98462.9,1.1699021,0
7015028000,7015002666,6620172,241.04825,13.433894,98463.016,1.1699035,0
7015076000,7015064000,6620172,241.0271,13.433863,98463.27,1.1699065,0
7015148000,7015124000,6620172,241.01126,13.433823,98463.47,1.1699089,0
7015196000,7015184000,6620172,240.97691,13.433786,98463.87,1.1699136,0
7015268000,7015244000,6620172,241.02182,13.433752,98463.31,1.1699071,0
7015312000,7015302000,6620172,241.07996,13.43371,98462.63,1.169899,0
7015364000,7015352000,6620172,240.99803,13.43368,98463.59,1.1699104,0
7015436000,7015410666,6620172,241.0588,13.43364,98462.9,1.1699021,0
7015484000,7015472000,6620172,241.11696,13.433588,98462.22,1.1698941,0
7015556000,7015530666,6620172,241.02974,13.433548,98463.234,1.1699061,0
7015604000,7015592000,6620172,241.01918,13.433512,98463.34,1.1699073,0
7015676000,7015649333,6620172,241.07202,13.433477,98462.734,1.1699002,0
7015700000,7015700000,6620172,241.07996,13.433435,98462.66,1.1698992,0
7015796000,7015760000,6620172,241.08788,13.43339,98462.55,1.1698979,0
7015816000,7015816000,6620172,241.09845,13.433344,98462.42,1.1698965,0
7015892000,7015866666,6620172,241.11696,13.433325,98462.21,1.169894,0
7015940000,7015928000,6620172,241.1645,13.433283,98461.66,1.1698874,0
7016012000,7015988000,6620172,241.09317,13.433243,98462.5,1.1698974,0
7016060000,7016046000,6620172,241.18565,13.433222,98461.42,1.1698846,0
7016132000,7016106666,6620172,241.11696,13.433182,98462.21,1.169894,0
7016180000,7016168000,6620172,241.1196,13.433161,98462.19,1.1698936,0
7016248000,7016226666,6620172,241.05353,13.433131,98462.96,1.1699028,0
7016300000,7016288000,6620172,241.20149,13.4331,98461.22,1.1698822,0
7016372000,7016348000,6620172,241.0588,13.433081,98462.9,1.1699021,0
7016420000,7016406000,6620172,241.1328,13.433054,98462.05,1.169892,0
7016492000,7016466666,6620172,241.1328,13.43304,98462.02,1.1698917,0
7016540000,7016528000,6620172,241.04297,13.433008,98463.09,1.1699045,0
7016612000,7016586666,6620172,241.1645,13.432999,98461.64,1.1698872,0
7016656000,7016646000,6620172,241.0271,13.432978,98463.266,1.1699065,0
7016732000,7016706666,6620172,241.12488,13.432959,98462.125,1.1698929,0
7016780000,7016768000,6620172,241.15659,13.432947,98461.766,1.1698886,0
7016852000,7016826666,6620172,241.13808,13.432928,98461.97,1.169891,0
7016900000,7016888000,6620172,241.0588,13.432917,98462.9,1.1699021,0
7016972000,7016948000,6620172,241.17242,13.432898,98461.56,1.1698862,0
7017020000,7017008000,6620172,241.24905,13.432886,98460.66,1.1698754,0
7017092000,7017066666,6620172,241.19357,13.432887,98461.305,1.1698831,0
7017140000,7017128000,6620172,241.13544,13.432856,98461.984,1.1698912,0
7017212000,7017188000,6620172,241.16978,13.432857,98461.59,1.1698866,0
7017260000,7017248000,6620172,241.19621,13.432856,98461.28,1.1698829,0
7017332000,7017308000,6620172,241.1328,13.432837,98462.05,1.169892,0
7017380000,7017366000,6620172,241.15659,13.432825,98461.75,1.1698885,0
7017452000,7017426666,6620172,241.19621,13.432826,98461.27,1.1698828,0
7017500000,7017486000,6620172,241.183,13.432825,98461.445,1.1698848,0
7017548000,7017536000,6620172,241.22264,13.432825,98460.96,1.1698791,0
7017620000,7017596000,6620172,241.2385,13.432796,98460.78,1.1698769,0
7017668000,7017654000,6620172,241.24377,13.432795,98460.734,1.1698763,0
7017716000,7017704000,6620172,241.1143,13.432795,98462.25,1.1698943,0
7017788000,7017764000,6620172,241.18036,13.432796,98461.46,1.169885,0
7017836000,7017824000,6620172,241.22528,13.432764,98460.93,1.1698787,0
7017908000,7017884000,6620172,241.12224,13.432765,98462.16,1.1698934,0
7017952000,7017942000,6620172,241.1883,13.432764,98461.39,1.1698842,0
7018024000,7018000000,6620172,241.17506,13.432765,98461.53,1.1698859,0
7018072000,7018060000,6620172,241.1777,13.432734,98461.5,1.1698855,0
7018144000,7018120000,6620172,241.1513,13.4327345,98461.805,1.1698891,0
7018172000,7018172000,6620172,241.31247,13.432734,98459.92,1.1698668,0
7018268000,7018231000,6620172,241.12224,13.432734,98462.14,1.1698931,0
7018288000,7018288000,6620172,241.22792,13.432734,98460.914,1.1698786,0
7018364000,7018338666,6620172,241.20943,13.432714,98461.14,1.1698812,0
7018412000,7018400000,6620172,241.26756,13.432703,98460.45,1.169873,0
7018484000,7018460000,6620172,241.1513,13.432704,98461.81,1.1698892,0
7018532000,7018518000,6620172,241.31247,13.432703,98459.93,1.1698668,0
7018580000,7018568000,6620172,241.22,13.432703,98460.984,1.1698794,0
7018652000,7018626666,6620172,241.09317,13.4326935,98462.484,1.1698972,0
7018700000,7018688000,6620172,241.13016,13.4326725,98462.055,1.1698921,0
7018768000,7018746666,6620172,241.19885,13.432673,98461.25,1.1698825,0
7018820000,7018808000,6620172,241.21735,13.4326725,98461.016,1.1698797,0
7018892000,7018868000,6620172,241.12752,13.432673,98462.086,1.1698925,0
7018940000,7018928000,6620172,241.22264,13.432642,98460.95,1.169879,0
7019012000,7018988000,6620172,241.16714,13.432643,98461.61,1.1698868,0
7019060000,7019048000,6620172,241.14867,13.432642,98461.84,1.1698896,0
7019132000,7019108000,6620172,241.24113,13.432623,98460.75,1.1698766,0
7019180000,7019168000,6620172,241.26756,13.432611,98460.45,1.169873,0
7019252000,7019226666,6620172,241.10373,13.432592,98462.375,1.1698959,0
7019300000,7019288000,6620172,241.2702,13.432581,98460.41,1.1698725,0
7019372000,7019348000,6620172,241.18565,13.432571,98461.41,1.1698843,0
7019420000,7019408000,6620172,241.18565,13.43255,98461.414,1.1698844,0
7019492000,7019466666,6620172,241.19093,13.432541,98461.36,1.1698838,0
7019540000,7019528000,6620172,241.10637,13.43252,98462.33,1.1698953,0
7019608000,7019585333,6620172,241.15395,13.432501,98461.8,1.1698891,0
7019636000,7019636000,6620172,241.1196,13.432489,98462.18,1.1698935,0
7019732000,7019695000,6620172,241.1645,13.4324665,98461.66,1.1698874,0
7019756000,7019756000,6620172,241.02446,13.432459,98463.29,1.1699067,0
7019852000,7019815000,6620172,241.2385,13.432428,98460.79,1.169877,0
7019876000,7019876000,6620172,241.24377,13.432398,98460.73,1.1698762,0
7019972000,7019936000,6620172,241.20413,13.43239,98461.18,1.1698817,0
7019996000,7019996000,6620172,241.16714,13.432367,98461.62,1.1698868,0
7020092000,7020056000,6620172,241.27812,13.432367,98460.31,1.1698713,0
7020116000,7020116000,6620172,241.20413,13.432337,98461.19,1.1698818,0
7020212000,7020176000,6620172,241.1777,13.432337,98461.49,1.1698854,0
7020236000,7020236000,6620172,241.01654,13.432337,98463.41,1.1699082,0
7020332000,7020296000,6620172,241.2702,13.432322,98460.414,1.1698726,0
7020356000,7020356000,6620172,241.15923,13.432306,98461.7,1.1698879,0
7020452000,7020415000,6620172,241.13544,13.432306,98461.984,1.1698912,0
7020476000,7020476000,6620172,241.15923,13.432306,98461.72,1.1698881,0
7020572000,7020535000,6620172,241.15659,13.432322,98461.766,1.1698886,0
7020596000,7020596000,6620172,241.38382,13.432337,98459.08,1.1698567,0
7020692000,7020656000,6620172,241.20149,13.432337,98461.22,1.1698822,0
7020716000,7020716000,6620172,241.27284,13.432337,98460.39,1.1698723,0
7020812000,7020776000,6620172,241.12488,13.43236,98462.11,1.1698927,0
7020836000,7020836000,6620172,241.10109,13.432367,98462.4,1.1698961,0
7020932000,7020896000,6620172,241.19621,13.432383,98461.3,1.169883,0
7020956000,7020956000,6620172,241.32304,13.432398,98459.78,1.1698651,0
7021052000,7021016000,6620172,241.24113,13.432413,98460.74,1.1698765,0
7021076000,7021076000,6620172,241.30719,13.432428,98459.97,1.1698673,0
7021172000,7021134000,6620172,241.28868,13.432436,98460.2,1.1698701,0
7021196000,7021196000,6620172,241.09317,13.432459,98462.484,1.1698972,0
7021292000,7021256000,6620172,241.183,13.432459,98461.445,1.1698848,0
7021316000,7021316000,6620172,241.12752,13.432459,98462.09,1.1698925,0
7021412000,7021376000,6620172,241.25435,13.432489,98460.61,1.1698749,0
7021436000,7021436000,6620172,241.36533,13.432489,98459.29,1.1698592,0
7021532000,7021495000,6620172,241.21735,13.432489,98461.03,1.1698799,0
7021556000,7021556000,6620172,241.28076,13.43252,98460.3,1.1698712,0
7021652000,7021615000,6620172,241.09317,13.43252,98462.5,1.1698974,0
7021676000,7021676000,6620172,241.2517,13.43252,98460.64,1.1698754,0
7021772000,7021736000,6620172,241.15659,13.43252,98461.74,1.1698884,0
7021796000,7021796000,6620172,241.20413,13.43252,98461.195,1.1698819,0
7021892000,7021855000,6620172,241.22,13.43252,98460.984,1.1698794,0
7021916000,7021916000,6620172,241.19357,13.43252,98461.33,1.1698835,0
7022012000,7021976000,6620172,241.2834,13.43252,98460.26,1.1698707,0
7022036000,7022036000,6620172,241.1883,13.43252,98461.37,1.169884,0
7022132000,7022096000,6620172,241.09581,13.432543,98462.48,1.1698971,0
7022152000,7022152000,6620172,241.09053,13.43255,98462.516,1.1698976,0
7022228000,7022202666,6620172,241.11165,13.432551,98462.27,1.1698947,0
7022276000,7022264000,6620172,241.14867,13.43255,98461.86,1.1698898,0
7022348000,7022324000,6620172,241.17506,13.432551,98461.52,1.1698858,0
7022396000,7022384000,6620172,241.11696,13.432581,98462.22,1.1698941,0
7022468000,7022444000,6620172,241.2332,13.432582,98460.84,1.1698778,0
7022512000,7022502000,6620172,241.23586,13.432581,98460.805,1.1698772,0
7022564000,7022552000,6620172,241.24113,13.432581,98460.75,1.1698766,0
7022636000,7022612000,6620172,241.16187,13.432602,98461.68,1.1698877,0
7022684000,7022672000,6620172,241.27548,13.432611,98460.35,1.1698719,0
7022756000,7022732000,6620172,241.22,13.432612,98460.984,1.1698794,0
7022804000,7022792000,6620172,241.18036,13.432611,98461.47,1.1698852,0
7022876000,7022850666,6620172,241.27548,13.432643,98460.36,1.1698719,0
7022924000,7022912000,6620172,241.18036,13.432642,98461.47,1.1698852,0
7022996000,7022972000,6620172,241.13808,13.432643,98461.96,1.1698909,0
7023044000,7023032000,6620172,241.11165,13.4326725,98462.266,1.1698946,0
7023116000,7023092000,6620172,241.20149,13.432673,98461.22,1.1698822,0
7023164000,7023152000,6620172,241.25435,13.4326725,98460.6,1.1698748,0
7023232000,7023210666,6620172,241.1196,13.432704,98462.19,1.1698936,0
7023284000,7023272000,6620172,241.15923,13.432734,98461.72,1.1698881,0
7023352000,7023330666,6620172,241.2332,13.4327545,98460.86,1.1698779,0
7023400000,7023390000,6620172,241.16187,13.432779,98461.67,1.1698875,0
7023452000,7023440000,6620172,241.20413,13.432795,98461.2,1.1698819,0
7023524000,7023500000,6620172,241.18036,13.432826,98461.47,1.1698852,0
7023572000,7023560000,6620172,240.98747,13.432856,98463.75,1.1699122,0
7023644000,7023620000,6620172,241.09581,13.432877,98462.46,1.1698968,0
7023692000,7023680000,6620172,241.12752,13.432901,98462.08,1.1698924,0
7023764000,7023740000,6620172,241.06938,13.432928,98462.77,1.1699007,0
7023808000,7023798000,6620172,241.0826,13.432947,98462.61,1.1698986,0
7023860000,7023848000,6620172,241.28604,13.432978,98460.23,1.1698704,0
7023932000,7023908000,6620172,241.17242,13.43302,98461.56,1.1698862,0
7023980000,7023968000,6620172,241.05617,13.433054,98462.92,1.1699024,0
7024052000,7024028000,6620172,241.13808,13.433111,98461.97,1.169891,0
7024100000,7024088000,6620172,241.1196,13.433176,98462.195,1.1698937,0
7024172000,7024148000,6620172,241.02974,13.433253,98463.234,1.1699061,0
7024220000,7024208000,6620172,241.01918,13.433329,98463.375,1.1699078,0
7024292000,7024268000,6620172,241.03503,13.433447,98463.19,1.1699055,0
7024340000,7024328000,6620172,241.1143,13.4335575,98462.234,1.1698942,0
7024412000,7024386666,6620172,240.97691,13.433681,98463.84,1.1699133,0
7024456000,7024446000,6620172,241.07202,13.433832,98462.734,1.1699002,0
7024508000,7024496000,6620172,240.91084,13.433954,98464.625,1.1699226,0
7024580000,7024554666,6620172,240.93198,13.434108,98464.375,1.1699197,0
7024624000,7024614000,6620172,240.99803,13.434259,98463.59,1.1699104,0
7024676000,7024664000,6620172,240.97427,13.4343815,98463.875,1.1699138,0
7024744000,7024722666,6620172,240.90027,13.434566,98464.77,1.1699244,0
7024796000,7024782000,6620172,240.79457,13.434748,98465.984,1.1699387,0
7024864000,7024841333,6620172,240.81836,13.434921,98465.72,1.1699356,0
7024892000,7024892000,6620172,240.821,13.435053,98465.695,1.1699353,0
7024988000,7024951000,6620172,240.86328,13.435251,98465.18,1.1699293,0
7025012000,7025012000,6620172,240.8897,13.43545,98464.88,1.1699257,0
7025108000,7025072000,6620172,240.71266,13.435633,98466.95,1.1699502,0
7025132000,7025132000,6620172,240.8078,13.435816,98465.836,1.169937,0
7025228000,7025192000,6620172,240.66776,13.436022,98467.47,1.1699564,0
7025252000,7025252000,6620172,240.38766,13.436213,98470.77,1.1699957,0
7025348000,7025312000,6620172,240.61754,13.436426,98468.08,1.1699636,0
7025372000,7025372000,6620172,240.45372,13.43664,98470.01,1.1699866,0
7025468000,7025432000,6620172,240.50656,13.436853,98469.375,1.169979,0
7025492000,7025492000,6620172,240.4458,13.437067,98470.1,1.1699877,0
7025584000,7025551000,6620172,240.51451,13.437296,98469.3,1.1699781,0
7025612000,7025612000,6620172,240.36916,13.437525,98470.99,1.1699983,0
7025708000,7025672000,6620172,240.35068,13.437761,98471.21,1.1700009,0
7025732000,7025732000,6620172,240.27933,13.438013,98472.05,1.1700108,0
7025828000,7025791000,6620172,240.37975,13.43825,98470.875,1.1699969,0
7025852000,7025852000,6620172,240.34276,13.438501,98471.3,1.1700019,0
7025948000,7025911000,6620172,240.23706,13.4387455,98472.55,1.1700168,0
7025972000,7025972000,6620172,240.23175,13.43899,98472.61,1.1700175,0
7026068000,7026032000,6620172,240.22119,13.439264,98472.734,1.170019,0
7026092000,7026092000,6620172,240.1023,13.439539,98474.13,1.1700356,0
7026188000,7026152000,6620172,240.10757,13.439798,98474.06,1.1700346,0
7026212000,7026212000,6620172,240.10493,13.440058,98474.08,1.1700349,0
7026308000,7026272000,6620172,240.11021,13.440348,98474.04,1.1700345,0
7026332000,7026332000,6620172,239.89355,13.440638,98476.58,1.1700647,0
7026428000,7026390000,6620172,239.9781,13.440905,98475.57,1.1700528,0
7026452000,7026452000,6620172,239.85127,13.441187,98477.07,1.1700705,0
7026548000,7026511000,6620172,239.84334,13.441492,98477.164,1.1700716,0
7026572000,7026572000,6620172,239.71124,13.441767,98478.73,1.1700902,0
7026668000,7026631000,6620172,239.72972,13.442072,98478.5,1.1700875,0
7026692000,7026692000,6620172,239.68745,13.442377,98478.99,1.1700933,0
7026784000,7026750000,6620172,239.67952,13.442682,98479.09,1.1700946,0
7026812000,7026812000,6620172,239.66367,13.442987,98479.28,1.1700968,0
7026904000,7026871000,6620172,239.5157,13.443293,98481.0,1.1701171,0
7026928000,7026928000,6620172,239.39151,13.443598,98482.46,1.1701345,0
7027004000,7026980000,6620172,239.5104,13.443843,98481.06,1.1701179,0
7027048000,7027038000,6620172,239.41792,13.444147,98482.16,1.1701308,0
7027100000,7027088000,6620172,239.39944,13.444422,98482.375,1.1701335,0
7027172000,7027148000,6620172,239.35188,13.444728,98482.93,1.1701401,0
7027220000,7027208000,6620172,239.24619,13.445032,98484.18,1.1701549,0
7027292000,7027268000,6620172,239.122,13.445349,98485.62,1.170172,0
7027340000,7027328000,6620172,239.15898,13.445673,98485.2,1.1701671,0
7027412000,7027386666,6620172,239.1405,13.445979,98485.39,1.1701694,0
7027456000,7027444000,6620172,239.12991,13.446283,98485.53,1.170171,0
7027508000,7027496000,6620172,239.10085,13.446558,98485.89,1.1701752,0
7027580000,7027556000,6620172,239.10085,13.446864,98485.86,1.170175,0
7027628000,7027616000,6620172,238.96344,13.447184,98487.484,1.1701941,0
7027700000,7027676000,6620172,238.87361,13.447505,98488.53,1.1702067,0
7027748000,7027736000,6620172,238.71773,13.4478245,98490.38,1.1702286,0
7027820000,7027796000,6620172,238.78113,13.448146,98489.62,1.1702195,0
7027868000,7027856000,6620172,238.78113,13.448465,98489.63,1.1702198,0
7027936000,7027914666,6620172,238.78377,13.448787,98489.61,1.1702195,0
7027988000,7027976000,6620172,238.72565,13.449121,98490.28,1.1702275,0
7028060000,7028036000,6620172,238.50635,13.449428,98492.836,1.1702578,0
7028108000,7028096000,6620172,238.50368,13.449762,98492.89,1.1702584,0
7028180000,7028156000,6620172,238.43764,13.450079,98493.66,1.1702676,0
7028228000,7028216000,6620172,238.43498,13.450403,98493.7,1.170268,0
7028300000,7028276000,6620172,238.41913,13.45072,98493.89,1.1702704,0
7028348000,7028336000,6620172,238.3795,13.451044,98494.35,1.1702758,0
7028420000,7028396000,6620172,238.28174,13.45137,98495.484,1.1702893,0
7028468000,7028456000,6620172,238.29759,13.451685,98495.31,1.1702873,0
7028540000,7028516000,6620172,238.22626,13.452011,98496.15,1.1702971,0
7028588000,7028574000,6620172,238.12848,13.452326,98497.3,1.1703107,0
7028636000,7028624000,6620172,238.18927,13.4526005,98496.56,1.1703022,0
7028708000,7028684000,6620172,238.09677,13.452907,98497.68,1.1703154,0
7028756000,7028744000,6620172,238.05978,13.453241,98498.09,1.1703203,0
7028824000,7028801333,6620172,237.97787,13.4535475,98499.06,1.1703318,0
7028876000,7028862000,6620172,237.91974,13.453882,98499.75,1.17034,0
7028924000,7028912000,6620172,237.85632,13.454126,98500.47,1.1703485,0
7028996000,7028972000,6620172,237.79555,13.454443,98501.18,1.1703569,0
7029044000,7029032000,6620172,237.674,13.454767,98502.61,1.1703739,0
7029116000,7029092000,6620172,237.69778,13.455073,98502.34,1.1703707,0
7029164000,7029152000,6620172,237.73479,13.455408,98501.92,1.1703657,0
7029232000,7029210666,6620172,237.62645,13.455714,98503.19,1.1703808,0
7029280000,7029270000,6620172,237.58151,13.456018,98503.7,1.170387,0
7029332000,7029320000,6620172,237.51282,13.456293,98504.51,1.1703964,0
7029404000,7029380000,6620172,237.54453,13.456599,98504.16,1.1703923,0
7029452000,7029440000,6620172,237.63437,13.456903,98503.08,1.1703795,0
7029524000,7029500000,6620172,237.3675,13.45721,98506.21,1.1704167,0
7029572000,7029560000,6620172,237.33842,13.457514,98506.56,1.1704209,0
7029640000,7029618666,6620172,237.2935,13.45782,98507.08,1.1704271,0
7029692000,7029680000,6620172,237.16139,13.458124,98508.64,1.1704456,0
7029764000,7029740000,6620172,237.20102,13.45843,98508.17,1.1704401,0
7029812000,7029800000,6620172,237.20102,13.4587345,98508.16,1.1704398,0
7029884000,7029860000,6620172,237.0874,13.459041,98509.516,1.170456,0
7029932000,7029920000,6620172,237.11383,13.459314,98509.22,1.1704525,0
7030004000,7029980000,6620172,236.9923,13.45962,98510.625,1.1704693,0
7030052000,7030040000,6620172,236.89716,13.459925,98511.75,1.1704825,0
7030124000,7030100000,6620172,236.97115,13.460231,98510.89,1.1704724,0
7030172000,7030160000,6620172,236.86281,13.460535,98512.16,1.1704873,0
7030244000,7030220000,6620172,236.8311,13.460821,98512.53,1.1704918,0
7030292000,7030280000,6620172,236.82054,13.461115,98512.66,1.1704932,0
7030364000,7030340000,6620172,236.7994,13.461421,98512.91,1.1704963,0
7030412000,7030398000,6620172,236.75183,13.461725,98513.44,1.1705027,0
7030460000,7030448000,6620172,236.62764,13.461939,98514.91,1.1705201,0
7030532000,7030508000,6620172,236.68578,13.462245,98514.24,1.1705121,0
7030580000,7030566000,6620172,236.59593,13.462549,98515.28,1.1705245,0
7030628000,7030616000,6620172,236.60121,13.462763,98515.23,1.1705239,0
7030700000,7030676000,6620172,236.45853,13.463069,98516.89,1.1705437,0
7030748000,7030736000,6620172,236.5193,13.463343,98516.17,1.1705351,0
7030820000,7030794666,6620172,236.37926,13.463649,98517.836,1.1705549,0
7030868000,7030854000,6620172,236.29736,13.4639225,98518.8,1.1705662,0
7030916000,7030904000,6620172,236.4004,13.464167,98517.586,1.1705519,0
7030988000,7030964000,6620172,236.31584,13.464453,98518.56,1.1705635,0
7031036000,7031024000,6620172,236.29736,13.464746,98518.8,1.1705662,0
7031108000,7031084000,6620172,236.27094,13.465022,98519.086,1.1705697,0
7031156000,7031144000,6620172,236.21278,13.465296,98519.766,1.1705778,0
7031228000,7031204000,6620172,236.14674,13.465582,98520.55,1.1705871,0
7031276000,7031264000,6620172,236.07805,13.465876,98521.36,1.1705967,0
7031348000,7031324000,6620172,236.04898,13.466151,98521.71,1.1706009,0
7031396000,7031384000,6620172,236.0014,13.466425,98522.25,1.1706072,0
7031468000,7031444000,6620172,235.99348,13.466711,98522.37,1.1706088,0
7031516000,7031504000,6620172,235.80588,13.4669895,98524.55,1.1706345,0
7031588000,7031564000,6620172,235.81117,13.46728,98524.5,1.170634,0
7031636000,7031622000,6620172,235.73454,13.467554,98525.375,1.1706444,0
7031684000,7031672000,6620172,235.86931,13.467783,98523.81,1.1706259,0
7031756000,7031730666,6620172,235.75568,13.468074,98525.16,1.1706418,0
7031800000,7031790000,6620172,235.67905,13.468348,98526.03,1.1706523,0
7031852000,7031840000,6620172,235.60242,13.468576,98526.94,1.170663,0
7031920000,7031897333,6620172,235.59978,13.468867,98526.984,1.1706636,0
7031948000,7031948000,6620172,235.60242,13.46908,98526.96,1.1706632,0
7032044000,7032007000,6620172,235.54959,13.4693775,98527.586,1.1706706,0
7032068000,7032068000,6620172,235.52051,13.46966,98527.914,1.1706746,0
7032164000,7032127000,6620172,235.45709,13.469942,98528.64,1.1706833,0
7032188000,7032188000,6620172,235.49144,13.47024,98528.266,1.1706787,0
7032284000,7032248000,6620172,235.2827,13.470507,98530.7,1.1707077,0
7032308000,7032308000,6620172,235.4201,13.470789,98529.08,1.1706885,0
7032404000,7032368000,6620172,235.19022,13.471071,98531.8,1.1707207,0
7032428000,7032428000,6620172,235.35933,13.471369,98529.81,1.1706971,0
7032524000,7032487000,6620172,235.17436,13.471643,98531.984,1.170723,0
7032548000,7032548000,6620172,235.11359,13.471918,98532.69,1.1707313,0
7032644000,7032608000,6620172,235.06604,13.472216,98533.25,1.170738,0
7032668000,7032668000,6620172,234.9577,13.472498,98534.5,1.1707528,0
7032764000,7032726000,6620172,234.99997,13.4727955,98534.02,1.1707472,0
7032784000,7032784000,6620172,234.91542,13.473078,98535.03,1.1707592,0
7032884000,7032846000,6620172,234.89429,13.473383,98535.25,1.1707617,0
7032908000,7032908000,6620172,234.84145,13.473658,98535.9,1.1707695,0
7033004000,7032968000,6620172,234.83879,13.473963,98535.914,1.1707697,0
7033028000,7033028000,6620172,234.75952,13.474237,98536.84,1.1707807,0
7033124000,7033088000,6620172,234.74103,13.474543,98537.06,1.1707833,0
7033148000,7033148000,6620172,234.72253,13.474817,98537.29,1.170786,0
7033244000,7033208000,6620172,234.65382,13.475122,98538.08,1.1707953,0
7033268000,7033268000,6620172,234.58777,13.475428,98538.875,1.1708049,0
7033364000,7033327000,6620172,234.52701,13.475702,98539.586,1.1708133,0
7033388000,7033388000,6620172,234.65382,13.476007,98538.06,1.1707952,0
7033484000,7033447000,6620172,234.53757,13.476282,98539.46,1.1708118,0
7033508000,7033508000,6620172,234.5085,13.476587,98539.8,1.1708158,0
7033604000,7033568000,6620172,234.36053,13.476862,98541.54,1.1708364,0
7033628000,7033628000,6620172,234.15707,13.477137,98543.91,1.1708646,0
7033720000,7033686000,6620172,234.2839,13.477442,98542.445,1.1708472,0
7033748000,7033748000,6620172,234.30504,13.477716,98542.19,1.1708442,0
7033844000,7033806000,6620172,234.28127,13.478022,98542.46,1.1708474,0
7033868000,7033868000,6620172,234.22313,13.478296,98543.15,1.1708556,0
7033964000,7033927000,6620172,234.08044,13.478601,98544.83,1.1708755,0
7033988000,7033988000,6620172,234.11215,13.478876,98544.44,1.1708709,0
7034080000,7034047000,6620172,233.9959,13.479181,98545.83,1.1708874,0
7034108000,7034108000,6620172,233.91397,13.479456,98546.79,1.1708989,0
7034204000,7034167000,6620172,233.98004,13.479761,98546.0,1.1708895,0
7034228000,7034228000,6620172,234.01439,13.480066,98545.6,1.1708848,0
7034324000,7034288000,6620172,233.90869,13.480341,98546.83,1.1708994,0
7034348000,7034348000,6620172,233.80037,13.480646,98548.12,1.1709146,0
7034444000,7034408000,6620172,233.78716,13.480936,98548.27,1.1709166,0
7034468000,7034468000,6620172,233.71051,13.481226,98549.15,1.1709268,0
7034564000,7034527000,6620172,233.66032,13.4815235,98549.75,1.1709341,0
7034588000,7034588000,6620172,233.59425,13.481806,98550.55,1.1709435,0
7034684000,7034648000,6620172,233.62068,13.482103,98550.2,1.1709394,0
7034704000,7034704000,6620172,233.3908,13.482386,98552.914,1.1709716,0
7034780000,7034756000,6620172,233.50177,13.482631,98551.61,1.1709561,0
7034828000,7034816000,6620172,233.53877,13.48292,98551.19,1.1709511,0
7034900000,7034876000,6620172,233.39874,13.483211,98552.836,1.1709707,0
7034948000,7034936000,6620172,233.36702,13.4835,98553.19,1.1709749,0
7035020000,7034996000,6620172,233.4225,13.48379,98552.56,1.1709675,0
7035068000,7035056000,6620172,233.2719,13.484064,98554.31,1.1709883,0
7035140000,7035114666,6620172,233.30888,13.48436,98553.89,1.1709833,0
7035188000,7035176000,6620172,233.11601,13.484644,98556.13,1.1710099,0
7035260000,7035236000,6620172,233.02617,13.48493,98557.19,1.1710224,0
7035308000,7035296000,6620172,233.14243,13.4852085,98555.84,1.1710064,0
7035380000,7035356000,6620172,233.042,13.485499,98557.0,1.1710203,0
7035428000,7035416000,6620172,233.03937,13.485773,98557.04,1.1710206,0
7035500000,7035474666,6620172,232.98389,13.486069,98557.71,1.1710286,0
7035548000,7035536000,6620172,232.9601,13.486353,98557.984,1.171032,0
7035620000,7035596000,6620172,232.80421,13.486639,98559.8,1.1710534,0
7035668000,7035656000,6620172,232.82005,13.486933,98559.61,1.1710511,0
7035740000,7035716000,6620172,232.73816,13.487208,98560.59,1.171063,0
7035788000,7035776000,6620172,232.86234,13.487482,98559.125,1.1710454,0
7035860000,7035836000,6620172,232.6034,13.487778,98562.15,1.1710813,0
7035908000,7035896000,6620172,232.66417,13.488062,98561.47,1.1710733,0
7035980000,7035954666,6620172,232.57433,13.4883375,98562.516,1.1710857,0
7036028000,7036016000,6620172,232.66945,13.4886265,98561.39,1.1710724,0
7036100000,7036076000,6620172,232.5479,13.488907,98562.81,1.1710893,0
7036148000,7036134000,6620172,232.4422,13.489191,98564.05,1.171104,0
7036196000,7036184000,6620172,232.46599,13.489405,98563.79,1.1711009,0
7036268000,7036244000,6620172,232.3788,13.489691,98564.81,1.171113,0
7036312000,7036302000,6620172,232.3101,13.489969,98565.625,1.1711227,0
7036364000,7036352000,6620172,232.33122,13.490198,98565.35,1.1711195,0
7036432000,7036410666,6620172,232.2678,13.490474,98566.12,1.1711285,0
7036484000,7036472000,6620172,232.15947,13.490747,98567.39,1.1711437,0
7036556000,7036530666,6620172,232.20969,13.491034,98566.8,1.1711366,0
7036600000,7036590000,6620172,232.14099,13.491312,98567.61,1.1711462,0
7036652000,7036640000,6620172,232.04321,13.491541,98568.734,1.1711596,0
7036724000,7036700000,6620172,232.05379,13.4918165,98568.625,1.1711583,0
7036772000,7036760000,6620172,231.95073,13.49209,98569.84,1.1711727,0
7036844000,7036820000,6620172,231.9111,13.492376,98570.3,1.1711782,0
7036892000,7036880000,6620172,231.87146,13.49267,98570.77,1.171184,0
7036964000,7036938666,6620172,231.89525,13.492946,98570.5,1.1711806,0
7037012000,7037000000,6620172,231.90846,13.493219,98570.33,1.1711786,0
7037084000,7037060000,6620172,231.83975,13.4935055,98571.125,1.171188,0
7037132000,7037118000,6620172,231.80013,13.493784,98571.59,1.1711936,0
7037180000,7037168000,6620172,231.78427,13.494013,98571.78,1.1711959,0
7037252000,7037228000,6620172,231.56761,13.494288,98574.34,1.1712263,0
7037300000,7037288000,6620172,231.6548,13.494562,98573.29,1.1712137,0
7037372000,7037346666,6620172,231.49626,13.494838,98575.17,1.1712362,0
7037420000,7037408000,6620172,231.52795,13.495111,98574.81,1.1712319,0
7037492000,7037468000,6620172,231.45927,13.495398,98575.62,1.1712414,0
7037540000,7037528000,6620172,231.4989,13.495676,98575.16,1.1712359,0
7037612000,7037588000,6620172,231.45662,13.495947,98575.625,1.1712414,0
7037660000,7037648000,6620172,231.27429,13.496225,98577.766,1.1712669,0
7037732000,7037708000,6620172,231.4117,13.496506,98576.15,1.1712477,0
7037780000,7037768000,6620172,231.28488,13.49679,98577.66,1.1712656,0
7037852000,7037828000,6620172,231.31923,13.497055,98577.234,1.1712606,0
7037900000,7037888000,6620172,231.21088,13.497339,98578.51,1.1712757,0
7037972000,7037948000,6620172,231.17653,13.497615,98578.92,1.1712807,0
7038020000,7038008000,6620172,231.06291,13.497904,98580.25,1.1712965,0
7038092000,7038066666,6620172,231.17125,13.498195,98578.984,1.1712815,0
7038140000,7038128000,6620172,231.09198,13.498468,98579.92,1.1712925,0
7038212000,7038186666,6620172,230.90703,13.498775,98582.086,1.1713183,0
7038260000,7038246000,6620172,230.97836,13.4990635,98581.266,1.1713085,0
7038308000,7038296000,6620172,230.90967,13.499292,98582.05,1.1713178,0
7038380000,7038356000,6620172,230.88852,13.4995985,98582.3,1.1713208,0
7038428000,7038416000,6620172,230.87268,13.499903,98582.5,1.1713232,0
7038500000,7038476000,6620172,230.90703,13.500209,98582.086,1.1713183,0
7038548000,7038536000,6620172,230.74847,13.500528,98583.96,1.1713406,0
7038620000,7038596000,6620172,230.62166,13.50085,98585.46,1.1713583,0
7038668000,7038656000,6620172,230.65073,13.501154,98585.11,1.1713542,0
7038740000,7038716000,6620172,230.67714,13.50144,98584.805,1.1713506,0
7038788000,7038776000,6620172,230.52917,13.501734,98586.54,1.1713712,0
7038860000,7038836000,6620172,230.51068,13.501999,98586.75,1.1713737,0
7038908000,7038896000,6620172,230.40234,13.502268,98588.03,1.1713889,0
7038980000,7038956000,6620172,230.45782,13.502528,98587.37,1.171381,0
7039028000,7039014000,6620172,230.38913,13.502756,98588.17,1.1713905,0
7039076000,7039064000,6620172,230.37064,13.502924,98588.39,1.1713932,0
7039148000,7039124000,6620172,230.331,13.503128,98588.84,1.1713985,0
7039196000,7039184000,6620172,230.29399,13.503321,98589.28,1.1714038,0
7039268000,7039244000,6620172,230.28607,13.503474,98589.375,1.171405,0
7039316000,7039304000,6620172,230.20152,13.503626,98590.39,1.171417,0
7039388000,7039364000,6620172,230.23587,13.503769,98589.984,1.1714121,0
7039436000,7039424000,6620172,230.09583,13.503885,98591.625,1.1714315,0
7039508000,7039484000,6620172,230.28343,13.503993,98589.42,1.1714054,0
7039556000,7039544000,6620172,230.21738,13.504099,98590.2,1.1714147,0
7039628000,7039604000,6620172,230.0879,13.504176,98591.71,1.1714326,0
7039676000,7039662000,6620172,230.08261,13.5042515,98591.78,1.1714334,0
7039724000,7039712000,6620172,230.15395,13.504282,98590.92,1.1714232,0
7039796000,7039772000,6620172,230.12225,13.504339,98591.31,1.1714278,0
7039844000,7039832000,6620172,229.9875,13.504374,98592.89,1.1714467,0
7039916000,7039892000,6620172,230.18037,13.50441,98590.62,1.1714196,0
7039964000,7039952000,6620172,230.12755,13.504435,98591.25,1.1714271,0
7040036000,7040012000,6620172,230.23587,13.504451,98589.96,1.1714118,0
7040084000,7040070000,6620172,230.05884,13.50445,98592.06,1.1714368,0
7040132000,7040120000,6620172,230.1196,13.50445,98591.36,1.1714284,0
7040204000,7040178666,6620172,230.1936,13.504451,98590.46,1.1714178,0
7040252000,7040240000,6620172,230.21474,13.50445,98590.234,1.1714151,0
7040320000,7040298666,6620172,230.19888,13.504451,98590.41,1.1714171,0
7040372000,7040360000,6620172,230.21474,13.504435,98590.234,1.1714151,0
7040444000,7040420000,6620172,230.14339,13.50442,98591.08,1.1714251,0
7040492000,7040480000,6620172,230.1751,13.504404,98590.695,1.1714205,0
7040564000,7040540000,6620172,230.17245,13.50439,98590.72,1.1714208,0
7040612000,7040600000,6620172,230.05884,13.504358,98592.06,1.1714368,0
7040684000,7040658666,6620172,230.0879,13.504349,98591.72,1.1714327,0
7040732000,7040720000,6620172,230.19624,13.504328,98590.43,1.1714174,0
7040804000,7040780000,6620172,230.1936,13.504309,98590.47,1.1714178,0
7040852000,7040840000,6620172,230.1064,13.504282,98591.5,1.1714301,0
7040920000,7040896000,6620172,230.14867,13.504257,98591.016,1.1714244,0
7040948000,7040948000,6620172,230.16454,13.504236,98590.805,1.1714219,0
7041044000,7041008000,6620172,230.14867,13.504213,98590.99,1.171424,0
7041068000,7041068000,6620172,230.1381,13.504206,98591.11,1.1714255,0
7041160000,7041127000,6620172,230.20152,13.504206,98590.38,1.1714169,0
7041184000,7041184000,6620172,230.27287,13.504236,98589.52,1.1714066,0
7041260000,7041236000,6620172,230.28343,13.504268,98589.41,1.1714052,0
7041308000,7041296000,6620172,230.16982,13.504374,98590.75,1.1714213,0
7041380000,7041354666,6620172,230.16982,13.504512,98590.77,1.1714214,0
7041428000,7041416000,6620172,230.13283,13.504679,98591.17,1.1714263,0
7041500000,7041476000,6620172,229.98486,13.504909,98592.92,1.1714469,0
7041548000,7041534000,6620172,230.06941,13.505182,98591.94,1.1714352,0
7041596000,7041584000,6620172,229.99806,13.505396,98592.75,1.171445,0
7041668000,7041644000,6620172,230.04562,13.505702,98592.21,1.1714386,0
7041716000,7041704000,6620172,229.85802,13.506006,98594.4,1.1714646,0
7041788000,7041764000,6620172,229.80518,13.506302,98595.03,1.1714721,0
7041836000,7041824000,6620172,229.74704,13.506586,98595.72,1.1714803,0
7041908000,7041884000,6620172,229.77611,13.506851,98595.375,1.1714761,0
7041952000,7041940000,6620172,229.84746,13.507105,98594.555,1.1714665,0
7042004000,7041992000,6620172,229.69154,13.507303,98596.36,1.1714879,0
7042076000,7042052000,6620172,229.7444,13.507533,98595.74,1.1714804,0
7042124000,7042112000,6620172,229.68626,13.507761,98596.42,1.1714886,0
7042196000,7042170666,6620172,229.66515,13.507991,98596.69,1.1714917,0
7042244000,7042232000,6620172,229.58322,13.508249,98597.66,1.1715033,0
7042312000,7042290666,6620172,229.51715,13.508479,98598.42,1.1715124,0
7042364000,7042352000,6620172,229.44846,13.508707,98599.24,1.1715221,0
7042436000,7042410666,6620172,229.41676,13.508937,98599.61,1.1715264,0
7042484000,7042472000,6620172,229.4828,13.509165,98598.83,1.1715173,0
7042556000,7042532000,6620172,229.282,13.509395,98601.18,1.1715451,0
7042604000,7042592000,6620172,229.32956,13.509623,98600.61,1.1715384,0
7042676000,7042652000,6620172,229.28464,13.509883,98601.17,1.171545,0
7042724000,7042712000,6620172,229.20538,13.510111,98602.09,1.171556,0
7042796000,7042772000,6620172,229.22914,13.510351,98601.81,1.1715527,0
7042844000,7042832000,6620172,229.20007,13.510599,98602.14,1.1715566,0
7042916000,7042892000,6620172,229.06798,13.510849,98603.69,1.171575,0
7042964000,7042952000,6620172,229.03627,13.511087,98604.086,1.1715797,0
7043036000,7043012000,6620172,228.99133,13.511337,98604.586,1.1715857,0
7043084000,7043072000,6620172,228.99927,13.511576,98604.5,1.1715846,0
7043156000,7043132000,6620172,229.06267,13.511826,98603.75,1.1715757,0
7043204000,7043192000,6620172,228.87508,13.512064,98605.98,1.171602,0
7043276000,7043252000,6620172,228.95964,13.512314,98604.97,1.1715901,0
7043324000,7043312000,6620172,228.8698,13.512552,98606.016,1.1716026,0
7043392000,7043370666,6620172,228.883,13.512802,98605.86,1.1716007,0
7043444000,7043432000,6620172,228.73767,13.513041,98607.58,1.1716211,0
7043516000,7043492000,6620172,228.6954,13.51329,98608.086,1.1716272,0
7043564000,7043552000,6620172,228.69011,13.513529,98608.14,1.1716278,0
7043636000,7043610666,6620172,228.6637,13.513769,98608.45,1.1716316,0
7043684000,7043672000,6620172,228.75618,13.514017,98607.36,1.1716185,0
7043756000,7043732000,6620172,228.52629,13.514247,98610.06,1.1716506,0
7043804000,7043792000,6620172,228.56064,13.51449,98609.66,1.1716458,0
7043876000,7043852000,6620172,228.62405,13.514735,98608.91,1.1716369,0
7043924000,7043912000,6620172,228.4523,13.514963,98610.945,1.1716613,0
7043996000,7043972000,6620172,228.48137,13.515132,98610.58,1.1716568,0
7044044000,7044032000,6620172,228.41531,13.515131,98611.37,1.1716661,0
7044116000,7044090666,6620172,228.48137,13.515132,98610.61,1.1716571,0
7044164000,7044152000,6620172,228.53157,13.515131,98610.01,1.17165,0
7044236000,7044212000,6620172,228.5395,13.515132,98609.9,1.1716487,0
7044284000,7044270000,6620172,228.53687,13.515131,98609.94,1.1716492,0
7044332000,7044320000,6620172,228.6637,13.515131,98608.45,1.1716316,0
7044404000,7044378666,6620172,228.46286,13.515132,98610.81,1.1716596,0
7044452000,7044440000,6620172,228.47609,13.515131,98610.64,1.1716576,0
7044520000,7044498666,6620172,228.43382,13.515132,98611.15,1.1716636,0
7044572000,7044558000,6620172,228.59763,13.515131,98609.234,1.1716408,0
7044620000,7044608000,6620172,228.49194,13.515131,98610.48,1.1716555,0
7044692000,7044668000,6620172,228.47609,13.515132,98610.65,1.1716577,0
7044740000,7044726000,6620172,228.49722,13.515131,98610.42,1.1716549,0
7044812000,7044786666,6620172,228.49458,13.515132,98610.43,1.171655,0
7044856000,7044846000,6620172,228.47081,13.515131,98610.73,1.1716586,0
7044908000,7044896000,6620172,228.51836,13.515131,98610.164,1.1716518,0
7044980000,7044956000,6620172,228.53421,13.515132,98609.96,1.1716495,0
7045028000,7045014000,6620172,228.51308,13.515131,98610.234,1.1716527,0
7045076000,7045064000,6620172,228.4206,13.515131,98611.3,1.1716653,0
7045148000,7045122666,6620172,228.51836,13.515132,98610.15,1.1716517,0
7045196000,7045184000,6620172,228.38889,13.515131,98611.66,1.1716696,0
7045268000,7045244000,6620172,228.51836,13.515132,98610.17,1.171652,0
7045316000,7045304000,6620172,228.43646,13.515131,98611.1,1.1716629,0
7045388000,7045364000,6620172,228.47345,13.515132,98610.67,1.1716579,0
7045436000,7045424000,6620172,228.54478,13.515131,98609.86,1.1716483,0
7045508000,7045482666,6620172,228.4074,13.515132,98611.47,1.1716673,0
7045552000,7045542000,6620172,228.52365,13.515131,98610.09,1.171651,0
7045628000,7045602666,6620172,228.52101,13.515132,98610.12,1.1716514,0
7045676000,7045664000,6620172,228.60558,13.515131,98609.125,1.1716396,0
7045744000,7045721333,6620172,228.45494,13.515132,98610.89,1.1716604,0
7045772000,7045772000,6620172,228.68219,13.515131,98608.22,1.1716287,0
7045868000,7045832000,6620172,228.45494,13.515131,98610.914,1.1716608,0
7045892000,7045892000,6620172,228.50252,13.515131,98610.35,1.1716541,0
7045988000,7045951000,6620172,228.56856,13.515131,98609.58,1.1716448,0
7046012000,7046012000,6620172,228.41267,13.515131,98611.39,1.1716664,0
7046108000,7046072000,6620172,228.48929,13.515131,98610.484,1.1716557,0
7046132000,7046132000,6620172,228.37833,13.515131,98611.79,1.1716712,0
7046228000,7046190000,6620172,228.48137,13.515131,98610.59,1.171657,0
7046248000,7046248000,6620172,228.63461,13.515131,98608.77,1.1716354,0
7046344000,7046308000,6620172,228.48137,13.515131,98610.61,1.1716571,0
7046372000,7046372000,6620172,228.47081,13.515131,98610.7,1.1716583,0
7046468000,7046432000,6620172,228.47081,13.515131,98610.7,1.1716583,0
7046492000,7046492000,6620172,228.53157,13.515131,98609.99,1.1716498,0
7046588000,7046552000,6620172,228.51572,13.515131,98610.19,1.1716522,0
7046612000,7046612000,6620172,228.49194,13.515131,98610.46,1.1716554,0
7046708000,7046672000,6620172,228.48401,13.515131,98610.55,1.1716564,0
7046732000,7046732000,6620172,228.43646,13.515131,98611.12,1.1716632,0
7046824000,7046791000,6620172,228.52101,13.515131,98610.125,1.1716514,0
7046852000,7046852000,6620172,228.48929,13.515131,98610.5,1.1716559,0
7046948000,7046912000,6620172,228.48137,13.515131,98610.59,1.171657,0
7046972000,7046972000,6620172,228.57121,13.515131,98609.52,1.1716442,0
7047064000,7047028000,6620172,228.48929,13.515131,98610.51,1.171656,0
7047092000,7047092000,6620172,228.36511,13.515131,98611.945,1.171673,0
7047188000,7047151000,6620172,228.46286,13.515131,98610.82,1.1716596,0
7047212000,7047212000,6620172,228.49722,13.515131,98610.39,1.1716546,0
7047304000,7047271000,6620172,228.55272,13.515131,98609.766,1.1716472,0
7047328000,7047328000,6620172,228.49722,13.515131,98610.414,1.1716548,0
7047404000,7047380000,6620172,228.49988,13.515132,98610.375,1.1716543,0
7047448000,7047438000,6620172,228.59763,13.515131,98609.234,1.1716408,0
7047500000,7047488000,6620172,228.50252,13.515131,98610.35,1.1716541,0
7047568000,7047545333,6620172,228.51836,13.515132,98610.16,1.1716517,0
7047596000,7047596000,6620172,228.46286,13.515131,98610.8,1.1716595,0
7047692000,7047656000,6620172,228.51044,13.515131,98610.266,1.171653,0
7047716000,7047716000,6620172,228.49194,13.515131,98610.48,1.1716555,0
7047812000,7047775000,6620172,228.45494,13.515131,98610.914,1.1716608,0
7047836000,7047836000,6620172,228.46022,13.515131,98610.836,1.1716598,0
7047932000,7047895000,6620172,228.48137,13.515131,98610.61,1.1716571,0
7047956000,7047956000,6620172,228.35454,13.515131,98612.08,1.1716746,0
7048052000,7048016000,6620172,228.4074,13.515131,98611.46,1.1716672,0
7048076000,7048076000,6620172,228.47081,13.515131,98610.71,1.1716584,0
7048172000,7048136000,6620172,228.53687,13.515131,98609.94,1.1716492,0
7048196000,7048196000,6620172,228.50252,13.515131,98610.33,1.1716537,0
7048292000,7048255000,6620172,228.52365,13.515131,98610.1,1.1716511,0
7048316000,7048316000,6620172,228.52101,13.515131,98610.12,1.1716514,0
7048412000,7048374000,6620172,228.48137,13.515131,98610.61,1.1716571,0
7048436000,7048436000,6620172,228.45758,13.515131,98610.87,1.1716603,0
7048528000,7048494000,6620172,228.49722,13.515131,98610.4,1.1716546,0
7048552000,7048552000,6620172,228.35454,13.515131,98612.09,1.1716748,0
7048652000,7048614000,6620172,228.56856,13.515131,98609.58,1.1716448,0
7048676000,7048676000,6620172,228.6029,13.515131,98609.164,1.1716399,0
7048768000,7048735000,6620172,228.49988,13.515131,98610.37,1.1716543,0
7048796000,7048796000,6620172,228.43646,13.515131,98611.1,1.1716629,0
7048888000,7048855000,6620172,228.54478,13.515131,98609.86,1.1716483,0
7048912000,7048912000,6620172,228.71654,13.515131,98607.83,1.1716242,0
7049008000,7048972000,6620172,228.44174,13.515131,98611.055,1.1716624,0
