timestamp,time_utc_usec,lat,lon,alt,alt_ellipsoid,s_variance_m_s,c_variance_rad,eph,epv,hdop,vdop,noise_per_ms,jamming_indicator,vel_m_s,vel_n_m_s,vel_e_m_s,vel_d_m_s,cog_rad,timestamp_time_relative,heading,heading_offset,fix_type,jamming_state,vel_ned_valid,satellites_used,selected
6970816000,1693023830476133,416066983,-863556188,229275,229275,0.25,0.5,1.0,1.0,0.0,0.0,0,0,0.0,-0.02,0.01,-0.03,2.772281,0,nan,nan,3,0,1,10,0
6971024000,1693023830680133,416066982,-863556188,229273,229273,0.25,0.5,1.0,1.0,0.0,0.0,0,0,0.0,0.0,-0.01,0.0,4.183554,0,nan,nan,3,0,1,10,0
6971232000,1693023830892133,416066982,-863556187,229267,229267,0.25,0.5,1.0,1.0,0.0,0.0,0,0,0.0,-0.01,-0.02,-0.02,3.9802232,0,nan,nan,3,0,1,10,0
6971440000,1693023831100133,416066982,-863556188,229275,229275,0.25,0.5,1.0,1.0,0.0,0.0,0,0,0.0,0.0,0.0,0.0,5.7688365,0,nan,nan,3,0,1,10,0
6971804000,1693023831460133,416066982,-863556188,229280,229280,0.25,0.5,1.0,1.0,0.0,0.0,0,0,0.0,-0.02,0.0,0.0,2.953097,0,nan,nan,3,0,1,10,0
6972012000,1693023831672133,416066983,-863556188,229270,229270,0.25,0.5,1.0,1.0,0.0,0.0,0,0,0.0,-0.01,0.0,-0.049999997,2.6869342,0,nan,nan,3,0,1,10,0
6972216000,1693023831876133,416066983,-863556188,229268,229268,0.25,0.5,1.0,1.0,0.0,0.0,0,0,0.0,0.0,0.0,0.02,1.6634732,0,nan,nan,3,0,1,10,0
6972428000,1693023832084133,416066982,-863556188,229259,229259,0.25,0.5,1.0,1.0,0.0,0.0,0,0,0.0,0.01,0.0,0.03,5.8367295,0,nan,nan,3,0,1,10,0
6972636000,1693023832292133,416066982,-863556187,229261,229261,0.25,0.5,1.0,1.0,0.0,0.0,0,0,0.0,0.0,0.0,-0.01,2.8424432,0,nan,nan,3,0,1,10,0
6973000000,1693023832660133,416066983,-863556187,229276,229276,0.25,0.5,1.0,1.0,0.0,0.0,0,0,0.0,-0.01,0.0,0.0,2.521128,0,nan,nan,3,0,1,10,0
6973208000,1693023832864133,416066983,-863556187,229272,229272,0.25,0.5,1.0,1.0,0.0,0.0,0,0,0.0,0.01,0.0,-0.01,5.9568086,0,nan,nan,3,0,1,10,0
6973416000,1693023833076133,416066982,-863556187,229270,229270,0.25,0.5,1.0,1.0,0.0,0.0,0,0,0.0,0.0,-0.01,0.0,5.0998516,0,nan,nan,3,0,1,10,0
6973624000,1693023833284133,416066983,-863556188,229273,229273,0.25,0.5,1.0,1.0,0.0,0.0,0,0,0.0,-0.01,0.0,0.01,2.5537655,0,nan,nan,3,0,1,10,0
6973832000,1693023833492133,416066982,-863556188,229274,229274,0.25,0.5,1.0,1.0,0.0,0.0,0,0,0.0,0.01,-0.01,0.0,5.5742326,0,nan,nan,3,0,1,10,0
6974040000,1693023833700133,416066983,-863556188,229261,229261,0.25,0.5,1.0,1.0,0.0,0.0,0,0,0.0,0.01,0.0,0.01,0.020943949,0,nan,nan,3,0,1,10,0
6974412000,1693023834064133,416066982,-863556187,229266,229266,0.25,0.5,1.0,1.0,0.0,0.0,0,0,0.0,0.0,0.0,0.0,2.9710739,0,nan,nan,3,0,1,10,0
6974616000,1693023834276133,416066982,-863556188,229263,229263,0.25,0.5,1.0,1.0,0.0,0.0,0,0,0.0,0.0,0.0,0.01,5.4618335,0,nan,nan,3,0,1,10,0
6974824000,1693023834484133,416066982,-863556188,229267,229267,0.25,0.5,1.0,1.0,0.0,0.0,0,0,0.0,0.0,0.0,0.0,0.82013017,0,nan,nan,3,0,1,10,0
6975032000,1693023834684133,416066983,-863556188,229263,229263,0.25,0.5,1.0,1.0,0.0,0.0,0,0,0.0,0.02,0.0,0.03,0.19041541,0,nan,nan,3,0,1,10,0
6975240000,1693023834896133,416066982,-863556189,229268,229268,0.25,0.5,1.0,1.0,0.0,0.0,0,0,0.0,0.0,-0.01,-0.01,4.3950877,0,nan,nan,3,0,1,10,0
6975604000,1693023835264133,416066982,-863556188,229269,229269,0.25,0.5,1.0,1.0,0.0,0.0,0,0,0.0,-0.01,0.01,0.04,2.298075,0,nan,nan,3,0,1,10,0
6975812000,1693023835472133,416066983,-863556188,229272,229272,0.25,0.5,1.0,1.0,0.0,0.0,0,0,0.0,0.02,0.0,0.049999997,6.205518,0,nan,nan,3,0,1,10,0
6976016000,1693023835680133,416066983,-863556188,229281,229281,0.25,0.5,1.0,1.0,0.0,0.0,0,0,0.0,-0.01,0.02,0.02,2.2706733,0,nan,nan,3,0,1,10,0
6976228000,1693023835888133,416066983,-863556188,229275,229275,0.25,0.5,1.0,1.0,0.0,0.0,0,0,0.0,-0.01,-0.03,-0.02,4.353549,0,nan,nan,3,0,1,10,0
6976432000,1693023836088133,416066983,-863556188,229270,229270,0.25,0.5,1.0,1.0,0.0,0.0,0,0,0.0,-0.01,0.0,0.0,2.7684412,0,nan,nan,3,0,1,10,0
6976800000,1693023836456133,416066982,-863556188,229263,229263,0.25,0.5,1.0,1.0,0.0,0.0,0,0,0.0,0.0,-0.02,-0.02,4.392819,0,nan,nan,3,0,1,10,0
6977008000,1693023836668133,416066983,-863556188,229270,229270,0.25,0.5,1.0,1.0,0.0,0.0,0,0,0.0,0.0,0.01,0.0,1.1859511,0,nan,nan,3,0,1,10,0
6977216000,1693023836876133,416066982,-863556188,229265,229265,0.25,0.5,1.0,1.0,0.0,0.0,0,0,0.01,-0.01,0.02,0.0,2.231927,0,nan,nan,3,0,1,10,0
6977424000,1693023837080133,416066982,-863556187,229277,229277,0.25,0.5,1.0,1.0,0.0,0.0,0,0,0.02,0.0,0.02,-0.16,1.2788026,0,nan,nan,3,0,1,10,0
6977632000,1693023837288133,416066982,-863556186,229362,229362,0.25,0.5,1.0,1.0,0.0,0.0,0,0,0.049999997,0.0,0.02,-0.59999996,1.3599606,0,nan,nan,3,0,1,10,0
6977840000,1693023837500133,416066983,-863556185,229537,229537,0.25,0.5,1.0,1.0,0.0,0.0,0,0,0.049999997,0.03,0.049999997,-1.01,1.0136871,0,nan,nan,3,0,1,10,0
6978200000,1693023837860133,416066983,-863556183,230038,230038,0.25,0.5,1.0,1.0,0.0,0.0,0,0,0.02,0.0,0.02,-1.62,1.378461,0,nan,nan,3,0,1,10,0
6978412000,1693023838068133,416066984,-863556182,230339,230339,0.25,0.5,1.0,1.0,0.0,0.0,0,0,0.02,0.01,0.0,-1.3299999,5.787512,0,nan,nan,3,0,1,10,0
6978620000,1693023838276133,416066984,-863556183,230593,230593,0.25,0.5,1.0,1.0,0.0,0.0,0,0,0.02,0.01,-0.02,-1.04,5.350132,0,nan,nan,3,0,1,10,0
6978828000,1693023838484133,416066984,-863556183,230802,230802,0.25,0.5,1.0,1.0,0.0,0.0,0,0,0.02,0.0,-0.02,-0.89,5.029166,0,nan,nan,3,0,1,10,0
6979036000,1693023838692133,416066985,-863556184,230956,230956,0.25,0.5,1.0,1.0,0.0,0.0,0,0,0.02,0.01,-0.03,-0.65999997,5.230926,0,nan,nan,3,0,1,10,0
6979400000,1693023839060133,416066985,-863556185,231174,231174,0.25,0.5,1.0,1.0,0.0,0.0,0,0,0.01,0.0,-0.02,-0.47,5.0183454,0,nan,nan,3,0,1,10,0
6979608000,1693023839268133,416066985,-863556185,231255,231255,0.25,0.5,1.0,1.0,0.0,0.0,0,0,0.01,0.0,0.0,-0.39,4.5293036,0,nan,nan,3,0,1,10,0
6979812000,1693023839472133,416066985,-863556185,231326,231326,0.25,0.5,1.0,1.0,0.0,0.0,0,0,0.01,0.0,-0.01,-0.31,4.3249254,0,nan,nan,3,0,1,10,0
6980024000,1693023839680133,416066986,-863556186,231384,231384,0.25,0.5,1.0,1.0,0.0,0.0,0,0,0.01,0.0,-0.02,-0.24,4.970174,0,nan,nan,3,0,1,10,0
6980232000,1693023839892133,416066985,-863556186,231434,231434,0.25,0.5,1.0,1.0,0.0,0.0,0,0,0.01,0.0,0.0,-0.24,1.1698942,0,nan,nan,3,0,1,10,0
6980440000,1693023840100133,416066985,-863556186,231472,231472,0.25,0.5,1.0,1.0,0.0,0.0,0,0,0.02,-0.04,-0.01,-0.13,3.3751175,0,nan,nan,3,0,1,10,0
6980804000,1693023840460133,416066985,-863556187,231477,231477,0.25,0.5,1.0,1.0,0.0,0.0,0,0,0.01,-0.02,-0.02,0.11,3.9301322,0,nan,nan,3,0,1,10,0
6981008000,1693023840664133,416066985,-863556188,231451,231451,0.25,0.5,1.0,1.0,0.0,0.0,0,0,0.01,0.0,0.01,0.07,1.8517942,0,nan,nan,3,0,1,10,0
6981220000,1693023840876133,416066984,-863556188,231447,231447,0.25,0.5,1.0,1.0,0.0,0.0,0,0,0.01,0.0,0.01,0.049999997,1.3655455,0,nan,nan,3,0,1,10,0
6981428000,1693023841084133,416066984,-863556187,231471,231471,0.25,0.5,1.0,1.0,0.0,0.0,0,0,0.08,0.0,0.099999994,-0.16,1.6118115,0,nan,nan,3,0,1,10,0
6981636000,1693023841296133,416066984,-863556183,231514,231514,0.25,0.5,1.0,1.0,0.0,0.0,0,0,0.22,-0.01,0.22,-0.32999998,1.6482888,0,nan,nan,3,0,1,10,0
6981996000,1693023841652133,416066984,-863556165,231658,231658,0.25,0.5,1.0,1.0,0.0,0.0,0,0,0.65,0.0,0.65,-0.5,1.5763813,0,nan,nan,3,0,1,10,0
6982208000,1693023841868133,416066985,-863556143,231779,231779,0.25,0.5,1.0,1.0,0.0,0.0,0,0,1.0,0.01,0.98999995,-0.58,1.5561355,0,nan,nan,3,0,1,10,0
6982416000,1693023842076133,416066985,-863556114,231902,231902,0.25,0.5,1.0,1.0,0.0,0.0,0,0,1.3199999,0.02,1.3399999,-0.63,1.5550883,0,nan,nan,3,0,1,10,0
6982620000,1693023842276133,416066986,-863556078,232028,232028,0.25,0.5,1.0,1.0,0.0,0.0,0,0,1.61,0.049999997,1.65,-0.68,1.5388567,0,nan,nan,3,0,1,10,0
6982832000,1693023842492133,416066987,-863556032,232195,232195,0.25,0.5,1.0,1.0,0.0,0.0,0,0,1.88,0.049999997,1.9,-0.71,1.5411257,0,nan,nan,3,0,1,10,0
6983040000,1693023842700133,416066988,-863555982,232345,232345,0.25,0.5,1.0,1.0,0.0,0.0,0,0,2.08,0.049999997,2.09,-0.76,1.5463617,0,nan,nan,3,0,1,10,0
6983404000,1693023843064133,416066989,-863555885,232616,232616,0.25,0.5,1.0,1.0,0.0,0.0,0,0,2.32,0.03,2.33,-0.75,1.5568336,0,nan,nan,3,0,1,10,0
6983612000,1693023843268133,416066989,-863555827,232776,232776,0.25,0.5,1.0,1.0,0.0,0.0,0,0,2.3999999,0.02,2.3799999,-0.74,1.5606734,0,nan,nan,3,0,1,10,0
6983816000,1693023843476133,416066989,-863555765,232919,232919,0.25,0.5,1.0,1.0,0.0,0.0,0,0,2.46,0.0,2.44,-0.71999997,1.569749,0,nan,nan,3,0,1,10,0
6984028000,1693023843688133,416066989,-863555702,233067,233067,0.25,0.5,1.0,1.0,0.0,0.0,0,0,2.5,-0.04,2.49,-0.74,1.5892968,0,nan,nan,3,0,1,10,0
6984236000,1693023843896133,416066989,-863555639,233219,233219,0.25,0.5,1.0,1.0,0.0,0.0,0,0,2.52,-0.04,2.53,-0.71999997,1.5882496,0,nan,nan,3,0,1,10,0
6984596000,1693023844256133,416066987,-863555528,233478,233478,0.25,0.5,1.0,1.0,0.0,0.0,0,0,2.55,-0.049999997,2.56,-0.7,1.594009,0,nan,nan,3,0,1,10,0
6984808000,1693023844468133,416066986,-863555463,233634,233634,0.25,0.5,1.0,1.0,0.0,0.0,0,0,2.55,-0.04,2.54,-0.71999997,1.5885986,0,nan,nan,3,0,1,10,0
6985016000,1693023844672133,416066985,-863555400,233783,233783,0.25,0.5,1.0,1.0,0.0,0.0,0,0,2.55,-0.06,2.58,-0.71999997,1.59558,0,nan,nan,3,0,1,10,0
6985224000,1693023844880133,416066984,-863555337,233927,233927,0.25,0.5,1.0,1.0,0.0,0.0,0,0,2.55,-0.049999997,2.53,-0.7,1.5908676,0,nan,nan,3,0,1,10,0
6985428000,1693023845088133,416066982,-863555273,234080,234080,0.25,0.5,1.0,1.0,0.0,0.0,0,0,2.55,-0.06,2.52,-0.7,1.5945328,0,nan,nan,3,0,1,10,0
6985640000,1693023845296133,416066981,-863555208,234237,234237,0.25,0.5,1.0,1.0,0.0,0.0,0,0,2.53,-0.049999997,2.56,-0.7,1.594009,0,nan,nan,3,0,1,10,0
6986004000,1693023845664133,416066980,-863555096,234495,234495,0.25,0.5,1.0,1.0,0.0,0.0,0,0,2.51,-0.03,2.5,-0.66999996,1.5856316,0,nan,nan,3,0,1,10,0
6986212000,1693023845868133,416066979,-863555034,234633,234633,0.25,0.5,1.0,1.0,0.0,0.0,0,0,2.5,-0.06,2.51,-0.72999996,1.5964527,0,nan,nan,3,0,1,10,0
6986420000,1693023846080133,416066978,-863554970,234782,234782,0.25,0.5,1.0,1.0,0.0,0.0,0,0,2.51,-0.02,2.5,-0.68,1.5812683,0,nan,nan,3,0,1,10,0
6986628000,1693023846288133,416066978,-863554907,234940,234940,0.25,0.5,1.0,1.0,0.0,0.0,0,0,2.5,0.0,2.49,-0.74,1.5714945,0,nan,nan,3,0,1,10,0
6986836000,1693023846496133,416066977,-863554845,235092,235092,0.25,0.5,1.0,1.0,0.0,0.0,0,0,2.49,-0.02,2.49,-0.77,1.580221,0,nan,nan,3,0,1,10,0
6987200000,1693023846860133,416066977,-863554735,235359,235359,0.25,0.5,1.0,1.0,0.0,0.0,0,0,2.49,-0.01,2.47,-0.74,1.574985,0,nan,nan,3,0,1,10,0
6987408000,1693023847064133,416066977,-863554674,235507,235507,0.25,0.5,1.0,1.0,0.0,0.0,0,0,2.49,0.0,2.5,-0.71999997,1.5688764,0,nan,nan,3,0,1,10,0
6987616000,1693023847272133,416066976,-863554611,235661,235661,0.25,0.5,1.0,1.0,0.0,0.0,0,0,2.49,-0.01,2.52,-0.75,1.5767304,0,nan,nan,3,0,1,10,0
6987824000,1693023847480133,416066976,-863554548,235815,235815,0.25,0.5,1.0,1.0,0.0,0.0,0,0,2.49,0.0,2.49,-0.71,1.5681783,0,nan,nan,3,0,1,10,0
6988036000,1693023847692133,416066977,-863554485,235963,235963,0.25,0.5,1.0,1.0,0.0,0.0,0,0,2.49,-0.02,2.49,-0.7,1.5807447,0,nan,nan,3,0,1,10,0
6988240000,1693023847896133,416066977,-863554424,236100,236100,0.25,0.5,1.0,1.0,0.0,0.0,0,0,2.47,0.0,2.47,-0.71,1.572018,0,nan,nan,3,0,1,10,0
6988604000,1693023848260133,416066976,-863554315,236354,236354,0.25,0.5,1.0,1.0,0.0,0.0,0,0,2.46,0.01,2.47,-0.71,1.5641639,0,nan,nan,3,0,1,10,0
6988812000,1693023848472133,416066976,-863554251,236503,236503,0.25,0.5,1.0,1.0,0.0,0.0,0,0,2.47,0.01,2.47,-0.71,1.5662584,0,nan,nan,3,0,1,10,0
6989016000,1693023848680133,416066977,-863554190,236656,236656,0.25,0.5,1.0,1.0,0.0,0.0,0,0,2.47,0.01,2.47,-0.71999997,1.5641639,0,nan,nan,3,0,1,10,0
6989228000,1693023848888133,416066977,-863554127,236802,236802,0.25,0.5,1.0,1.0,0.0,0.0,0,0,2.47,0.0,2.48,-0.71999997,1.5735887,0,nan,nan,3,0,1,10,0
6989436000,1693023849092133,416066977,-863554067,236936,236936,0.25,0.5,1.0,1.0,0.0,0.0,0,0,2.47,0.0,2.47,-0.71999997,1.5709708,0,nan,nan,3,0,1,10,0
6989800000,1693023849460133,416066978,-863553956,237198,237198,0.25,0.5,1.0,1.0,0.0,0.0,0,0,2.48,0.02,2.45,-0.7,1.5618951,0,nan,nan,3,0,1,10,0
6990008000,1693023849664133,416066978,-863553895,237335,237335,0.25,0.5,1.0,1.0,0.0,0.0,0,0,2.48,0.0,2.48,-0.71999997,1.5669565,0,nan,nan,3,0,1,10,0
6990216000,1693023849876133,416066978,-863553832,237476,237476,0.25,0.5,1.0,1.0,0.0,0.0,0,0,2.48,0.0,2.49,-0.65999997,1.5730652,0,nan,nan,3,0,1,10,0
6990424000,1693023850084133,416066978,-863553770,237637,237637,0.25,0.5,1.0,1.0,0.0,0.0,0,0,2.48,0.0,2.5,-0.69,1.5671312,0,nan,nan,3,0,1,10,0
6990632000,1693023850288133,416066978,-863553709,237770,237770,0.25,0.5,1.0,1.0,0.0,0.0,0,0,2.47,0.0,2.49,-0.7,1.5687019,0,nan,nan,3,0,1,10,0
6990840000,1693023850496133,416066978,-863553646,237925,237925,0.25,0.5,1.0,1.0,0.0,0.0,0,0,2.47,0.0,2.5,-0.7,1.5714945,0,nan,nan,3,0,1,10,0
6991204000,1693023850860133,416066979,-863553538,238175,238175,0.25,0.5,1.0,1.0,0.0,0.0,0,0,2.47,0.02,2.49,-0.75,1.558928,0,nan,nan,3,0,1,10,0
6991412000,1693023851068133,416066979,-863553475,238332,238332,0.25,0.5,1.0,1.0,0.0,0.0,0,0,2.49,0.0,2.47,-0.76,1.5695746,0,nan,nan,3,0,1,10,0
6991616000,1693023851276133,416066979,-863553412,238480,238480,0.25,0.5,1.0,1.0,0.0,0.0,0,0,2.49,0.0,2.49,-0.71,1.5735887,0,nan,nan,3,0,1,10,0
6991828000,1693023851488133,416066979,-863553349,238628,238628,0.25,0.5,1.0,1.0,0.0,0.0,0,0,2.49,0.01,2.48,-0.72999996,1.5631168,0,nan,nan,3,0,1,10,0
6992032000,1693023851692133,416066979,-863553288,238780,238780,0.25,0.5,1.0,1.0,0.0,0.0,0,0,2.48,0.0,2.5,-0.68,1.5702727,0,nan,nan,3,0,1,10,0
6992400000,1693023852056133,416066979,-863553179,239036,239036,0.25,0.5,1.0,1.0,0.0,0.0,0,0,2.47,-0.01,2.47,-0.71999997,1.5753341,0,nan,nan,3,0,1,10,0
6992604000,1693023852264133,416066979,-863553117,239186,239186,0.25,0.5,1.0,1.0,0.0,0.0,0,0,2.47,0.0,2.48,-0.72999996,1.5737634,0,nan,nan,3,0,1,10,0
6992812000,1693023852476133,416066979,-863553054,239337,239337,0.25,0.5,1.0,1.0,0.0,0.0,0,0,2.47,0.0,2.45,-0.71999997,1.5680038,0,nan,nan,3,0,1,10,0
6993024000,1693023852684133,416066979,-863552991,239480,239480,0.25,0.5,1.0,1.0,0.0,0.0,0,0,2.47,-0.01,2.48,-0.71999997,1.5753341,0,nan,nan,3,0,1,10,0
6993232000,1693023852888133,416066979,-863552930,239628,239628,0.25,0.5,1.0,1.0,0.0,0.0,0,0,2.47,-0.02,2.49,-0.68,1.58249,0,nan,nan,3,0,1,10,0
6993440000,1693023853100133,416066979,-863552867,239780,239780,0.25,0.5,1.0,1.0,0.0,0.0,0,0,2.48,0.0,2.47,-0.7,1.5704472,0,nan,nan,3,0,1,10,0
6993804000,1693023853460133,416066978,-863552759,240037,240037,0.25,0.5,1.0,1.0,0.0,0.0,0,0,2.48,0.0,2.5,-0.7,1.5716689,0,nan,nan,3,0,1,10,0
6994012000,1693023853668133,416066978,-863552697,240178,240178,0.25,0.5,1.0,1.0,0.0,0.0,0,0,2.48,0.0,2.5,-0.71999997,1.5683528,0,nan,nan,3,0,1,10,0
6994220000,1693023853880133,416066978,-863552634,240331,240331,0.25,0.5,1.0,1.0,0.0,0.0,0,0,2.48,0.0,2.48,-0.68,1.5716689,0,nan,nan,3,0,1,10,0
6994428000,1693023854084133,416066978,-863552573,240473,240473,0.25,0.5,1.0,1.0,0.0,0.0,0,0,2.48,-0.01,2.46,-0.77,1.574985,0,nan,nan,3,0,1,10,0
6994636000,1693023854292133,416066978,-863552510,240637,240637,0.25,0.5,1.0,1.0,0.0,0.0,0,0,2.48,0.0,2.49,-0.72999996,1.5671312,0,nan,nan,3,0,1,10,0
6994996000,1693023854652133,416066978,-863552403,240886,240886,0.25,0.5,1.0,1.0,0.0,0.0,0,0,2.46,-0.01,2.48,-0.7,1.5770795,0,nan,nan,3,0,1,10,0
6995208000,1693023854868133,416066978,-863552339,241027,241027,0.25,0.5,1.0,1.0,0.0,0.0,0,0,2.4199998,0.0,2.4099998,-0.69,1.566782,0,nan,nan,3,0,1,10,0
6995416000,1693023855076133,416066978,-863552279,241168,241168,0.25,0.5,1.0,1.0,0.0,0.0,0,0,2.33,0.0,2.34,-0.69,1.5704472,0,nan,nan,3,0,1,10,0
6995624000,1693023855280133,416066978,-863552223,241301,241301,0.25,0.5,1.0,1.0,0.0,0.0,0,0,2.1699998,0.0,2.19,-0.65,1.566782,0,nan,nan,3,0,1,10,0
6995832000,1693023855492133,416066977,-863552171,241448,241448,0.25,0.5,1.0,1.0,0.0,0.0,0,0,1.92,0.0,1.93,-0.58,1.5735887,0,nan,nan,3,0,1,10,0
6996040000,1693023855700133,416066976,-863552126,241557,241557,0.25,0.5,1.0,1.0,0.0,0.0,0,0,1.62,-0.04,1.61,-0.47,1.5964527,0,nan,nan,3,0,1,10,0
6996404000,1693023856060133,416066975,-863552068,241703,241703,0.25,0.5,1.0,1.0,0.0,0.0,0,0,1.05,-0.049999997,1.04,-0.35999998,1.6219344,0,nan,nan,3,0,1,10,0
6996612000,1693023856272133,416066974,-863552045,241770,241770,0.25,0.5,1.0,1.0,0.0,0.0,0,0,0.76,-0.04,0.76,-0.28,1.632581,0,nan,nan,3,0,1,10,0
6996820000,1693023856480133,416066973,-863552029,241820,241820,0.25,0.5,1.0,1.0,0.0,0.0,0,0,0.52,-0.08,0.53999996,-0.14,1.718102,0,nan,nan,3,0,1,10,0
6997028000,1693023856684133,416066971,-863552019,241859,241859,0.25,0.5,1.0,1.0,0.0,0.0,0,0,0.32999998,-0.08,0.29999998,-0.12,1.8348646,0,nan,nan,3,0,1,10,0
6997236000,1693023856892133,416066970,-863552014,241902,241902,0.25,0.5,1.0,1.0,0.0,0.0,0,0,0.19,-0.06,0.17,-0.11,1.9301596,0,nan,nan,3,0,1,10,0
6997596000,1693023857252133,416066969,-863552009,241943,241943,0.25,0.5,1.0,1.0,0.0,0.0,0,0,0.04,-0.03,0.01,-0.04,2.7296948,0,nan,nan,3,0,1,10,0
6997808000,1693023857464133,416066968,-863552009,241948,241948,0.25,0.5,1.0,1.0,0.0,0.0,0,0,0.03,-0.01,-0.03,-0.04,4.2992697,0,nan,nan,3,0,1,10,0
6998016000,1693023857676133,416066968,-863552010,241958,241958,0.25,0.5,1.0,1.0,0.0,0.0,0,0,0.049999997,0.0,-0.049999997,-0.03,4.54379,0,nan,nan,3,0,1,10,0
6998224000,1693023857880133,416066968,-863552012,241963,241963,0.25,0.5,1.0,1.0,0.0,0.0,0,0,0.06,0.03,-0.049999997,0.01,5.2178364,0,nan,nan,3,0,1,10,0
6998432000,1693023858088133,416066968,-863552014,241958,241958,0.25,0.5,1.0,1.0,0.0,0.0,0,0,0.08,0.0,-0.07,0.03,4.601037,0,nan,nan,3,0,1,10,0
6998636000,1693023858296133,416066967,-863552016,241947,241947,0.25,0.5,1.0,1.0,0.0,0.0,0,0,0.089999996,-0.02,-0.089999996,0.07,4.453731,0,nan,nan,3,0,1,10,0
6999004000,1693023858660133,416066967,-863552020,241925,241925,0.25,0.5,1.0,1.0,0.0,0.0,0,0,0.08,-0.01,-0.08,0.03,4.473628,0,nan,nan,3,0,1,10,0
6999212000,1693023858872133,416066966,-863552022,241920,241920,0.25,0.5,1.0,1.0,0.0,0.0,0,0,0.06,0.0,-0.07,0.0,4.632802,0,nan,nan,3,0,1,10,0
6999420000,1693023859076133,416066966,-863552023,241912,241912,0.25,0.5,1.0,1.0,0.0,0.0,0,0,0.04,0.0,-0.02,0.07,4.302411,0,nan,nan,3,0,1,10,0
6999624000,1693023859288133,416066966,-863552024,241900,241900,0.25,0.5,1.0,1.0,0.0,0.0,0,0,0.02,0.0,-0.01,0.03,4.5537386,0,nan,nan,3,0,1,10,0
6999832000,1693023859496133,416066967,-863552024,241905,241905,0.25,0.5,1.0,1.0,0.0,0.0,0,0,0.01,0.0,-0.01,0.049999997,5.158844,0,nan,nan,3,0,1,10,0
7000196000,1693023859856133,416066967,-863552023,241887,241887,0.25,0.5,1.0,1.0,0.0,0.0,0,0,0.04,0.02,0.03,0.01,0.8925614,0,nan,nan,3,0,1,10,0
7000404000,1693023860068133,416066968,-863552023,241871,241871,0.25,0.5,1.0,1.0,0.0,0.0,0,0,0.049999997,0.049999997,0.03,0.06,0.6115634,0,nan,nan,3,0,1,10,0
7000616000,1693023860272133,416066969,-863552022,241873,241873,0.25,0.5,1.0,1.0,0.0,0.0,0,0,0.06,0.03,0.03,0.03,0.8559094,0,nan,nan,3,0,1,10,0
7000824000,1693023860480133,416066970,-863552021,241871,241871,0.25,0.5,1.0,1.0,0.0,0.0,0,0,0.06,0.04,0.03,0.0,0.59707713,0,nan,nan,3,0,1,10,0
7001032000,1693023860688133,416066970,-863552019,241868,241868,0.25,0.5,1.0,1.0,0.0,0.0,0,0,0.07,0.049999997,0.04,0.04,0.7360053,0,nan,nan,3,0,1,10,0
7001240000,1693023860900133,416066972,-863552018,241856,241856,0.25,0.5,1.0,1.0,0.0,0.0,0,0,0.07,0.06,0.02,0.0,0.445408,0,nan,nan,3,0,1,10,0
7001604000,1693023861264133,416066973,-863552015,241861,241861,0.25,0.5,1.0,1.0,0.0,0.0,0,0,0.08,0.049999997,0.049999997,0.01,0.7075565,0,nan,nan,3,0,1,10,0
7001808000,1693023861464133,416066974,-863552014,241863,241863,0.25,0.5,1.0,1.0,0.0,0.0,0,0,0.07,0.06,0.06,0.0,0.78470004,0,nan,nan,3,0,1,10,0
7002020000,1693023861680133,416066975,-863552011,241858,241858,0.25,0.5,1.0,1.0,0.0,0.0,0,0,0.07,0.03,0.06,0.04,1.0929252,0,nan,nan,3,0,1,10,0
7002228000,1693023861888133,416066976,-863552010,241852,241852,0.25,0.5,1.0,1.0,0.0,0.0,0,0,0.06,0.03,0.06,0.0,1.081406,0,nan,nan,3,0,1,10,0
7002432000,1693023862092133,416066976,-863552009,241845,241845,0.25,0.5,1.0,1.0,0.0,0.0,0,0,0.049999997,0.02,0.04,0.04,1.0046115,0,nan,nan,3,0,1,10,0
7002800000,1693023862460133,416066977,-863552007,241836,241836,0.25,0.5,1.0,1.0,0.0,0.0,0,0,0.03,0.02,0.04,0.03,1.0548769,0,nan,nan,3,0,1,10,0
7003008000,1693023862668133,416066977,-863552006,241839,241839,0.25,0.5,1.0,1.0,0.0,0.0,0,0,0.02,0.0,0.01,0.04,0.87859875,0,nan,nan,3,0,1,10,0
7003212000,1693023862872133,416066977,-863552006,241830,241830,0.25,0.5,1.0,1.0,0.0,0.0,0,0,0.02,0.02,0.0,0.03,6.2023764,0,nan,nan,3,0,1,10,0
7003424000,1693023863080133,416066978,-863552006,241829,241829,0.25,0.5,1.0,1.0,0.0,0.0,0,0,0.01,0.0,0.01,-0.049999997,1.2704252,0,nan,nan,3,0,1,10,0
7003628000,1693023863288133,416066978,-863552006,241826,241826,0.25,0.5,1.0,1.0,0.0,0.0,0,0,0.01,0.0,0.01,0.0,1.2948596,0,nan,nan,3,0,1,10,0
7003840000,1693023863500133,416066978,-863552005,241831,241831,0.25,0.5,1.0,1.0,0.0,0.0,0,0,0.01,0.01,0.0,0.0,6.1962676,0,nan,nan,3,0,1,10,0
7004204000,1693023863860133,416066978,-863552005,241826,241826,0.25,0.5,1.0,1.0,0.0,0.0,0,0,0.01,0.01,0.04,0.02,1.3110912,0,nan,nan,3,0,1,10,0
7004412000,1693023864068133,416066978,-863552004,241833,241833,0.25,0.5,1.0,1.0,0.0,0.0,0,0,0.01,-0.01,0.0,-0.02,3.3852406,0,nan,nan,3,0,1,10,0
7004620000,1693023864276133,416066978,-863552004,241829,241829,0.25,0.5,1.0,1.0,0.0,0.0,0,0,0.0,0.0,0.0,0.0,0.48118725,0,nan,nan,3,0,1,10,0
7004828000,1693023864484133,416066978,-863552004,241827,241827,0.25,0.5,1.0,1.0,0.0,0.0,0,0,0.0,0.02,0.0,-0.03,5.9543653,0,nan,nan,3,0,1,10,0
7005036000,1693023864692133,416066978,-863552004,241822,241822,0.25,0.5,1.0,1.0,0.0,0.0,0,0,0.0,0.0,0.0,0.03,0.39845866,0,nan,nan,3,0,1,10,0
7005396000,1693023865056133,416066977,-863552005,241820,241820,0.25,0.5,1.0,1.0,0.0,0.0,0,0,0.01,-0.01,0.0,-0.01,3.535688,0,nan,nan,3,0,1,10,0
7005608000,1693023865264133,416066977,-863552005,241827,241827,0.25,0.5,1.0,1.0,0.0,0.0,0,0,0.02,-0.01,-0.01,0.0,3.891037,0,nan,nan,3,0,1,10,0
7005816000,1693023865472133,416066977,-863552005,241804,241804,0.25,0.5,1.0,1.0,0.0,0.0,0,0,0.02,-0.02,0.0,0.01,3.4868188,0,nan,nan,3,0,1,10,0
7006024000,1693023865684133,416066976,-863552005,241807,241807,0.25,0.5,1.0,1.0,0.0,0.0,0,0,0.02,-0.02,-0.02,0.02,3.9180894,0,nan,nan,3,0,1,10,0
7006232000,1693023865892133,416066976,-863552005,241804,241804,0.25,0.5,1.0,1.0,0.0,0.0,0,0,0.03,-0.01,-0.04,0.04,4.3249254,0,nan,nan,3,0,1,10,0
7006440000,1693023866100133,416066975,-863552006,241796,241796,0.25,0.5,1.0,1.0,0.0,0.0,0,0,0.03,-0.04,0.02,-0.03,2.6820474,0,nan,nan,3,0,1,10,0
7006804000,1693023866464133,416066974,-863552006,241784,241784,0.25,0.5,1.0,1.0,0.0,0.0,0,0,0.02,-0.03,0.0,0.0,3.2162926,0,nan,nan,3,0,1,10,0
7007012000,1693023866668133,416066974,-863552007,241784,241784,0.25,0.5,1.0,1.0,0.0,0.0,0,0,0.02,0.0,0.0,0.01,4.4169044,0,nan,nan,3,0,1,10,0
7007220000,1693023866876133,416066974,-863552007,241782,241782,0.25,0.5,1.0,1.0,0.0,0.0,0,0,0.02,0.0,0.0,0.01,2.128778,0,nan,nan,3,0,1,10,0
7007428000,1693023867088133,416066973,-863552007,241778,241778,0.25,0.5,1.0,1.0,0.0,0.0,0,0,0.01,-0.01,0.0,0.07,2.6857123,0,nan,nan,3,0,1,10,0
7007636000,1693023867296133,416066973,-863552008,241773,241773,0.25,0.5,1.0,1.0,0.0,0.0,0,0,0.01,0.0,-0.01,0.03,4.7036624,0,nan,nan,3,0,1,10,0
7008000000,1693023867660133,416066972,-863552008,241759,241759,0.25,0.5,1.0,1.0,0.0,0.0,0,0,0.02,-0.03,-0.01,0.02,3.5082862,0,nan,nan,3,0,1,10,0
7008208000,1693023867868133,416066972,-863552008,241772,241772,0.25,0.5,1.0,1.0,0.0,0.0,0,0,0.02,-0.04,-0.01,0.01,3.3979816,0,nan,nan,3,0,1,10,0
7008416000,1693023868076133,416066971,-863552008,241770,241770,0.25,0.5,1.0,1.0,0.0,0.0,0,0,0.02,-0.02,0.0,0.03,3.0105183,0,nan,nan,3,0,1,10,0
7008624000,1693023868284133,416066971,-863552007,241774,241774,0.25,0.5,1.0,1.0,0.0,0.0,0,0,0.03,0.0,0.02,0.03,1.7074555,0,nan,nan,3,0,1,10,0
7008832000,1693023868492133,416066971,-863552007,241764,241764,0.25,0.5,1.0,1.0,0.0,0.0,0,0,0.03,-0.03,0.02,0.0,2.4158847,0,nan,nan,3,0,1,10,0
7009040000,1693023868700133,416066970,-863552006,241765,241765,0.25,0.5,1.0,1.0,0.0,0.0,0,0,0.02,-0.01,0.0,-0.01,2.8770006,0,nan,nan,3,0,1,10,0
7009400000,1693023869056133,416066970,-863552005,241781,241781,0.25,0.5,1.0,1.0,0.0,0.0,0,0,0.02,-0.01,0.03,0.0,2.0751963,0,nan,nan,3,0,1,10,0
7009608000,1693023869268133,416066970,-863552004,241778,241778,0.25,0.5,1.0,1.0,0.0,0.0,0,0,0.02,-0.01,0.02,-0.04,2.0551252,0,nan,nan,3,0,1,10,0
7009820000,1693023869480133,416066969,-863552004,241782,241782,0.25,0.5,1.0,1.0,0.0,0.0,0,0,0.02,0.0,0.02,0.02,1.7217673,0,nan,nan,3,0,1,10,0
7010028000,1693023869688133,416066968,-863552004,241785,241785,0.25,0.5,1.0,1.0,0.0,0.0,0,0,0.01,0.0,0.02,0.01,1.4149384,0,nan,nan,3,0,1,10,0
7010236000,1693023869892133,416066968,-863552003,241791,241791,0.25,0.5,1.0,1.0,0.0,0.0,0,0,0.01,0.01,0.01,-0.04,0.8787733,0,nan,nan,3,0,1,10,0
7010596000,1693023870256133,416066968,-863552003,241801,241801,0.25,0.5,1.0,1.0,0.0,0.0,0,0,0.01,-0.01,0.0,0.0,3.1983159,0,nan,nan,3,0,1,10,0
7010808000,1693023870464133,416066968,-863552004,241799,241799,0.25,0.5,1.0,1.0,0.0,0.0,0,0,0.02,-0.01,-0.02,-0.049999997,4.0964622,0,nan,nan,3,0,1,10,0
7011016000,1693023870672133,416066968,-863552004,241786,241786,0.25,0.5,1.0,1.0,0.0,0.0,0,0,0.02,-0.01,0.0,0.0,2.817834,0,nan,nan,3,0,1,10,0
7011224000,1693023870880133,416066967,-863552004,241790,241790,0.25,0.5,1.0,1.0,0.0,0.0,0,0,0.02,-0.04,-0.01,0.049999997,3.4447563,0,nan,nan,3,0,1,10,0
7011432000,1693023871092133,416066967,-863552004,241789,241789,0.25,0.5,1.0,1.0,0.0,0.0,0,0,0.02,-0.03,-0.01,0.01,3.6198127,0,nan,nan,3,0,1,10,0
7011640000,1693023871296133,416066966,-863552005,241785,241785,0.25,0.5,1.0,1.0,0.0,0.0,0,0,0.02,-0.01,-0.01,0.02,3.9079666,0,nan,nan,3,0,1,10,0
7012004000,1693023871660133,416066966,-863552005,241793,241793,0.25,0.5,1.0,1.0,0.0,0.0,0,0,0.01,-0.01,-0.01,0.0,3.8393753,0,nan,nan,3,0,1,10,0
7012212000,1693023871872133,416066965,-863552005,241800,241800,0.25,0.5,1.0,1.0,0.0,0.0,0,0,0.01,-0.01,-0.01,-0.03,4.0392156,0,nan,nan,3,0,1,10,0
7012420000,1693023872080133,416066965,-863552006,241795,241795,0.25,0.5,1.0,1.0,0.0,0.0,0,0,0.01,-0.03,0.0,0.0,3.4283502,0,nan,nan,3,0,1,10,0
7012628000,1693023872288133,416066965,-863552006,241801,241801,0.25,0.5,1.0,1.0,0.0,0.0,0,0,0.0,0.0,-0.01,0.0,4.109203,0,nan,nan,3,0,1,10,0
7012836000,1693023872492133,416066965,-863552007,241799,241799,0.25,0.5,1.0,1.0,0.0,0.0,0,0,0.0,0.01,0.0,-0.049999997,6.254911,0,nan,nan,3,0,1,10,0
7013200000,1693023872856133,416066966,-863552007,241807,241807,0.25,0.5,1.0,1.0,0.0,0.0,0,0,0.0,0.03,0.01,0.0,0.3647738,0,nan,nan,3,0,1,10,0
7013408000,1693023873064133,416066965,-863552007,241805,241805,0.25,0.5,1.0,1.0,0.0,0.0,0,0,0.0,-0.01,0.02,0.02,2.2474606,0,nan,nan,3,0,1,10,0
7013616000,1693023873272133,416066965,-863552006,241784,241784,0.25,0.5,1.0,1.0,0.0,0.0,0,0,0.02,-0.01,0.0,0.07,2.9918435,0,nan,nan,3,0,1,10,0
7013824000,1693023873484133,416066964,-863552006,241759,241759,0.25,0.5,1.0,1.0,0.0,0.0,0,0,0.03,-0.02,0.0,0.049999997,3.4588933,0,nan,nan,3,0,1,10,0
7014032000,1693023873688133,416066964,-863552006,241750,241750,0.25,0.5,1.0,1.0,0.0,0.0,0,0,0.02,0.0,0.01,0.01,1.9699531,0,nan,nan,3,0,1,10,0
7014240000,1693023873896133,416066964,-863552006,241746,241746,0.25,0.5,1.0,1.0,0.0,0.0,0,0,0.03,0.03,0.0,0.0,6.0789814,0,nan,nan,3,0,1,10,0
7014604000,1693023874264133,416066969,-863552006,241748,241748,0.25,0.5,1.0,1.0,0.0,0.0,0,0,0.29,0.26999998,-0.01,0.0,6.240773,0,nan,nan,3,0,1,10,0
7014812000,1693023874472133,416066976,-863552007,241749,241749,0.25,0.5,1.0,1.0,0.0,0.0,0,0,0.53999996,0.56,-0.01,-0.049999997,6.2571793,0,nan,nan,3,0,1,10,0
7015020000,1693023874680133,416066989,-863552008,241765,241765,0.25,0.5,1.0,1.0,0.0,0.0,0,0,0.85999995,0.84999996,-0.04,-0.06,6.228905,0,nan,nan,3,0,1,10,0
7015228000,1693023874884133,416067008,-863552009,241786,241786,0.25,0.5,1.0,1.0,0.0,0.0,0,0,1.18,1.1899999,-0.04,-0.08,6.2493258,0,nan,nan,3,0,1,10,0
7015432000,1693023875088133,416067033,-863552010,241795,241795,0.25,0.5,1.0,1.0,0.0,0.0,0,0,1.5,1.5,-0.049999997,-0.089999996,6.248802,0,nan,nan,3,0,1,10,0
7015796000,1693023875456133,416067091,-863552013,241830,241830,0.25,0.5,1.0,1.0,0.0,0.0,0,0,1.9499999,1.9399999,-0.04,-0.11,6.2580523,0,nan,nan,3,0,1,10,0
7016008000,1693023875664133,416067129,-863552013,241857,241857,0.25,0.5,1.0,1.0,0.0,0.0,0,0,2.1299999,2.1599998,-0.04,-0.06,6.2643356,0,nan,nan,3,0,1,10,0
7016212000,1693023875872133,416067171,-863552015,241884,241884,0.25,0.5,1.0,1.0,0.0,0.0,0,0,2.28,2.27,-0.049999997,-0.06,6.2601466,0,nan,nan,3,0,1,10,0
7016424000,1693023876084133,416067215,-863552016,241890,241890,0.25,0.5,1.0,1.0,0.0,0.0,0,0,2.3799999,2.37,-0.04,-0.04,6.263463,0,nan,nan,3,0,1,10,0
7016632000,1693023876288133,416067260,-863552018,241897,241897,0.25,0.5,1.0,1.0,0.0,0.0,0,0,2.44,2.4299998,-0.04,-0.049999997,6.2652082,0,nan,nan,3,0,1,10,0
7016840000,1693023876500133,416067307,-863552018,241908,241908,0.25,0.5,1.0,1.0,0.0,0.0,0,0,2.49,2.48,-0.049999997,-0.04,6.2629395,0,nan,nan,3,0,1,10,0
7017204000,1693023876860133,416067390,-863552018,241921,241921,0.25,0.5,1.0,1.0,0.0,0.0,0,0,2.53,2.52,0.0,-0.02,6.2793455,0,nan,nan,3,0,1,10,0
7017412000,1693023877068133,416067437,-863552019,241936,241936,0.25,0.5,1.0,1.0,0.0,0.0,0,0,2.54,2.52,0.02,0.0,0.008726646,0,nan,nan,3,0,1,10,0
7017616000,1693023877272133,416067483,-863552018,241932,241932,0.25,0.5,1.0,1.0,0.0,0.0,0,0,2.54,2.52,0.02,0.0,0.011693705,0,nan,nan,3,0,1,10,0
7017828000,1693023877484133,416067532,-863552017,241931,241931,0.25,0.5,1.0,1.0,0.0,0.0,0,0,2.54,2.56,0.02,-0.02,0.010995574,0,nan,nan,3,0,1,10,0
7018032000,1693023877688133,416067579,-863552016,241936,241936,0.25,0.5,1.0,1.0,0.0,0.0,0,0,2.54,2.55,0.04,0.0,0.016057028,0,nan,nan,3,0,1,10,0
7018400000,1693023878060133,416067664,-863552014,241950,241950,0.25,0.5,1.0,1.0,0.0,0.0,0,0,2.53,2.53,0.04,-0.01,0.017802358,0,nan,nan,3,0,1,10,0
7018608000,1693023878268133,416067712,-863552014,241950,241950,0.25,0.5,1.0,1.0,0.0,0.0,0,0,2.52,2.49,0.04,0.0,0.01675516,0,nan,nan,3,0,1,10,0
7018816000,1693023878476133,416067759,-863552012,241954,241954,0.25,0.5,1.0,1.0,0.0,0.0,0,0,2.5,2.5,0.06,0.01,0.025656339,0,nan,nan,3,0,1,10,0
7019020000,1693023878680133,416067805,-863552011,241959,241959,0.25,0.5,1.0,1.0,0.0,0.0,0,0,2.49,2.48,0.049999997,0.02,0.021118483,0,nan,nan,3,0,1,10,0
7019232000,1693023878888133,416067852,-863552010,241960,241960,0.25,0.5,1.0,1.0,0.0,0.0,0,0,2.49,2.51,0.02,0.0,0.011170107,0,nan,nan,3,0,1,10,0
7019440000,1693023879100133,416067899,-863552008,241966,241966,0.25,0.5,1.0,1.0,0.0,0.0,0,0,2.49,2.48,0.02,-0.049999997,0.010821042,0,nan,nan,3,0,1,10,0
7019804000,1693023879460133,416067980,-863552007,241981,241981,0.25,0.5,1.0,1.0,0.0,0.0,0,0,2.49,2.49,0.049999997,-0.06,0.020420352,0,nan,nan,3,0,1,10,0
7020012000,1693023879672133,416068028,-863552006,241995,241995,0.25,0.5,1.0,1.0,0.0,0.0,0,0,2.48,2.47,0.06,-0.02,0.027227135,0,nan,nan,3,0,1,10,0
7020220000,1693023879876133,416068073,-863552004,241996,241996,0.25,0.5,1.0,1.0,0.0,0.0,0,0,2.44,2.4299998,0.07,-0.02,0.029146997,0,nan,nan,3,0,1,10,0
7020428000,1693023880084133,416068118,-863552003,242024,242024,0.25,0.5,1.0,1.0,0.0,0.0,0,0,2.35,2.35,0.06,0.0,0.028448867,0,nan,nan,3,0,1,10,0
7020632000,1693023880292133,416068161,-863552001,242019,242019,0.25,0.5,1.0,1.0,0.0,0.0,0,0,2.18,2.1699998,0.06,0.0,0.031241393,0,nan,nan,3,0,1,10,0
7021000000,1693023880660133,416068226,-863551998,242014,242014,0.25,0.5,1.0,1.0,0.0,0.0,0,0,1.7099999,1.7199999,0.04,0.02,0.026354471,0,nan,nan,3,0,1,10,0
7021208000,1693023880868133,416068255,-863551996,242010,242010,0.25,0.5,1.0,1.0,0.0,0.0,0,0,1.39,1.37,0.07,0.049999997,0.057072267,0,nan,nan,3,0,1,10,0
7021416000,1693023881076133,416068278,-863551995,241997,241997,0.25,0.5,1.0,1.0,0.0,0.0,0,0,1.06,1.06,0.07,0.04,0.06806784,0,nan,nan,3,0,1,10,0
7021624000,1693023881284133,416068295,-863551993,241982,241982,0.25,0.5,1.0,1.0,0.0,0.0,0,0,0.77,0.76,0.089999996,0.0,0.122522116,0,nan,nan,3,0,1,10,0
7021832000,1693023881496133,416068307,-863551990,241982,241982,0.25,0.5,1.0,1.0,0.0,0.0,0,0,0.52,0.52,0.08,-0.04,0.15254177,0,nan,nan,3,0,1,10,0
7022200000,1693023881856133,416068319,-863551987,241976,241976,0.25,0.5,1.0,1.0,0.0,0.0,0,0,0.21,0.19,0.04,0.02,0.2443461,0,nan,nan,3,0,1,10,0
7022408000,1693023882064133,416068321,-863551986,241981,241981,0.25,0.5,1.0,1.0,0.0,0.0,0,0,0.089999996,0.04,0.04,0.0,0.7202974,0,nan,nan,3,0,1,10,0
7022616000,1693023882276133,416068322,-863551985,241969,241969,0.25,0.5,1.0,1.0,0.0,0.0,0,0,0.02,0.01,0.03,0.02,1.1454595,0,nan,nan,3,0,1,10,0
7022824000,1693023882484133,416068321,-863551985,241963,241963,0.25,0.5,1.0,1.0,0.0,0.0,0,0,0.049999997,-0.06,0.01,0.08,2.8351128,0,nan,nan,3,0,1,10,0
7023032000,1693023882688133,416068320,-863551984,241961,241961,0.25,0.5,1.0,1.0,0.0,0.0,0,0,0.07,-0.08,0.0,0.0,3.2429962,0,nan,nan,3,0,1,10,0
7023240000,1693023882896133,416068318,-863551985,241954,241954,0.25,0.5,1.0,1.0,0.0,0.0,0,0,0.089999996,-0.089999996,-0.01,0.11,3.2775536,0,nan,nan,3,0,1,10,0
7023604000,1693023883264133,416068315,-863551984,241937,241937,0.25,0.5,1.0,1.0,0.0,0.0,0,0,0.14,-0.14999999,0.049999997,0.03,2.807013,0,nan,nan,3,0,1,10,0
7023812000,1693023883472133,416068312,-863551983,241929,241929,0.25,0.5,1.0,1.0,0.0,0.0,0,0,0.14999999,-0.12,0.04,0.04,2.7790878,0,nan,nan,3,0,1,10,0
7024020000,1693023883680133,416068309,-863551983,241900,241900,0.25,0.5,1.0,1.0,0.0,0.0,0,0,0.14999999,-0.14999999,0.03,0.08,2.8864253,0,nan,nan,3,0,1,10,0
7024224000,1693023883888133,416068306,-863551982,241868,241868,0.25,0.5,1.0,1.0,0.0,0.0,0,0,0.17,-0.14999999,-0.02,0.17,3.3262484,0,nan,nan,3,0,1,10,0
7024436000,1693023884096133,416068303,-863551985,241817,241817,0.25,0.5,1.0,1.0,0.0,0.0,0,0,0.28,-0.22999999,-0.14,0.29,3.688928,0,nan,nan,3,0,1,10,0
7024800000,1693023884456133,416068292,-863551999,241675,241675,0.25,0.5,1.0,1.0,0.0,0.0,0,0,0.66999996,-0.44,-0.51,0.42999998,4.002389,0,nan,nan,3,0,1,10,0
7025008000,1693023884668133,416068282,-863552016,241574,241574,0.25,0.5,1.0,1.0,0.0,0.0,0,0,0.97999996,-0.55,-0.82,0.45,4.1243873,0,nan,nan,3,0,1,10,0
7025216000,1693023884876133,416068271,-863552040,241482,241482,0.25,0.5,1.0,1.0,0.0,0.0,0,0,1.3,-0.66999996,-1.15,0.53,4.1846013,0,nan,nan,3,0,1,10,0
7025424000,1693023885080133,416068258,-863552071,241389,241389,0.25,0.5,1.0,1.0,0.0,0.0,0,0,1.5999999,-0.75,-1.42,0.53999996,4.2280602,0,nan,nan,3,0,1,10,0
7025632000,1693023885288133,416068243,-863552111,241264,241264,0.25,0.5,1.0,1.0,0.0,0.0,0,0,1.87,-0.83,-1.68,0.58,4.251098,0,nan,nan,3,0,1,10,0
7025840000,1693023885500133,416068226,-863552157,241138,241138,0.25,0.5,1.0,1.0,0.0,0.0,0,0,2.1,-0.87,-1.89,0.65,4.2802453,0,nan,nan,3,0,1,10,0
7026204000,1693023885860133,416068197,-863552247,240906,240906,0.25,0.5,1.0,1.0,0.0,0.0,0,0,2.3799999,-0.91999996,-2.1599998,0.66999996,4.308345,0,nan,nan,3,0,1,10,0
7026408000,1693023886068133,416068179,-863552303,240760,240760,0.25,0.5,1.0,1.0,0.0,0.0,0,0,2.5,-0.95,-2.29,0.7,4.3193407,0,nan,nan,3,0,1,10,0
7026616000,1693023886272133,416068161,-863552361,240617,240617,0.25,0.5,1.0,1.0,0.0,0.0,0,0,2.58,-0.98999995,-2.3799999,0.75,4.318119,0,nan,nan,3,0,1,10,0
7026828000,1693023886484133,416068142,-863552423,240448,240448,0.25,0.5,1.0,1.0,0.0,0.0,0,0,2.6399999,-0.98999995,-2.46,0.79999995,4.3271947,0,nan,nan,3,0,1,10,0
7027036000,1693023886692133,416068123,-863552485,240286,240286,0.25,0.5,1.0,1.0,0.0,0.0,0,0,2.6799998,-1.0,-2.49,0.83,4.329289,0,nan,nan,3,0,1,10,0
7027400000,1693023887060133,416068090,-863552596,239982,239982,0.25,0.5,1.0,1.0,0.0,0.0,0,0,2.72,-0.98999995,-2.55,0.79999995,4.3392377,0,nan,nan,3,0,1,10,0
7027608000,1693023887268133,416068072,-863552660,239821,239821,0.25,0.5,1.0,1.0,0.0,0.0,0,0,2.73,-0.96999997,-2.55,0.78999996,4.347615,0,nan,nan,3,0,1,10,0
7027816000,1693023887476133,416068053,-863552725,239658,239658,0.25,0.5,1.0,1.0,0.0,0.0,0,0,2.74,-0.96999997,-2.54,0.82,4.3479643,0,nan,nan,3,0,1,10,0
7028024000,1693023887680133,416068035,-863552787,239490,239490,0.25,0.5,1.0,1.0,0.0,0.0,0,0,2.74,-0.96999997,-2.53,0.78,4.34587,0,nan,nan,3,0,1,10,0
7028232000,1693023887892133,416068016,-863552853,239307,239307,0.25,0.5,1.0,1.0,0.0,0.0,0,0,2.74,-0.97999996,-2.56,0.84,4.3441243,0,nan,nan,3,0,1,10,0
7028440000,1693023888100133,416067998,-863552917,239134,239134,0.25,0.5,1.0,1.0,0.0,0.0,0,0,2.74,-1.0,-2.57,0.83,4.3383646,0,nan,nan,3,0,1,10,0
7028804000,1693023888460133,416067965,-863553029,238839,238839,0.25,0.5,1.0,1.0,0.0,0.0,0,0,2.73,-0.97999996,-2.55,0.83,4.3429027,0,nan,nan,3,0,1,10,0
7029012000,1693023888672133,416067947,-863553094,238666,238666,0.25,0.5,1.0,1.0,0.0,0.0,0,0,2.73,-0.97999996,-2.54,0.81,4.3436007,0,nan,nan,3,0,1,10,0
7029220000,1693023888876133,416067929,-863553157,238502,238502,0.25,0.5,1.0,1.0,0.0,0.0,0,0,2.72,-0.98999995,-2.53,0.82,4.338714,0,nan,nan,3,0,1,10,0
7029428000,1693023889084133,416067910,-863553221,238315,238315,0.25,0.5,1.0,1.0,0.0,0.0,0,0,2.72,-0.96,-2.53,0.79999995,4.347091,0,nan,nan,3,0,1,10,0
7029636000,1693023889296133,416067892,-863553285,238151,238151,0.25,0.5,1.0,1.0,0.0,0.0,0,0,2.72,-0.98999995,-2.53,0.78999996,4.3395867,0,nan,nan,3,0,1,10,0
7030000000,1693023889660133,416067859,-863553397,237873,237873,0.25,0.5,1.0,1.0,0.0,0.0,0,0,2.71,-0.98999995,-2.53,0.81,4.3395867,0,nan,nan,3,0,1,10,0
7030208000,1693023889868133,416067841,-863553460,237710,237710,0.25,0.5,1.0,1.0,0.0,0.0,0,0,2.7,-0.98999995,-2.53,0.77,4.3392377,0,nan,nan,3,0,1,10,0
7030416000,1693023890076133,416067823,-863553524,237562,237562,0.25,0.5,1.0,1.0,0.0,0.0,0,0,2.7,-0.96999997,-2.52,0.76,4.344648,0,nan,nan,3,0,1,10,0
7030624000,1693023890284133,416067804,-863553586,237400,237400,0.25,0.5,1.0,1.0,0.0,0.0,0,0,2.69,-0.97999996,-2.49,0.78999996,4.337492,0,nan,nan,3,0,1,10,0
7030832000,1693023890492133,416067785,-863553649,237244,237244,0.25,0.5,1.0,1.0,0.0,0.0,0,0,2.69,-1.0,-2.5,0.78,4.3301616,0,nan,nan,3,0,1,10,0
7031040000,1693023890700133,416067766,-863553712,237093,237093,0.25,0.5,1.0,1.0,0.0,0.0,0,0,2.69,-0.98999995,-2.51,0.76,4.3355722,0,nan,nan,3,0,1,10,0
7031404000,1693023891064133,416067733,-863553822,236828,236828,0.25,0.5,1.0,1.0,0.0,0.0,0,0,2.7,-1.02,-2.47,0.72999996,4.321086,0,nan,nan,3,0,1,10,0
7031612000,1693023891268133,416067714,-863553883,236677,236677,0.25,0.5,1.0,1.0,0.0,0.0,0,0,2.7,-1.05,-2.51,0.71,4.314803,0,nan,nan,3,0,1,10,0
7031820000,1693023891476133,416067694,-863553946,236537,236537,0.25,0.5,1.0,1.0,0.0,0.0,0,0,2.7,-1.03,-2.48,0.76,4.31777,0,nan,nan,3,0,1,10,0
7032028000,1693023891688133,416067675,-863554010,236386,236386,0.25,0.5,1.0,1.0,0.0,0.0,0,0,2.69,-1.02,-2.49,0.74,4.3238783,0,nan,nan,3,0,1,10,0
7032236000,1693023891896133,416067655,-863554072,236228,236228,0.25,0.5,1.0,1.0,0.0,0.0,0,0,2.69,-1.02,-2.49,0.7,4.3235297,0,nan,nan,3,0,1,10,0
7032604000,1693023892256133,416067621,-863554180,235965,235965,0.25,0.5,1.0,1.0,0.0,0.0,0,0,2.7,-1.03,-2.5,0.76,4.3193407,0,nan,nan,3,0,1,10,0
7032808000,1693023892468133,416067601,-863554244,235811,235811,0.25,0.5,1.0,1.0,0.0,0.0,0,0,2.7,-1.03,-2.48,0.74,4.317072,0,nan,nan,3,0,1,10,0
7033016000,1693023892672133,416067582,-863554305,235665,235665,0.25,0.5,1.0,1.0,0.0,0.0,0,0,2.7,-1.04,-2.46,0.7,4.312883,0,nan,nan,3,0,1,10,0
7033220000,1693023892880133,416067562,-863554368,235500,235500,0.25,0.5,1.0,1.0,0.0,0.0,0,0,2.7,-1.05,-2.48,0.71999997,4.3116612,0,nan,nan,3,0,1,10,0
7033428000,1693023893088133,416067542,-863554431,235348,235348,0.25,0.5,1.0,1.0,0.0,0.0,0,0,2.7,-1.04,-2.49,0.72999996,4.3168974,0,nan,nan,3,0,1,10,0
7033636000,1693023893296133,416067523,-863554493,235199,235199,0.25,0.5,1.0,1.0,0.0,0.0,0,0,2.71,-1.04,-2.48,0.71999997,4.314977,0,nan,nan,3,0,1,10,0
7034004000,1693023893664133,416067487,-863554604,234930,234930,0.25,0.5,1.0,1.0,0.0,0.0,0,0,2.71,-1.04,-2.48,0.74,4.313581,0,nan,nan,3,0,1,10,0
7034212000,1693023893868133,416067468,-863554665,234771,234771,0.25,0.5,1.0,1.0,0.0,0.0,0,0,2.71,-1.0699999,-2.5,0.77,4.308171,0,nan,nan,3,0,1,10,0
7034420000,1693023894080133,416067447,-863554729,234608,234608,0.25,0.5,1.0,1.0,0.0,0.0,0,0,2.72,-1.05,-2.5,0.74,4.3127084,0,nan,nan,3,0,1,10,0
7034628000,1693023894288133,416067427,-863554793,234459,234459,0.25,0.5,1.0,1.0,0.0,0.0,0,0,2.74,-1.0799999,-2.51,0.77,4.305029,0,nan,nan,3,0,1,10,0
7034836000,1693023894496133,416067407,-863554856,234301,234301,0.25,0.5,1.0,1.0,0.0,0.0,0,0,2.74,-1.09,-2.55,0.75,4.3072977,0,nan,nan,3,0,1,10,0
7035200000,1693023894860133,416067372,-863554967,234014,234014,0.25,0.5,1.0,1.0,0.0,0.0,0,0,2.73,-1.04,-2.52,0.77,4.319515,0,nan,nan,3,0,1,10,0
7035408000,1693023895064133,416067353,-863555029,233878,233878,0.25,0.5,1.0,1.0,0.0,0.0,0,0,2.72,-1.03,-2.51,0.71999997,4.3209114,0,nan,nan,3,0,1,10,0
7035616000,1693023895272133,416067334,-863555093,233728,233728,0.25,0.5,1.0,1.0,0.0,0.0,0,0,2.71,-1.01,-2.51,0.74,4.330685,0,nan,nan,3,0,1,10,0
7035824000,1693023895480133,416067314,-863555155,233574,233574,0.25,0.5,1.0,1.0,0.0,0.0,0,0,2.71,-1.02,-2.51,0.75,4.326671,0,nan,nan,3,0,1,10,0
7036032000,1693023895692133,416067295,-863555219,233422,233422,0.25,0.5,1.0,1.0,0.0,0.0,0,0,2.7,-1.03,-2.5,0.71999997,4.320388,0,nan,nan,3,0,1,10,0
7036240000,1693023895896133,416067276,-863555281,233273,233273,0.25,0.5,1.0,1.0,0.0,0.0,0,0,2.7,-1.03,-2.51,0.71,4.321086,0,nan,nan,3,0,1,10,0
7036604000,1693023896260133,416067242,-863555391,233005,233005,0.25,0.5,1.0,1.0,0.0,0.0,0,0,2.7,-1.04,-2.52,0.72999996,4.3209114,0,nan,nan,3,0,1,10,0
7036812000,1693023896472133,416067223,-863555455,232865,232865,0.25,0.5,1.0,1.0,0.0,0.0,0,0,2.7,-1.02,-2.5,0.71999997,4.3251004,0,nan,nan,3,0,1,10,0
7037020000,1693023896680133,416067203,-863555518,232701,232701,0.25,0.5,1.0,1.0,0.0,0.0,0,0,2.7,-1.02,-2.51,0.72999996,4.3251004,0,nan,nan,3,0,1,10,0
7037228000,1693023896888133,416067184,-863555581,232565,232565,0.25,0.5,1.0,1.0,0.0,0.0,0,0,2.69,-1.01,-2.5,0.69,4.32702,0,nan,nan,3,0,1,10,0
7037436000,1693023897092133,416067165,-863555643,232413,232413,0.25,0.5,1.0,1.0,0.0,0.0,0,0,2.6799998,-1.0,-2.47,0.69,4.326322,0,nan,nan,3,0,1,10,0
7037800000,1693023897460133,416067131,-863555753,232150,232150,0.25,0.5,1.0,1.0,0.0,0.0,0,0,2.6699998,-0.98999995,-2.46,0.7,4.327893,0,nan,nan,3,0,1,10,0
7038008000,1693023897664133,416067113,-863555813,232000,232000,0.25,0.5,1.0,1.0,0.0,0.0,0,0,2.6599998,-1.02,-2.45,0.68,4.3165483,0,nan,nan,3,0,1,10,0
7038216000,1693023897876133,416067093,-863555876,231849,231849,0.25,0.5,1.0,1.0,0.0,0.0,0,0,2.61,-0.98999995,-2.4099998,0.71,4.3202133,0,nan,nan,3,0,1,10,0
7038424000,1693023898084133,416067075,-863555935,231689,231689,0.25,0.5,1.0,1.0,0.0,0.0,0,0,2.5,-1.0,-2.3,0.78,4.3008404,0,nan,nan,3,0,1,10,0
7038632000,1693023898288133,416067056,-863555989,231530,231530,0.25,0.5,1.0,1.0,0.0,0.0,0,0,2.31,-0.96999997,-2.1,0.82,4.276755,0,nan,nan,3,0,1,10,0
7038840000,1693023898496133,416067039,-863556039,231371,231371,0.25,0.5,1.0,1.0,0.0,0.0,0,0,2.04,-0.89,-1.8399999,0.75,4.2596507,0,nan,nan,3,0,1,10,0
7039204000,1693023898860133,416067012,-863556108,231132,231132,0.25,0.5,1.0,1.0,0.0,0.0,0,0,1.4599999,-0.7,-1.27,0.5,4.207814,0,nan,nan,3,0,1,10,0
7039412000,1693023899068133,416067001,-863556136,231036,231036,0.25,0.5,1.0,1.0,0.0,0.0,0,0,1.11,-0.53,-0.98999995,0.35,4.2170644,0,nan,nan,3,0,1,10,0
7039620000,1693023899276133,416066992,-863556156,230970,230970,0.25,0.5,1.0,1.0,0.0,0.0,0,0,0.78999996,-0.39999998,-0.69,0.22,4.1866956,0,nan,nan,3,0,1,10,0
7039828000,1693023899488133,416066985,-863556171,230935,230935,0.25,0.5,1.0,1.0,0.0,0.0,0,0,0.51,-0.26999998,-0.45,0.17999999,4.1695914,0,nan,nan,3,0,1,10,0
7040032000,1693023899692133,416066982,-863556180,230925,230925,0.25,0.5,1.0,1.0,0.0,0.0,0,0,0.29,-0.14999999,-0.22999999,0.049999997,4.123689,0,nan,nan,3,0,1,10,0
7040400000,1693023900056133,416066979,-863556185,230909,230909,0.25,0.5,1.0,1.0,0.0,0.0,0,0,0.01,-0.01,0.0,-0.02,3.2709212,0,nan,nan,3,0,1,10,0
7040608000,1693023900268133,416066979,-863556184,230925,230925,0.25,0.5,1.0,1.0,0.0,0.0,0,0,0.07,0.03,0.07,-0.02,1.0751228,0,nan,nan,3,0,1,10,0
7040812000,1693023900476133,416066980,-863556181,230934,230934,0.25,0.5,1.0,1.0,0.0,0.0,0,0,0.12,0.04,0.099999994,-0.04,1.1664035,0,nan,nan,3,0,1,10,0
7041020000,1693023900676133,416066981,-863556178,230946,230946,0.25,0.5,1.0,1.0,0.0,0.0,0,0,0.14,0.049999997,0.13,-0.049999997,1.2239994,0,nan,nan,3,0,1,10,0
7041232000,1693023900888133,416066983,-863556175,230948,230948,0.25,0.5,1.0,1.0,0.0,0.0,0,0,0.14999999,0.099999994,0.13,0.01,0.9313077,0,nan,nan,3,0,1,10,0
7041440000,1693023901100133,416066984,-863556171,230913,230913,0.25,0.5,1.0,1.0,0.0,0.0,0,0,0.14999999,0.06,0.13,0.39,1.1140436,0,nan,nan,3,0,1,10,0
7041804000,1693023901460133,416066987,-863556166,230690,230690,0.25,0.5,1.0,1.0,0.0,0.0,0,0,0.099999994,0.049999997,0.089999996,0.81,1.0370746,0,nan,nan,3,0,1,10,0
7042012000,1693023901668133,416066987,-863556165,230536,230536,0.25,0.5,1.0,1.0,0.0,0.0,0,0,0.06,0.03,0.06,0.65,1.0229374,0,nan,nan,3,0,1,10,0
7042220000,1693023901880133,416066988,-863556163,230413,230413,0.25,0.5,1.0,1.0,0.0,0.0,0,0,0.04,0.0,0.049999997,0.59999996,1.4179054,0,nan,nan,3,0,1,10,0
7042424000,1693023902080133,416066988,-863556162,230283,230283,0.25,0.5,1.0,1.0,0.0,0.0,0,0,0.02,0.0,0.03,0.53999996,1.4116223,0,nan,nan,3,0,1,10,0
7042636000,1693023902292133,416066988,-863556162,230167,230167,0.25,0.5,1.0,1.0,0.0,0.0,0,0,0.0,0.0,0.0,0.63,2.2282617,0,nan,nan,3,0,1,10,0
7043000000,1693023902660133,416066987,-863556162,229930,229930,0.25,0.5,1.0,1.0,0.0,0.0,0,0,0.03,0.0,-0.03,0.62,4.8755774,0,nan,nan,3,0,1,10,0
7043208000,1693023902868133,416066987,-863556164,229793,229793,0.25,0.5,1.0,1.0,0.0,0.0,0,0,0.049999997,-0.02,-0.04,0.65999997,4.2844343,0,nan,nan,3,0,1,10,0
7043416000,1693023903076133,416066988,-863556165,229674,229674,0.25,0.5,1.0,1.0,0.0,0.0,0,0,0.049999997,0.0,-0.01,0.64,4.237659,0,nan,nan,3,0,1,10,0
7043624000,1693023903280133,416066987,-863556166,229543,229543,0.25,0.5,1.0,1.0,0.0,0.0,0,0,0.06,-0.02,-0.07,0.62,4.3736205,0,nan,nan,3,0,1,10,0
7043832000,1693023903492133,416066987,-863556169,229416,229416,0.25,0.5,1.0,1.0,0.0,0.0,0,0,0.06,-0.02,-0.049999997,0.61,4.3624506,0,nan,nan,3,0,1,10,0
7044040000,1693023903700133,416066986,-863556170,229297,229297,0.25,0.5,1.0,1.0,0.0,0.0,0,0,0.06,-0.03,-0.06,0.65999997,4.2387066,0,nan,nan,3,0,1,10,0
7044400000,1693023904060133,416066987,-863556170,229270,229270,0.25,0.5,1.0,1.0,0.0,0.0,0,0,0.0,0.0,-0.01,0.03,4.923748,0,nan,nan,3,0,1,10,0
7044612000,1693023904272133,416066986,-863556170,229271,229271,0.25,0.5,1.0,1.0,0.0,0.0,0,0,0.0,0.0,0.0,-0.01,5.7292175,0,nan,nan,3,0,1,10,0
7044820000,1693023904480133,416066986,-863556170,229266,229266,0.25,0.5,1.0,1.0,0.0,0.0,0,0,0.0,0.0,0.0,-0.02,2.0961404,0,nan,nan,3,0,1,10,0
7045028000,1693023904684133,416066986,-863556170,229270,229270,0.25,0.5,1.0,1.0,0.0,0.0,0,0,0.0,-0.01,-0.01,-0.01,4.040961,0,nan,nan,3,0,1,10,0
7045236000,1693023904892133,416066986,-863556170,229272,229272,0.25,0.5,1.0,1.0,0.0,0.0,0,0,0.0,-0.01,-0.01,-0.01,3.9262924,0,nan,nan,3,0,1,10,0
7045596000,1693023905256133,416066987,-863556170,229268,229268,0.25,0.5,1.0,1.0,0.0,0.0,0,0,0.0,-0.02,0.01,0.02,2.6204374,0,nan,nan,3,0,1,10,0
7045808000,1693023905464133,416066987,-863556171,229269,229269,0.25,0.5,1.0,1.0,0.0,0.0,0,0,0.0,0.0,0.0,0.0,1.0592403,0,nan,nan,3,0,1,10,0
7046012000,1693023905676133,416066987,-863556170,229273,229273,0.25,0.5,1.0,1.0,0.0,0.0,0,0,0.0,0.0,0.0,0.01,3.5746088,0,nan,nan,3,0,1,10,0
7046220000,1693023905876133,416066986,-863556170,229275,229275,0.25,0.5,1.0,1.0,0.0,0.0,0,0,0.0,-0.01,0.0,-0.02,2.6731462,0,nan,nan,3,0,1,10,0
7046432000,1693023906088133,416066986,-863556170,229276,229276,0.25,0.5,1.0,1.0,0.0,0.0,0,0,0.0,0.0,0.0,0.0,3.2300806,0,nan,nan,3,0,1,10,0
7046640000,1693023906296133,416066986,-863556170,229272,229272,0.25,0.5,1.0,1.0,0.0,0.0,0,0,0.0,0.01,-0.01,0.0,5.4489174,0,nan,nan,3,0,1,10,0
7047004000,1693023906664133,416066986,-863556171,229272,229272,0.25,0.5,1.0,1.0,0.0,0.0,0,0,0.0,-0.01,-0.01,-0.01,4.052829,0,nan,nan,3,0,1,10,0
7047212000,1693023906872133,416066986,-863556170,229263,229263,0.25,0.5,1.0,1.0,0.0,0.0,0,0,0.0,0.0,-0.01,0.01,4.9167666,0,nan,nan,3,0,1,10,0
7047420000,1693023907076133,416066986,-863556170,229270,229270,0.25,0.5,1.0,1.0,0.0,0.0,0,0,0.0,0.01,0.0,0.02,5.8346353,0,nan,nan,3,0,1,10,0
7047628000,1693023907288133,416066986,-863556170,229268,229268,0.25,0.5,1.0,1.0,0.0,0.0,0,0,0.0,0.0,0.0,0.01,2.0273743,0,nan,nan,3,0,1,10,0
7047836000,1693023907496133,416066986,-863556170,229268,229268,0.25,0.5,1.0,1.0,0.0,0.0,0,0,0.0,-0.01,0.01,-0.01,2.2090633,0,nan,nan,3,0,1,10,0
7048200000,1693023907856133,416066986,-863556170,229269,229269,0.25,0.5,1.0,1.0,0.0,0.0,0,0,0.0,0.0,0.0,-0.02,3.8688712,0,nan,nan,3,0,1,10,0
7048408000,1693023908068133,416066986,-863556170,229264,229264,0.25,0.5,1.0,1.0,0.0,0.0,0,0,0.0,-0.01,0.01,0.06,2.4116957,0,nan,nan,3,0,1,10,0
7048612000,1693023908268133,416066987,-863556170,229269,229269,0.25,0.5,1.0,1.0,0.0,0.0,0,0,0.0,0.0,0.0,0.01,4.275184,0,nan,nan,3,0,1,10,0
7048824000,1693023908480133,416066986,-863556170,229268,229268,0.25,0.5,1.0,1.0,0.0,0.0,0,0,0.0,0.0,-0.02,0.01,4.94731,0,nan,nan,3,0,1,10,0
